Protein,True_Subfamily,Predicted_Subfamily,Confidence,Index,is_negative_control
AFH41240,1.A.102.1,1.A.102.1,0.87,3,False
WP_189658242,1.A.104.1,1.A.104.1,0.92,7,False
XP_022087427,1.A.105.1,1.A.105.1,0.68,10,False
C4LY15,1.A.106.1,1.A.106.1,0.68,19,False
Q54TU8,1.A.106.1,1.A.106.1,0.92,20,False
Q8ID84,1.A.106.1,1.A.106.1,0.99,21,False
D3RXV6,1.A.106.2,1.A.106.2,0.83,26,False
Q8WWM9,1.A.107.1,1.A.107.1,0.51,31,False
Q92915,1.A.108.1,1.A.108.1,0.64,34,False
P01584,1.A.109.1,1.A.109.1,0.57,36,False
A9JTM7,1.A.110.1,1.A.110.1,1.0,45,False
R4GK65,1.A.110.1,1.A.110.1,1.0,46,False
Q4U8M1,1.A.111.1,1.A.111.1,1.0,54,False
Q8IDG4,1.A.111.1,1.A.111.1,0.94,55,False
XP_007903208,1.A.114.1,1.A.114.1,0.97,60,False
H3CYV8,1.A.114.1,1.A.114.1,0.97,61,False
WP_062382148,1.A.115.1,8.A.98.1,0.11,66,False
Q91DM1,1.A.116.1,1.A.116.1,0.9,72,False
AGA19094,1.A.116.1,1.A.116.1,0.94,73,False
QII89021,1.A.117.1,1.A.117.1,0.31,79,False
Q9J3N8,1.A.117.1,1.A.117.1,0.31,80,False
PRW60447,1.A.119.1,1.A.119.1,0.98,89,False
RYG54403,1.A.119.1,1.A.119.1,0.97,90,False
XP_005851849,1.A.119.1,1.A.119.1,1.0,91,False
Q9Y696,1.A.12.1,1.A.12.1,0.9,97,False
O95833,1.A.12.1,1.A.12.1,0.86,98,False
Q8F2Y8,1.A.12.2,1.A.12.1,0.57,100,False
B7LBF5,1.A.12.3,1.A.12.1,0.67,102,False
KAF2073363,1.A.121.1,1.A.121.1,1.0,111,False
KNE65670,1.A.121.1,1.A.121.1,1.0,112,False
XP_005847969,1.A.126.1,1.A.126.1,1.0,121,False
OLP87777,1.A.126.1,1.A.126.1,0.33,122,False
CAD7625038,1.A.126.1,1.A.126.1,1.0,123,False
Q3LZX6,1.A.127.1,1.A.127.1,0.77,126,False
YP_009725255,1.A.128.1,1.A.128.1,0.64,127,False
P30405,1.A.129.1,1.A.129.1,0.71,128,False
XP_040533254,1.A.13.1,1.A.13.1,0.81,137,False
Q9UQC9,1.A.13.1,1.A.13.1,0.99,138,False
VIP05124,1.A.13.2,8.A.104.1,0.11,142,False
A9WIT9,1.A.13.3,1.A.13.3,0.6,143,False
B3QY78,1.A.13.4,8.A.104.1,0.06,146,False
KAI2464759,1.A.131.1,1.A.131.1,0.99,154,False
KKY14299,1.A.131.1,1.A.131.1,0.97,155,False
RCL04097,1.A.132.1,1.A.132.1,0.73,158,False
P31845,1.A.134.1,1.A.134.1,0.98,163,False
Q03105,1.A.137.1,1.A.137.1,0.7,165,False
XP_001687221,1.A.138.1,1.A.138.1,0.77,170,False
KAJ9467172,1.A.138.2,1.A.138.2,0.67,171,False
XP_025967337,1.A.139.1,1.A.139.1,0.85,176,False
CAC5415462,1.A.140.1,1.A.140.1,0.81,181,False
KNC21563,1.A.140.1,1.A.140.1,0.95,182,False
WP_159458826,1.A.141.1,1.A.141.1,0.94,191,False
WP_342171699,1.A.141.1,1.A.141.1,0.94,192,False
WP_248910494,1.A.141.2,1.A.141.1,0.68,196,False
NP_044070,1.A.143.1,1.A.143.1,0.83,199,False
YP_009448007,1.A.144.1,1.A.144.1,0.62,203,False
YP_784320,1.A.145.1,1.A.145.1,0.81,206,False
VVB63523,1.A.147.1,1.A.147.1,0.92,215,False
NVM01300,1.A.147.1,1.A.147.1,0.87,216,False
BBF24341,1.A.149.1,1.A.149.1,0.63,218,False
E1Z497,1.A.15.1,8.A.104.1,0.06,223,False
Q99442,1.A.15.1,1.A.15.1,0.88,224,False
M1V6H9,1.A.18.1,1.A.18.1,0.45,226,False
M9YRP5,1.A.19.1,1.A.19.1,0.93,230,False
YP_009165879,1.A.19.2,1.A.19.2,0.64,231,False
XP_011598515,1.A.20.1,1.A.20.1,0.59,234,False
E5S402,1.A.20.2,1.A.20.2,0.41,236,False
XP_028455685,1.A.21.1,1.A.21.1,0.99,247,False
P41958,1.A.21.1,1.A.21.1,0.94,248,False
QSG71260,1.A.21.1,1.A.21.1,0.97,249,False
XP_032502729,1.A.21.2,1.A.21.2,0.68,254,False
R7QNM6,1.A.22.1,1.A.22.1,0.99,266,False
AUF82136,1.A.22.1,1.A.22.1,0.56,267,False
YP_003969926,1.A.22.1,1.A.22.1,0.56,268,False
A2C579,1.A.26.1,1.A.26.1,0.92,274,False
Q8EAE0,1.A.26.1,1.A.26.1,0.98,275,False
O44196,1.A.26.2,1.A.26.2,0.57,279,False
L9YYI5,1.A.26.3,1.A.26.3,0.65,280,False
Q93PJ3,1.A.29.1,1.A.29.1,0.88,285,False
Q814I5,1.A.29.1,1.A.29.1,0.88,286,False
A4JYY8,1.A.32.1,1.A.32.1,0.17,289,False
P11021,1.A.33.1,1.A.33.1,0.65,294,False
P36016,1.A.33.1,8.A.194.1,0.21,295,False
Q5YNG4,1.A.33.2,8.A.104.1,0.15,298,False
Q91892,1.A.36.1,1.A.36.1,0.63,303,False
J0DPD5,1.A.36.2,1.A.36.1,0.59,305,False
XP_027868562,1.A.37.1,1.A.37.8,0.71,307,False
Q96PG2,1.A.37.2,1.A.37.2,0.71,308,False
XP_018964003,1.A.37.3,1.A.37.8,0.33,311,False
XP_031566461,1.A.37.4,1.A.37.3,0.3,313,False
E1BKV5,1.A.37.5,1.A.37.5,0.66,314,False
J9P7D8,1.A.37.6,1.A.37.6,0.59,315,False
A6NML5,1.A.37.7,1.A.37.7,0.6,316,False
C3ZEE2,1.A.37.8,1.A.37.6,0.28,320,False
A2XX57,1.A.38.1,1.A.38.1,0.74,323,False
E9AL43,1.A.38.2,1.A.38.2,0.62,324,False
Q7RQA4,1.A.38.3,1.A.38.3,0.64,325,False
I6T2J8,1.A.39.1,1.A.39.1,0.36,328,False
AJP61612,1.A.40.1,1.A.40.2,0.72,330,False
Q6Y8U3,1.A.40.2,1.A.40.2,0.72,334,False
Q69C27,1.A.41.1,1.A.41.1,0.86,338,False
PIN02799,1.A.41.2,1.A.41.2,0.97,343,False
R0EUA4,1.A.41.2,1.A.41.2,0.85,344,False
ADO34202,1.A.42.1,1.A.42.1,0.91,349,False
Q7Y5E2,1.A.44.1,1.A.44.1,0.67,350,False
Q8NFU0,1.A.46.1,1.A.46.1,0.89,357,False
Q8N1M1,1.A.46.1,1.A.46.1,1.0,358,False
M2Y919,1.A.46.2,1.A.46.2,1.0,368,False
D8UGV3,1.A.46.2,1.A.46.2,1.0,369,False
GAQ79686,1.A.46.2,1.A.46.2,1.0,370,False
P54105,1.A.47.1,1.A.47.1,0.65,371,False
O13777,1.A.47.2,1.A.47.2,0.63,372,False
Q8IDZ0,1.A.47.3,1.A.47.3,0.67,373,False
Q9LVA7,1.A.47.4,1.A.47.4,0.56,374,False
Q9W5A5,1.A.48.1,1.A.48.1,0.64,379,False
KRX54150,1.A.48.1,1.A.48.1,0.63,380,False
KAF1786581,1.A.48.2,1.A.48.1,0.65,382,False
YP_009113027,1.A.49.1,1.A.49.1,0.71,385,False
Q93533,1.A.55.1,1.A.55.4,0.39,388,False
F2UA94,1.A.55.2,1.A.55.3,0.46,390,False
Q5DFV8,1.A.55.3,1.A.55.3,0.61,391,False
D8LWX8,1.A.55.4,1.A.55.4,0.4,394,False
D8LKG3,1.A.55.5,1.A.55.5,0.62,395,False
Q54CR4,1.A.55.6,1.A.55.6,0.37,397,False
P0DTC3,1.A.57.1,1.A.57.1,0.82,402,False
AVM87627,1.A.58.1,1.A.58.1,0.95,406,False
R9RZY4,1.A.59.1,1.A.59.1,0.64,409,False
P12870,1.A.61.1,1.A.61.1,0.43,411,False
ATP66790,1.A.65.1,1.A.65.1,0.99,419,False
H9AA36,1.A.65.1,1.A.65.1,1.0,420,False
P81861,1.A.66.1,1.A.66.1,0.71,421,False
G4TKM5,1.A.67.1,1.A.67.1,0.62,430,False
KAI8073366,1.A.67.1,1.A.67.1,0.89,431,False
S9VKR5,1.A.67.2,1.A.67.2,0.47,434,False
XP_034420108,1.A.67.3,1.A.67.3,0.69,437,False
O36632,1.A.68.1,1.A.68.1,0.68,440,False
P80723,1.A.71.1,1.A.71.1,0.54,441,False
P17677,1.A.71.2,1.A.71.2,0.64,442,False
Q03709,1.A.73.1,1.A.73.1,0.85,445,False
Q9BVC6,1.A.74.1,1.A.74.1,0.38,447,False
Q8WY22,1.A.74.2,1.A.74.2,0.32,449,False
H3D9P2,1.A.74.3,1.A.74.3,0.65,450,False
P38224,1.A.81.1,1.A.81.1,0.64,451,False
Q59WR6,1.A.81.2,1.A.81.2,0.61,452,False
I3VPY1,1.A.81.3,1.A.81.3,0.64,453,False
TGO16390,1.A.81.4,1.A.81.1,0.43,455,False
Q7Z7J7,1.A.82.1,1.A.82.1,0.98,462,False
CAF0733683,1.A.82.1,1.A.82.1,0.6,463,False
CRH77963,1.A.86.1,1.A.86.1,0.63,467,False
I2K324,1.A.88.1,1.A.88.1,0.96,475,False
G8YEP6,1.A.88.1,1.A.88.1,0.98,476,False
ANA96049,1.A.89.1,1.A.89.1,0.96,481,False
ADX59459,1.A.89.1,1.A.89.1,0.95,482,False
U5NGR3,1.A.93.1,1.A.93.1,0.57,486,False
E1AA99,1.A.93.2,1.A.93.2,0.67,487,False
UKG23804,1.A.94.1,1.A.94.1,0.91,491,False
L0N2B4,1.A.96.1,1.A.96.1,0.6,494,False
B2BW34,1.A.99.1,1.A.99.1,0.8,497,False
P0A927,1.B.10.1,1.B.10.1,0.69,498,False
W3VB60,1.B.10.2,1.B.10.2,0.88,503,False
D5EHS6,1.B.10.2,1.B.10.2,0.83,504,False
H8JS16,1.B.10.3,1.B.10.2,0.49,506,False
E9Z1V5,1.B.13.1,1.B.13.3,0.79,512,False
Q0VSL2,1.B.13.1,1.B.13.3,0.58,513,False
I4B356,1.B.13.2,1.B.13.3,0.47,515,False
J4K5X9,1.B.13.3,1.B.13.3,0.91,520,False
A1T0X2,1.B.15.1,1.B.15.1,0.94,525,False
C1ADV7,1.B.16.1,1.B.16.1,0.59,534,False
D8PFV8,1.B.16.1,1.B.5.1,0.84,535,False
F8C3X3,1.B.16.1,1.B.16.1,0.71,536,False
D8PHW0,1.B.16.2,1.B.5.1,0.58,543,False
Q7UGJ0,1.B.16.2,1.B.5.1,0.65,544,False
WP_152053851,1.B.162.1,1.B.162.1,0.99,553,False
WP_160129378,1.B.162.1,1.B.162.1,1.0,554,False
M2YRU5,1.B.163.1,1.B.163.1,0.85,562,False
A0QP93,1.B.163.1,1.B.163.1,0.99,563,False
WP_231666935,1.B.165.1,1.B.165.1,0.99,571,False
I1SBC9,1.B.165.1,1.B.165.1,0.95,572,False
Q03961,1.B.18.1,1.B.18.3,0.63,574,False
P22236,1.B.18.2,1.B.18.3,0.49,578,False
P0A932,1.B.18.3,1.B.18.3,0.67,586,False
Q1CVQ0,1.B.18.3,1.B.18.3,0.52,587,False
C1F9P1,1.B.19.1,1.B.19.1,0.99,595,False
H8FL42,1.B.19.1,1.B.19.1,0.99,596,False
WP_024910978,1.B.21.1,1.B.21.1,0.81,600,False
EEW1721302,1.B.21.2,1.B.21.1,0.39,605,False
B8K3G3,1.B.21.3,1.B.21.3,0.63,608,False
Q0SBX7,1.B.24.1,1.B.24.1,1.0,615,False
Q0RYN1,1.B.24.1,1.B.24.1,0.96,616,False
K5RXM5,1.B.26.1,1.B.26.1,0.68,618,False
H2IWN4,1.B.26.2,1.B.26.2,0.48,620,False
Q8GDI6,1.B.27.1,1.B.27.1,1.0,631,False
Q9S3I7,1.B.27.1,1.B.27.1,1.0,632,False
A0PAQ8,1.B.27.1,1.B.27.1,1.0,633,False
R4Q7V2,1.B.27.2,1.B.27.1,0.99,636,False
Q0WMZ5,1.B.30.1,1.B.30.3,0.45,638,False
Q9LZH8,1.B.30.2,1.B.30.2,0.6,639,False
B8BRM2,1.B.30.3,1.B.30.3,0.69,640,False
K4D2B1,1.B.30.4,1.B.30.4,0.65,641,False
M2X828,1.B.30.5,1.B.30.5,0.69,642,False
B9D0I1,1.B.31.1,1.B.31.1,0.97,648,False
B9KFF7,1.B.31.1,1.B.31.1,0.97,649,False
SES17047,1.B.34.1,1.B.34.2,0.5,657,False
WP_123925997,1.B.34.1,1.B.34.1,0.68,658,False
AEX77393,1.B.34.2,1.B.34.1,0.54,661,False
SQI24628,1.B.34.3,1.B.34.3,0.72,666,False
SIQ09903,1.B.34.4,1.B.34.1,0.77,669,False
L0MIX9,1.B.35.1,1.B.35.2,0.83,675,False
A6TDJ4,1.B.35.1,1.B.35.1,0.97,676,False
KPL05111,1.B.35.2,1.B.35.2,0.71,680,False
M4U9K6,1.B.35.3,1.B.35.3,0.6,682,False
C9QGR6,1.B.35.4,1.B.35.3,0.7,685,False
F0RWP8,1.B.36.1,1.B.36.1,0.85,688,False
H2CJW4,1.B.37.1,1.B.37.1,0.47,690,False
D0LRV8,1.B.37.2,1.B.37.2,0.62,691,False
Q9A8E5,1.B.39.1,1.B.39.1,1.0,699,False
V1E4I3,1.B.39.1,1.B.39.1,1.0,700,False
B9M7K9,1.B.39.2,1.B.39.1,1.0,702,False
B0VUV8,1.B.39.3,1.B.39.3,0.7,703,False
Q8FQT0,1.B.41.1,1.B.41.1,0.89,708,False
C0XRQ2,1.B.41.1,1.B.41.1,0.98,709,False
Q6GZ99,1.B.49.1,1.B.49.1,0.99,717,False
Q8G8H4,1.B.49.1,1.B.49.1,1.0,718,False
Q2S4D9,1.B.5.1,1.B.5.2,0.33,731,False
G6XK71,1.B.5.1,1.B.5.1,0.65,732,False
F5SXN1,1.B.5.1,1.B.5.1,0.64,733,False
D3SLU1,1.B.5.2,1.B.5.1,0.4,735,False
D4U1N3,1.B.50.1,1.B.50.1,0.57,737,False
S0EUI6,1.B.50.2,1.B.50.2,0.65,740,False
Q44881,1.B.51.1,1.B.51.1,0.65,741,False
B8F2P1,1.B.52.1,1.B.52.1,0.63,743,False
A7ZLV9,1.B.53.1,1.B.53.1,0.8,747,False
D0LXF9,1.B.60.1,1.B.60.1,1.0,756,False
Q6MQH3,1.B.60.1,1.B.60.1,1.0,757,False
Q1DFS2,1.B.61.1,1.B.61.1,0.99,763,False
Q72DY0,1.B.61.1,1.B.61.1,0.9,764,False
Q07KZ2,1.B.62.1,1.B.62.1,0.99,772,False
A6DTR9,1.B.62.1,1.B.62.1,0.99,773,False
D2QNK6,1.B.63.1,1.B.63.1,0.98,778,False
B2RL31,1.B.63.1,1.B.63.1,0.95,779,False
F9EV82,1.B.65.1,1.B.65.1,1.0,788,False
I3DIB8,1.B.65.1,1.B.65.1,1.0,789,False
F6D908,1.B.68.1,1.B.68.1,0.69,793,False
A0BTG7,1.B.69.1,1.B.69.1,0.75,800,False
Q4PEM6,1.B.69.1,1.B.69.1,0.89,801,False
Q6GQ39,1.B.69.2,1.B.69.2,0.84,806,False
A4WXA3,1.B.7.1,1.B.7.1,0.99,813,False
Q5HB83,1.B.7.1,1.B.7.1,0.97,814,False
Q2K0Q0,1.B.70.1,1.B.70.1,1.0,827,False
Q9L7A9,1.B.70.1,1.B.70.1,1.0,828,False
Q44665,1.B.70.1,1.B.70.1,1.0,829,False
L0G408,1.B.73.1,1.B.73.1,0.59,834,False
E4T302,1.B.73.2,1.B.73.1,0.64,836,False
C6XPW9,1.B.75.1,1.B.75.1,1.0,842,False
Q1CZE8,1.B.75.1,1.B.75.1,0.48,843,False
F8CR23,1.B.75.2,1.B.75.1,1.0,845,False
Q7VAD5,1.B.75.3,1.B.75.1,0.41,847,False
Q4KCN5,1.B.76.1,1.B.76.1,0.98,853,False
P36649,1.B.76.1,1.B.76.1,0.6,854,False
R7QJ14,1.B.77.1,1.B.77.1,0.51,863,False
F4H7F7,1.B.77.1,1.B.77.2,0.51,864,False
W7TBY2,1.B.77.2,1.B.77.2,0.82,868,False
A5G7L3,1.B.78.1,1.B.78.1,0.96,873,False
L1L857,1.B.79.1,1.B.79.1,0.28,875,False
F2IHT4,1.B.81.1,1.B.81.1,0.98,888,False
WP_020562207,1.B.81.1,1.B.81.1,0.96,889,False
W0A8H9,1.B.81.1,1.B.81.1,0.94,890,False
F8GDI1,1.B.81.1,1.B.81.1,0.98,891,False
WP_054039809,1.B.81.2,1.B.81.1,0.92,893,False
A5C9I8,1.B.82.1,1.B.82.1,0.49,896,False
OGR70538,1.B.84.1,1.B.84.1,0.86,903,False
NLW31479,1.B.84.1,1.B.84.1,0.89,904,False
S2XLX4,1.B.85.1,1.B.85.1,0.93,909,False
WP_094626014,1.B.85.1,1.B.85.1,0.92,910,False
CBA75730,1.B.92.1,1.B.92.1,0.99,917,False
WP_132308094,1.B.92.1,1.B.92.1,0.99,918,False
WP_101656401,1.B.92.2,1.B.92.2,0.63,919,False
WP_052632100,1.B.95.1,1.B.95.1,0.86,922,False
Q63IQ6,1.B.95.2,1.B.95.5,0.88,925,False
WP_104228733,1.B.95.3,1.B.95.3,0.7,930,False
NBO10119,1.B.95.3,1.B.95.2,0.5,931,False
WP_068467660,1.B.95.4,1.B.95.4,0.73,934,False
WP_105313043,1.B.95.5,1.B.95.5,0.88,937,False
T0PS78,1.C.10.1,1.C.10.1,0.38,939,False
XP_008608581,1.C.10.2,1.C.10.2,0.32,942,False
B3MQ48,1.C.10.3,1.C.10.3,0.37,944,False
EKF9241902,1.C.100.1,1.C.100.1,0.57,947,False
AZY88389,1.C.101.1,1.C.101.1,0.96,952,False
C6SS71,1.C.102.1,1.C.26.1,0.63,954,False
POR31694,1.C.104.1,1.C.104.1,0.89,960,False
XP_016642337,1.C.104.1,1.C.104.2,0.82,961,False
XP_008081830,1.C.104.2,1.C.104.2,0.68,966,False
XP_007925356,1.C.104.3,1.C.104.3,0.43,968,False
O06497,1.C.106.1,1.C.106.1,0.71,972,False
Q9I788,1.C.106.4,1.C.106.1,0.46,974,False
P81605,1.C.108.1,1.C.108.1,0.58,975,False
XP_014317300,1.C.108.2,1.C.108.2,0.81,979,False
Q6UXR3,1.C.108.3,1.C.108.3,0.63,980,False
J8IXD8,1.C.109.1,1.C.109.1,0.98,985,False
C7BYV0,1.C.109.1,1.C.109.1,0.9,986,False
A1YKW7,1.C.11.1,1.C.11.1,1.0,994,False
AEH33294,1.C.11.1,1.C.11.1,0.99,995,False
G3WS63,1.C.110.1,1.C.110.1,0.86,998,False
Q9H2X3,1.C.111.1,1.C.111.1,0.55,1013,False
Q5QGZ9,1.C.111.1,1.C.111.1,0.96,1014,False
P05451,1.C.111.1,1.C.111.1,0.94,1015,False
Q07108,1.C.111.1,1.C.111.1,0.95,1016,False
P67153,1.C.113.1,2.A.103.1,0.04,1026,False
Q86V24,1.C.113.1,1.C.113.1,0.87,1027,False
Q8TEZ7,1.C.113.1,1.C.113.1,0.72,1028,False
Q8IY49,1.C.113.2,1.C.113.2,0.63,1031,False
Q7YZB4,1.C.114.1,1.C.114.1,0.94,1036,False
K4PXJ9,1.C.115.1,1.C.115.1,0.9,1041,False
P45884,1.C.115.1,1.C.115.1,0.89,1042,False
E9EKK1,1.C.119.1,1.C.119.1,0.95,1047,False
M5N9T8,1.C.119.1,1.C.119.1,0.92,1048,False
P04347,1.C.121.1,1.C.121.1,0.18,1050,False
Q56CZ9,1.C.122.1,1.C.122.1,0.48,1052,False
P82427,1.C.124.1,1.C.124.1,0.87,1057,False
AEX09222,1.C.124.1,1.C.124.1,0.99,1058,False
AHN67314,1.C.126.1,1.C.126.1,0.86,1062,False
AAA32327,1.C.129.1,1.C.129.1,0.86,1065,False
B7PSG2,1.C.13.1,1.C.13.1,0.96,1070,False
J9HUA3,1.C.13.1,1.C.13.1,0.97,1071,False
WP_072053873,1.C.130.1,1.C.130.1,0.89,1075,False
XP_039042682,1.C.132.1,1.C.132.1,0.93,1081,False
WP_168566867,1.C.132.1,1.C.132.1,0.92,1082,False
WP_241450605,1.C.136.1,1.C.136.1,0.43,1084,False
Q1ELT9,1.C.138.1,1.C.138.1,0.63,1087,False
Q1ELU4,1.C.138.2,1.C.138.2,0.61,1088,False
WP_047703972,1.C.14.1,1.C.14.1,0.98,1094,False
D1J6Q5,1.C.14.1,1.C.14.1,0.99,1095,False
CAC42164,1.C.18.1,1.C.18.1,0.8,1098,False
P82270,1.C.19.1,1.C.19.1,0.41,1104,False
Q6EZF9,1.C.19.1,1.C.19.1,0.98,1105,False
AWG87247,1.C.2.1,1.C.2.1,0.45,1117,False
WP_132821133,1.C.2.1,1.C.2.1,0.55,1118,False
KAB2896819,1.C.2.1,1.C.2.1,0.86,1119,False
Q9ZIU5,1.C.2.2,1.C.2.2,0.48,1122,False
P56955,1.C.2.3,1.C.2.1,0.65,1125,False
P08136,1.C.20.1,1.C.20.1,0.83,1130,False
O68586,1.C.20.1,1.C.20.1,0.84,1131,False
WWQ01948,1.C.20.2,1.C.20.1,0.79,1134,False
P84962,1.C.24.1,1.C.24.1,0.89,1147,False
P83002,1.C.24.1,1.C.24.1,0.89,1148,False
Q6TGQ7,1.C.24.1,1.C.24.1,1.0,1149,False
WP_080375718,1.C.24.1,1.C.24.1,0.99,1150,False
WP_098856434,1.C.26.1,1.C.102.1,0.38,1153,False
Q83TS1,1.C.31.1,1.C.31.1,0.53,1156,False
A7GJP5,1.C.31.2,1.C.31.2,0.65,1157,False
P49913,1.C.33.1,1.C.33.1,1.0,1167,False
P54228,1.C.33.1,1.C.33.1,1.0,1168,False
ASN73764,1.C.33.1,1.C.33.1,1.0,1169,False
WP_121688872,1.C.37.1,1.C.37.1,0.96,1180,False
WP_142504358,1.C.37.1,1.C.37.1,0.99,1181,False
CRH85725,1.C.37.1,1.C.37.1,0.99,1182,False
XP_010767831,1.C.38.1,1.C.38.1,1.0,1196,False
Q5UCA8,1.C.38.1,1.C.38.1,0.59,1197,False
P07845,1.C.38.1,1.C.38.1,0.86,1198,False
P0DQV7,1.C.38.1,1.C.38.1,1.0,1199,False
C0RWX4,1.C.40.1,1.C.40.1,0.99,1206,False
P11597,1.C.40.1,1.C.40.1,0.99,1207,False
B5ABT1,1.C.40.2,1.C.40.2,0.64,1208,False
B2LWZ1,1.C.42.1,1.C.42.1,0.21,1213,False
O06498,1.C.42.1,1.C.42.1,0.92,1214,False
P08943,1.C.44.1,1.C.44.1,0.16,1216,False
Q9PW56,1.C.46.1,1.C.46.2,0.39,1218,False
P01160,1.C.46.2,1.C.46.2,0.66,1221,False
B7PQR1,1.C.47.1,1.C.47.1,0.49,1230,False
I1T3C7,1.C.47.1,1.C.47.1,0.54,1231,False
C3Z4F2,1.C.47.1,1.C.47.1,0.8,1232,False
Q53I06,1.C.47.2,1.C.47.2,0.54,1233,False
F6LCB3,1.C.47.3,1.C.47.3,0.56,1237,False
Q07A30,1.C.47.4,1.C.47.4,0.58,1238,False
Q9UKY0,1.C.48.1,1.C.48.1,0.75,1242,False
P06881,1.C.49.1,1.C.49.1,0.27,1244,False
NFF70739,1.C.5.1,1.C.78.1,0.32,1247,False
R7ZEE7,1.C.5.2,1.C.5.1,0.76,1250,False
Q45728,1.C.5.3,1.C.5.3,0.63,1251,False
T2MFP9,1.C.50.1,1.C.50.1,0.84,1255,False
Q07932,1.C.51.1,1.C.51.1,0.65,1256,False
P69178,1.C.54.1,1.C.54.1,0.66,1257,False
P0A3W8,1.C.55.1,1.C.55.1,0.63,1258,False
F2JTE2,1.C.56.1,1.C.56.1,0.86,1262,False
WP_089964624,1.C.61.1,1.C.61.1,0.93,1266,False
L0CMD2,1.C.62.1,1.C.62.1,0.79,1270,False
XP_015918646,1.C.63.1,1.C.63.1,0.47,1273,False
Q6BF25,1.C.64.1,1.C.64.1,1.0,1285,False
MBA8650993,1.C.64.1,1.C.64.1,0.66,1286,False
WP_141754689,1.C.64.1,1.C.64.1,1.0,1287,False
Q5Y4S2,1.C.65.1,1.C.65.1,0.64,1291,False
Q9L6W3,1.C.65.2,1.C.65.2,0.55,1292,False
P33432,1.C.66.1,1.C.66.1,0.6,1293,False
C4M9N5,1.C.67.1,1.C.67.1,0.36,1295,False
P83250,1.C.68.1,1.C.68.1,0.59,1297,False
WP_030364034,1.C.7.1,1.C.7.1,0.43,1299,False
KID84774,1.C.7.2,1.C.7.2,0.23,1301,False
WP_062552397,1.C.70.1,1.C.70.1,0.83,1306,False
A5N971,1.C.71.1,1.C.71.1,0.6,1310,False
S8E3M3,1.C.71.2,1.C.71.2,0.79,1314,False
P01382,1.C.74.1,1.C.74.1,0.81,1321,False
Q8QGR0,1.C.74.1,1.C.74.1,0.72,1322,False
B1Z6U1,1.C.75.1,1.C.75.1,0.68,1329,False
AKC96038,1.C.75.1,1.C.75.1,0.96,1330,False
O76070,1.C.77.1,1.C.77.1,0.87,1333,False
A7IZR5,1.C.78.1,1.C.78.1,0.8,1337,False
P46081,1.C.8.1,1.C.8.1,0.89,1341,False
B7LAC5,1.C.80.1,1.C.80.1,0.84,1345,False
NP_001011705,1.C.81.1,1.C.81.1,0.93,1353,False
Q9NS71,1.C.81.1,1.C.81.1,0.9,1354,False
Q9NQX7,1.C.81.2,1.C.81.2,0.82,1357,False
WP_078474522,1.C.82.1,1.C.82.1,0.61,1359,False
Q9ZGP5,1.C.83.1,1.C.83.1,0.38,1361,False
F9P995,1.C.84.1,1.C.84.1,0.42,1363,False
Q13519,1.C.89.1,1.C.89.1,0.82,1366,False
WP_013023010,1.C.9.1,1.C.9.1,0.46,1369,False
A5H1G9,1.C.90.1,1.C.90.3,0.65,1372,False
A0RKJ6,1.C.90.2,1.C.90.3,0.6,1374,False
A5MY21,1.C.90.3,1.C.90.1,0.68,1378,False
P04080,1.C.91.1,1.C.91.1,0.62,1379,False
Q15818,1.C.92.1,1.C.92.1,0.61,1382,False
A4UVR2,1.C.93.1,1.C.93.1,0.62,1383,False
WP_084614884,1.C.95.1,1.C.95.1,1.0,1394,False
WP_006059095,1.C.95.1,1.C.95.1,1.0,1395,False
WP_018802519,1.C.95.1,1.C.95.1,1.0,1396,False
NP_849177,1.C.99.1,1.C.99.1,0.92,1401,False
QCX35176,1.C.99.2,1.C.99.2,0.59,1404,False
XP_004616922,1.D.118.1,1.D.118.1,0.3,1407,False
XP_045930465,1.D.194.1,1.D.194.1,0.81,1411,False
PKK88897,1.D.24.1,1.D.24.1,0.79,1417,False
NIM52277,1.D.24.1,1.D.24.1,0.97,1418,False
KUH88733,1.D.24.2,1.D.24.2,0.64,1419,False
TKY80222,1.E.1.1,1.E.1.1,1.0,1427,False
ECY3018204,1.E.1.1,1.E.1.1,0.99,1428,False
Q37895,1.E.10.1,1.E.10.1,0.87,1432,False
B1YMD9,1.E.14.1,1.E.14.1,0.99,1446,False
I6T8M5,1.E.14.1,1.E.14.1,0.88,1447,False
P39591,1.E.14.1,1.E.14.1,1.0,1448,False
P94515,1.E.14.1,1.E.14.1,0.51,1449,False
D3S646,1.E.14.2,1.E.14.2,0.67,1452,False
F9LWA6,1.E.16.1,1.E.16.1,0.9,1456,False
Q44946,1.E.17.1,1.E.17.1,0.5,1461,False
B8F2U3,1.E.17.1,1.E.17.1,0.71,1462,False
WP_080684304,1.E.17.2,1.E.17.1,0.54,1464,False
M9MU75,1.E.18.1,1.E.18.1,1.0,1474,False
ERG63474,1.E.18.1,1.E.18.1,1.0,1475,False
WP_298535700,1.E.18.1,1.E.18.1,1.0,1476,False
PIN93264,1.E.20.1,1.E.20.1,0.98,1481,False
EJG08371,1.E.20.1,1.E.20.1,0.98,1482,False
K9A5I7,1.E.21.1,1.E.21.2,0.44,1486,False
B1S807,1.E.21.2,1.E.21.1,0.83,1488,False
U1YCE7,1.E.23.1,1.E.23.1,0.74,1493,False
WP_068445074,1.E.23.2,1.E.23.1,0.5,1495,False
A7A6X9,1.E.24.1,1.E.24.1,0.62,1500,False
E7MNX8,1.E.24.2,1.E.24.2,0.66,1501,False
G1WGA3,1.E.24.3,1.E.24.3,0.59,1502,False
C1D824,1.E.25.1,1.E.25.1,0.67,1507,False
WP_083008638,1.E.25.1,1.E.25.1,0.6,1508,False
RYC38893,1.E.25.2,1.E.25.2,0.77,1514,False
ALA46464,1.E.25.2,1.E.25.2,0.72,1515,False
C3GBU6,1.E.27.1,1.E.27.1,1.0,1522,False
CRG98304,1.E.27.1,1.E.27.1,0.98,1523,False
RYS64810,1.E.29.1,1.E.29.1,0.82,1528,False
F9DMS4,1.E.29.2,1.E.29.2,0.55,1534,False
QOQ37200,1.E.29.2,1.E.29.2,0.59,1535,False
WP_116059751,1.E.29.3,1.E.29.2,0.68,1538,False
D5CT34,1.E.33.1,1.E.33.1,1.0,1544,False
G4FVE2,1.E.33.1,1.E.33.1,0.97,1545,False
R4JJW4,1.E.4.1,1.E.4.1,0.82,1549,False
ESK64892,1.E.42.1,1.E.42.1,0.99,1555,False
QDX55601,1.E.42.1,1.E.42.1,0.99,1556,False
WP_081276159,1.E.44.1,1.E.44.1,0.89,1559,False
W7Wfe7,1.E.50.1,1.E.50.1,0.7,1562,False
D4L5L5,1.E.52.1,1.E.52.3,0.53,1564,False
C4FBP7,1.E.52.2,1.E.52.2,0.6,1565,False
B8JFG0,1.E.52.3,1.E.52.3,0.68,1568,False
K4WL31,1.E.53.1,1.E.53.1,0.92,1577,False
E7J6N6,1.E.53.1,1.E.53.1,0.92,1578,False
P13970,1.E.53.1,1.E.53.1,0.93,1579,False
E9U5S4,1.E.53.2,1.E.53.2,0.58,1580,False
M4K1R4,1.E.56.1,1.E.56.1,1.0,1590,False
B0VUM9,1.E.56.1,1.E.56.1,1.0,1591,False
K4PA82,1.E.56.1,1.E.56.1,1.0,1592,False
Q859D9,1.E.6.1,1.E.6.1,0.63,1595,False
KOQ79687,1.E.6.2,1.E.6.3,0.62,1603,False
YP_009798665,1.E.6.2,1.E.6.2,0.73,1604,False
C1D8E7,1.E.6.3,1.E.6.3,0.65,1609,False
WLJ89320,1.E.6.3,1.E.6.2,0.76,1610,False
WP_080520514,1.E.61.1,1.E.61.1,0.63,1612,False
WP_006300053,1.E.62.1,1.E.62.1,0.98,1619,False
WP_072024012,1.E.62.1,1.E.62.1,0.98,1620,False
WP_033100758,1.E.65.1,1.E.65.1,1.0,1626,False
WP_221178964,1.E.65.1,1.E.65.1,1.0,1627,False
WP_077419983,1.E.7.1,1.E.7.2,0.53,1631,False
WP_097540830,1.E.7.2,1.E.7.1,0.62,1637,False
WP_055414402,1.E.7.2,1.E.7.1,0.55,1638,False
MDI6753459,1.E.71.1,1.E.71.1,0.96,1643,False
K7NTM2,1.E.8.1,1.E.8.1,0.99,1648,False
AZU98589,1.E.8.1,1.E.8.1,0.99,1649,False
C1A5F4,1.E.9.1,1.E.9.1,0.98,1659,False
Q8KCM5,1.E.9.1,1.E.9.1,1.0,1660,False
B3QMN8,1.E.9.1,1.E.9.1,1.0,1661,False
AMQ26458,1.G.1.1,1.G.1.1,1.0,1667,False
AFV53227,1.G.1.1,1.G.1.1,1.0,1668,False
P03397,1.G.12.1,1.G.12.1,0.55,1669,False
Q1PDC7,1.G.12.2,1.G.12.2,0.89,1673,False
AVM87398,1.G.14.1,1.G.14.1,0.55,1676,False
P28977,1.G.15.1,1.G.15.1,0.94,1680,False
P04578,1.G.16.1,1.G.16.1,0.39,1683,False
YP_009724390,1.G.18.1,1.G.18.1,0.97,1689,False
YP_007188579,1.G.18.1,1.G.18.1,0.97,1690,False
O92765,1.G.2.1,1.G.2.1,0.71,1698,False
Q9IH63,1.G.2.1,1.G.2.1,0.98,1699,False
WP_150375648,1.G.2.2,1.G.2.2,0.6,1700,False
P09612,1.G.20.1,1.G.20.1,0.86,1704,False
B8PWH4,1.G.20.2,1.G.20.2,0.8,1707,False
O36400,1.G.21.1,1.G.21.1,0.63,1710,False
AFJ15605,1.G.4.1,1.G.4.1,0.97,1715,False
G0LWX4,1.G.4.1,1.G.4.1,0.39,1716,False
U5YDR4,1.G.5.1,1.G.5.1,0.87,1720,False
A7XED7,1.G.6.1,1.G.6.1,0.66,1721,False
YP_002929490,1.G.8.1,1.G.8.1,0.99,1726,False
NP_775596,1.G.9.1,1.G.9.2,0.51,1729,False
Q7ZFT7,1.G.9.2,1.G.9.2,0.48,1734,False
M4HM10,1.G.9.2,1.G.9.2,0.95,1735,False
YP_010771824,1.J.1.1,1.J.1.1,0.91,1740,False
Q2LM93,1.K.3.1,1.K.3.1,0.8,1743,False
U3IYW3,1.L.1.1,1.L.1.1,0.79,1746,False
WP_250671306,1.M.7.1,1.M.7.1,0.92,1751,False
WP_200664041,1.M.7.1,1.M.7.1,0.92,1752,False
A4GRC6,1.N.3.1,1.N.3.1,0.97,1758,False
Q4YCF6,1.N.3.1,1.N.3.1,0.97,1759,False
E5S3P2,1.N.4.1,1.N.4.1,0.8,1764,False
Q99287,1.N.5.1,1.N.5.1,0.87,1770,False
Q6DD88,1.N.5.1,1.N.5.1,0.93,1771,False
O00291,1.N.7.1,1.N.7.1,0.59,1772,False
A1Z713,1.R.2.1,1.R.2.1,0.95,1777,False
Q96RL7,1.R.2.1,1.R.2.1,0.95,1778,False
WP_094276346,1.S.1.1,1.S.1.1,0.95,1788,False
6NER_A,1.S.1.1,1.S.1.1,0.78,1789,False
MBT6724251,1.S.1.1,1.S.1.1,0.92,1790,False
Q8U2E0,1.S.11.1,1.S.11.1,0.62,1793,False
3IO0_A,1.S.2.1,1.S.2.1,0.75,1796,False
WP_063040943,1.S.2.2,1.S.2.2,0.55,1797,False
AAD39019,1.S.2.3,1.S.2.3,0.59,1798,False
GCA95139,1.S.3.1,1.S.3.1,0.7,1801,False
4OLP_A,1.S.4.1,1.S.4.1,0.6,1802,False
P41792,1.S.5.1,1.S.5.1,0.52,1804,False
D0LZ73,1.S.7.1,1.S.7.1,0.59,1808,False
V5SGX5,1.S.8.1,1.S.8.1,0.68,1811,False
WP_039622912,1.W.1.1,1.W.1.1,0.9,1819,False
WP_073187488,1.W.1.1,1.W.1.1,1.0,1820,False
WP_115732651,1.W.10.1,1.W.10.1,0.55,1825,False
PNX53637,1.W.10.2,1.W.10.3,0.51,1827,False
AXP07702,1.W.10.3,1.W.10.3,0.67,1831,False
KQC09679,1.W.3.1,1.W.3.2,0.5,1839,False
WP_037616440,1.W.3.1,1.W.3.1,0.44,1840,False
RLG54911,1.W.3.2,1.W.3.2,0.69,1845,False
WP_155320278,1.W.3.2,1.W.3.1,0.5,1846,False
WP_140461085,1.W.4.1,1.W.4.1,0.59,1851,False
Q76RH0,1.W.4.1,1.W.4.1,0.89,1852,False
MAG24778,1.W.5.1,1.W.5.1,0.97,1860,False
WP_077072253,1.W.5.1,9.A.76.1,0.11,1861,False
RLG01344,1.W.8.1,1.W.8.1,0.98,1869,False
TXH14527,1.W.8.1,1.W.8.1,1.0,1870,False
A7XXR3,1.W.9.1,1.W.9.1,0.66,1883,False
WP_053235977,1.W.9.1,1.W.9.1,0.86,1884,False
WP_025803616,1.W.9.1,1.W.9.1,0.9,1885,False
RXG66789,1.W.9.1,1.W.9.1,0.93,1886,False
HBY62778,1.W.9.2,1.W.9.1,0.53,1888,False
AXH46464,1.W.9.3,1.W.9.3,0.67,1889,False
HAM56808,1.W.9.4,1.W.9.4,0.62,1890,False
F5X5Y2,2.A.10.1,2.A.10.1,0.37,1895,False
S4H275,2.A.10.1,2.A.10.1,0.93,1896,False
RQM11249,2.A.100.1,2.A.100.1,0.92,1902,False
Q9I9R3,2.A.100.1,2.A.100.1,0.91,1903,False
XP_012758493,2.A.100.2,2.A.100.1,0.94,1905,False
C6B3K0,2.A.101.1,2.A.101.1,0.58,1907,False
WP_076734059,2.A.103.1,2.A.103.1,0.04,1917,False
WP_082139284,2.A.103.1,2.A.103.1,1.0,1918,False
WP_071389592,2.A.103.1,2.A.103.1,0.99,1919,False
G4R961,2.A.104.1,2.A.104.1,0.35,1921,False
H5SVY7,2.A.104.2,2.A.104.2,0.67,1922,False
KKP64473,2.A.104.3,2.A.104.1,0.47,1924,False
WP_089030044,2.A.107.1,2.A.107.1,0.78,1929,False
E4RIT5,2.A.107.2,2.A.107.2,0.62,1930,False
L8Q2C2,2.A.107.3,2.A.107.3,0.71,1931,False
I1HMH4,2.A.109.1,2.A.109.1,0.96,1937,False
P42601,2.A.109.1,2.A.109.1,0.97,1938,False
L5DDD7,2.A.109.2,2.A.109.1,0.83,1941,False
L7KNF9,2.A.109.3,2.A.109.2,0.5,1943,False
O05407,2.A.11.1,2.A.11.1,0.91,1948,False
A4QA05,2.A.11.1,2.A.11.1,0.85,1949,False
D7AXM6,2.A.11.2,2.A.11.1,0.56,1952,False
Q4QSA9,2.A.111.1,2.A.111.1,0.8,1955,False
Q821X2,2.A.111.2,2.A.111.1,0.81,1957,False
K2REU1,2.A.116.1,2.A.116.1,0.55,1963,False
K6W6C5,2.A.116.1,2.A.116.1,0.89,1964,False
Q7TUV9,2.A.116.2,2.A.116.1,0.43,1966,False
B8I848,2.A.116.3,2.A.116.1,0.61,1970,False
A3QJL3,2.A.117.1,2.A.117.1,0.82,1981,False
A0B354,2.A.117.1,2.A.117.1,0.96,1982,False
Q87QJ4,2.A.117.1,2.A.117.1,0.94,1983,False
MBK8180943,2.A.117.2,2.A.117.1,0.83,1986,False
WP_203595623,2.A.117.3,2.A.117.3,0.67,1987,False
Q38YQ0,2.A.118.1,2.A.118.1,1.0,1994,False
P39263,2.A.118.1,2.A.118.1,0.98,1995,False
WP_069955515,2.A.119.1,2.A.119.1,0.45,2000,False
Q8EJL9,2.A.119.1,2.A.119.1,0.5,2001,False
WP_048118532,2.A.119.2,2.A.119.3,0.68,2006,False
WP_092498738,2.A.119.3,2.A.119.3,0.49,2013,False
OIO63212,2.A.119.3,2.A.119.3,0.66,2014,False
J6H8T7,2.A.120.1,2.A.120.1,1.0,2026,False
A8MA30,2.A.120.1,2.A.120.1,1.0,2027,False
ARG45194,2.A.120.1,2.A.120.1,1.0,2028,False
P42102,2.A.122.1,2.A.122.1,0.9,2035,False
WP_159220376,2.A.122.1,2.A.122.1,0.84,2036,False
B8CB30,2.A.122.2,2.A.122.2,0.9,2041,False
B5YN56,2.A.122.2,9.B.174.2,0.07,2042,False
KKP01475,2.A.122.3,2.A.122.3,0.59,2043,False
C3MTK1,2.A.124.1,2.A.124.1,1.0,2050,False
X2JQJ2,2.A.124.1,2.A.124.1,1.0,2051,False
D2VY17,2.A.125.1,2.A.125.1,0.96,2056,False
OQJ72346,2.A.129.1,2.A.129.1,0.92,2065,False
WP_074970406,2.A.129.1,2.A.129.1,0.81,2066,False
WP_027108241,2.A.129.1,2.A.129.1,0.68,2067,False
WP_086951747,2.A.129.2,2.A.129.2,0.57,2071,False
Q0PC49,2.A.13.1,2.A.13.1,0.92,2076,False
Q0PAK3,2.A.13.1,1.A.107.1,0.07,2077,False
K0P0B6,2.A.13.2,2.A.13.2,0.6,2078,False
RKY32654,2.A.131.1,2.A.131.1,0.95,2084,False
RZN41577,2.A.131.1,2.A.131.1,0.95,2085,False
P42401,2.A.133.1,2.A.133.1,0.71,2096,False
B4AEM5,2.A.133.1,2.A.133.1,0.73,2097,False
K2JND9,2.A.133.1,2.A.133.2,0.54,2098,False
WP_022597737,2.A.133.2,2.A.133.2,0.71,2102,False
Q8TUV1,2.A.14.1,2.A.14.1,0.88,2106,False
AOY58527,2.A.14.2,2.A.14.1,0.5,2108,False
Q6IUV3,2.A.15.1,2.A.15.1,0.96,2120,False
AIU86122,2.A.15.1,2.A.15.1,0.96,2121,False
AJH13638,2.A.15.1,2.A.15.1,1.0,2122,False
B7L6S9,2.A.15.2,2.A.15.1,0.96,2125,False
P44741,2.A.16.1,2.A.16.4,0.7,2127,False
I7ZSL4,2.A.16.2,2.A.16.2,0.35,2130,False
T2I8Z9,2.A.16.3,2.A.16.4,0.83,2133,False
Q4J820,2.A.16.4,8.A.98.1,0.19,2138,False
Q9KY69,2.A.16.4,8.A.98.1,0.19,2139,False
Q9FLV9,2.A.16.5,2.A.16.5,0.41,2141,False
WP_057757662,2.A.16.6,2.A.16.6,0.33,2144,False
P0A2F9,2.A.24.1,2.A.24.2,0.88,2146,False
Q8VS41,2.A.24.2,2.A.24.1,0.55,2151,False
Q48769,2.A.24.3,2.A.24.3,0.65,2153,False
W0WFC6,2.A.25.1,2.A.25.1,0.97,2162,False
P30143,2.A.25.1,2.A.25.1,0.95,2163,False
F2HK99,2.A.26.1,2.A.26.1,0.99,2172,False
P0AD99,2.A.26.1,2.A.26.1,0.62,2173,False
K0J2V5,2.A.27.1,2.A.27.1,0.6,2178,False
M1QJN9,2.A.27.2,2.A.27.1,0.6,2180,False
Q9S1X8,2.A.33.1,2.A.33.1,1.0,2186,False
XP_003075324,2.A.33.1,2.A.33.1,0.97,2187,False
Q9I2S5,2.A.34.1,2.A.34.1,0.85,2190,False
Q8A897,2.A.35.1,2.A.35.1,0.99,2198,False
T1YBZ7,2.A.35.1,2.A.35.1,0.96,2199,False
Q838P8,2.A.35.2,2.A.35.2,0.63,2203,False
P42312,2.A.41.1,2.A.41.1,0.81,2206,False
Q9KPL5,2.A.41.2,2.A.41.1,0.85,2217,False
A1Z7N3,2.A.41.2,2.A.41.2,0.95,2218,False
O00337,2.A.41.2,2.A.41.2,1.0,2219,False
F0LJG4,2.A.42.1,2.A.42.2,0.59,2226,False
AKM78056,2.A.42.1,2.A.42.1,0.32,2227,False
P63340,2.A.42.2,2.A.42.2,0.59,2232,False
WP_078436298,2.A.45.1,2.A.45.1,0.61,2234,False
XP_015614851,2.A.45.2,2.A.45.2,0.61,2241,False
UYL04267,2.A.45.2,2.A.45.2,0.64,2242,False
A1SPN6,2.A.45.3,2.A.45.2,0.73,2244,False
P76103,2.A.46.1,2.A.46.1,0.91,2253,False
Q88I34,2.A.46.1,2.A.8.1,0.08,2254,False
7TAK_A,2.A.46.1,2.A.46.1,1.0,2255,False
A8BIM9,2.A.48.1,2.A.48.1,0.95,2261,False
O45166,2.A.48.1,2.A.48.1,0.79,2262,False
Q7S3L8,2.A.52.1,2.A.52.1,0.99,2270,False
R1EDF9,2.A.52.1,2.A.52.2,0.63,2271,False
C7PI41,2.A.52.2,2.A.122.1,0.06,2276,False
Q7NN80,2.A.52.2,2.A.122.1,0.06,2277,False
SFO07861,2.A.58.1,2.A.58.2,0.62,2285,False
R4VUJ8,2.A.58.1,2.A.58.1,0.71,2286,False
Q0W3W9,2.A.58.2,2.A.58.2,0.84,2292,False
RLG13389,2.A.58.2,2.A.58.2,0.73,2293,False
A5KHL1,2.A.61.1,8.A.98.1,0.14,2297,False
C0QDE6,2.A.61.2,2.A.61.2,0.85,2301,False
A5F120,2.A.62.1,2.A.62.1,0.98,2307,False
WP_020086767,2.A.62.1,2.A.62.1,0.97,2308,False
Q183S2,2.A.68.1,2.A.68.1,0.63,2313,False
A8WCI8,2.A.71.1,2.A.71.1,0.79,2318,False
V5B8W0,2.A.71.1,2.A.71.1,0.59,2319,False
Q9XIQ7,2.A.71.2,2.A.71.1,0.69,2325,False
Q8IBB7,2.A.71.2,2.A.71.2,0.84,2326,False
Q9CHU5,2.A.72.1,2.A.72.1,0.68,2329,False
Q0G848,2.A.72.2,2.A.72.2,0.67,2331,False
Q9FE38,2.A.72.3,2.A.72.3,0.74,2341,False
Q19A13,2.A.72.3,2.A.72.3,0.74,2342,False
O49423,2.A.72.3,2.A.72.3,0.1,2343,False
F8D4C5,2.A.73.1,2.A.73.1,0.52,2346,False
M7BP63,2.A.74.1,2.A.74.2,0.44,2352,False
XP_015987553,2.A.74.1,2.A.74.1,0.88,2353,False
C3XYE5,2.A.74.2,2.A.74.2,0.58,2361,False
E2B9N7,2.A.74.2,2.A.74.2,0.85,2362,False
B5U2Z3,2.A.75.1,2.A.75.1,0.86,2366,False
D5FKJ1,2.A.76.1,2.A.76.1,0.99,2377,False
AKM77924,2.A.76.1,2.A.76.1,0.71,2378,False
KKK40645,2.A.76.1,2.A.76.3,0.43,2379,False
V9RYY0,2.A.76.2,2.A.76.1,0.99,2382,False
A3U6A7,2.A.76.3,2.A.76.3,0.59,2383,False
Q3IPU1,2.A.77.1,2.A.77.1,0.69,2388,False
Q8RFA1,2.A.8.1,2.A.8.1,1.0,2401,False
Q81E21,2.A.8.1,2.A.8.1,1.0,2402,False
H7C6B2,2.A.8.1,2.A.8.1,1.0,2403,False
B7L824,2.A.81.1,2.A.81.1,0.47,2408,False
Q845W9,2.A.81.1,2.A.81.1,0.94,2409,False
A6LP55,2.A.81.2,2.A.81.1,0.67,2411,False
P73953,2.A.83.1,2.A.83.1,0.65,2412,False
A9DHE6,2.A.83.2,2.A.83.2,0.62,2413,False
Q8Y5W0,2.A.87.1,2.A.87.2,0.25,2417,False
F9LXW4,2.A.87.2,2.A.87.3,0.63,2419,False
A9NEB8,2.A.87.3,2.A.87.3,0.58,2422,False
Q14P12,2.A.87.4,2.A.87.5,0.23,2425,False
AFN04413,2.A.87.5,2.A.87.1,0.57,2428,False
Q54IJ2,2.A.92.1,2.A.92.1,0.99,2437,False
Q94AN2,2.A.92.1,2.A.92.1,0.99,2438,False
Q9UBH6,2.A.94.1,2.A.94.1,0.97,2444,False
P16151,2.A.94.1,2.A.94.1,0.89,2445,False
P25743,2.A.95.1,2.A.103.1,0.04,2452,False
B8HLY6,2.A.95.1,2.A.95.1,0.94,2453,False
KAG2233815,2.A.96.1,2.A.96.1,0.6,2465,False
WP_084729956,2.A.96.1,2.A.96.2,0.53,2466,False
NLT21186,2.A.96.1,2.A.96.1,0.66,2467,False
KXS96282,2.A.96.2,2.A.96.1,0.75,2470,False
Q6P1Q0,2.A.97.1,2.A.97.1,0.94,2477,False
Q8I1R5,2.A.97.1,2.A.97.1,0.95,2478,False
WP_162301253,2.A.99.1,2.A.99.1,0.99,2485,False
WP_149777770,2.A.99.1,2.A.99.1,1.0,2486,False
Q9UP52,2.B.93.1,2.B.93.1,0.46,2488,False
A0BM91,2.D.1.1,2.D.1.1,0.99,2496,False
Q9VC05,2.D.1.1,2.D.1.1,0.99,2497,False
C0SP86,3.A.12.1,3.A.12.1,0.93,2502,False
P22409,3.A.12.2,3.A.12.2,0.61,2503,False
Q3LAJ2,3.A.12.3,3.A.12.3,0.57,2505,False
YP_008130281,3.A.13.1,3.A.13.1,0.86,2508,False
Q9Y276,3.A.28.1,3.A.28.1,0.93,2513,False
KOO28456,3.E.3.1,3.E.3.1,1.0,2522,False
WP_055898914,3.E.3.1,3.E.3.1,1.0,2523,False
P50416,4.C.2.1,4.C.2.1,0.71,2526,False
S7VV85,4.E.1.1,4.E.1.1,0.87,2531,False
Q5CWX6,4.E.1.1,4.E.1.1,0.85,2532,False
K0WKG7,4.F.1.1,4.F.1.1,0.35,2540,False
TAJ02730,4.F.1.1,4.F.1.1,0.63,2541,False
G5SQC7,4.F.1.2,4.F.1.1,0.91,2543,False
OIO15329,4.F.1.3,4.F.1.1,0.94,2548,False
WP_051595943,4.H.1.1,4.H.1.1,0.99,2555,False
RIJ99294,4.H.1.1,4.H.1.1,0.99,2556,False
VDG77260,4.H.1.2,4.H.1.2,0.92,2560,False
Q9KV73,5.B.10.1,5.B.10.1,0.62,2561,False
RWX50390,5.B.15.1,5.B.15.1,0.64,2562,False
Q5D8X4,5.B.2.1,5.B.2.1,0.92,2569,False
Q9SWS1,5.B.2.1,5.B.2.1,0.91,2570,False
A8IUR9,5.B.2.2,5.B.2.3,0.73,2575,False
Q9SV71,5.B.2.2,5.B.2.3,0.69,2576,False
KHN35905,5.B.2.3,5.B.2.3,0.34,2581,False
PIY59600,5.B.6.1,5.B.6.1,0.76,2586,False
Q8XB73,5.B.7.1,5.B.7.1,0.62,2587,False
Q7NNK2,5.B.7.2,5.B.7.2,0.64,2588,False
F8L6Z5,5.B.7.3,5.B.7.3,0.55,2589,False
D7C9K8,5.B.7.4,5.B.7.4,0.61,2590,False
P37683,8.A.1.1,8.A.1.1,0.72,2594,False
M4VE83,8.A.1.2,8.A.1.3,0.27,2596,False
OUT43425,8.A.1.3,8.A.1.3,0.74,2602,False
BAB77003,8.A.1.3,8.A.1.3,0.83,2603,False
P36498,8.A.1.4,8.A.1.3,0.62,2605,False
Q9XDR9,8.A.1.5,8.A.1.5,0.68,2606,False
Q7UZ72,8.A.1.6,8.A.1.6,0.58,2610,False
P46482,8.A.1.7,8.A.1.7,0.7,2611,False
Q6FHJ6,8.A.10.1,8.A.10.1,0.62,2613,False
Q9D808,8.A.10.2,8.A.10.2,0.59,2614,False
Q9Y6H6,8.A.10.3,8.A.10.3,0.7,2617,False
Q9WTW3,8.A.10.4,8.A.10.4,0.63,2618,False
XP_020894714,8.A.101.1,8.A.101.1,0.89,2622,False
Q16799,8.A.102.1,8.A.102.1,0.99,2631,False
V8NAX5,8.A.102.1,8.A.102.1,0.97,2632,False
CUV07185,8.A.102.2,8.A.102.2,0.73,2637,False
PJF17748,8.A.103.1,8.A.103.1,0.99,2649,False
XP_010699644,8.A.103.1,8.A.103.1,1.0,2650,False
Q22DV9,8.A.103.1,8.A.103.1,1.0,2651,False
P53355,8.A.104.1,8.A.104.1,0.2,2664,False
Q9BXM7,8.A.104.1,8.A.194.1,0.17,2665,False
NP_001257414,8.A.104.1,8.A.104.1,0.13,2666,False
Q6MZM0,8.A.105.1,8.A.105.1,0.49,2669,False
Q9H902,8.A.108.1,8.A.108.1,1.0,2677,False
Q96HR9,8.A.108.1,8.A.108.1,1.0,2678,False
WP_130079951,8.A.11.1,8.A.11.1,0.63,2681,False
CBJ48530,8.A.111.1,8.A.111.1,0.7,2689,False
XP_022310796,8.A.111.1,8.A.111.1,0.49,2690,False
Q8N682,8.A.113.1,8.A.113.1,0.98,2698,False
Q6UX65,8.A.113.1,8.A.113.1,0.98,2699,False
XP_026683869,8.A.115.1,8.A.115.2,0.36,2706,False
RNA30858,8.A.115.1,8.A.115.1,0.49,2707,False
XP_005822896,8.A.115.2,8.A.115.8,0.38,2710,False
WP_018930613,8.A.115.3,8.A.115.3,0.59,2711,False
OWB63767,8.A.115.4,8.A.115.4,0.74,2712,False
KAI8905181,8.A.115.5,8.A.115.2,0.27,2714,False
XP_001748139,8.A.115.6,8.A.115.1,0.79,2717,False
TPX40645,8.A.115.7,8.A.115.7,0.61,2718,False
WBW72430,8.A.115.8,8.A.115.8,0.67,2719,False
Q8NEW7,8.A.116.1,8.A.116.1,0.43,2721,False
Q9XXE7,8.A.116.2,8.A.116.2,0.66,2722,False
Q9VIM4,8.A.116.3,8.A.116.3,0.6,2723,False
Q9XTG1,8.A.117.1,8.A.117.1,0.54,2728,False
Q9NZ94,8.A.117.1,8.A.117.1,0.86,2729,False
GAV02799,8.A.118.1,8.A.118.1,1.0,2738,False
XP_019853507,8.A.118.1,8.A.118.1,1.0,2739,False
P37249,8.A.12.1,8.A.12.1,0.61,2741,False
WP_014802473,8.A.120.1,8.A.120.1,0.93,2746,False
NP_001154233,8.A.120.1,9.B.174.2,0.06,2747,False
Q9W145,8.A.120.2,8.A.120.2,0.25,2749,False
Q96DR4,8.A.120.3,8.A.120.3,0.61,2750,False
Q20687,8.A.121.1,8.A.121.1,0.91,2755,False
XP_004672840,8.A.122.1,8.A.122.1,0.86,2758,False
XP_022318076,8.A.122.2,8.A.122.2,0.47,2761,False
XP_001747355,8.A.123.1,8.A.123.1,0.66,2767,False
Q9NQ34,8.A.123.1,8.A.123.1,0.95,2768,False
WP_031585819,8.A.123.2,8.A.123.2,0.56,2769,False
P57088,8.A.124.1,8.A.124.1,0.46,2772,False
Q96KA5,8.A.125.1,8.A.125.1,0.96,2777,False
XP_027796271,8.A.126.1,8.A.126.1,0.64,2780,False
XP_020477270,8.A.127.1,8.A.127.2,0.8,2784,False
XP_030900971,8.A.127.2,8.A.127.2,0.83,2788,False
XP_013349430,8.A.129.1,8.A.129.1,0.86,2794,False
GBG75892,8.A.129.1,8.A.129.1,0.86,2795,False
O42668,8.A.13.1,8.A.13.1,0.63,2796,False
P83748,8.A.131.1,8.A.131.1,0.99,2809,False
P00738,8.A.131.1,8.A.131.1,1.0,2810,False
B0FXM1,8.A.131.1,8.A.131.1,0.99,2811,False
Q9BUZ4,8.A.133.1,8.A.133.1,0.13,2822,False
WGW18136,8.A.133.1,8.A.133.1,0.14,2823,False
Q9C039,8.A.133.1,2.A.16.2,0.11,2824,False
ORZ11951,8.A.134.1,8.A.134.1,0.89,2829,False
Q6IIF2,8.A.135.1,8.A.135.2,0.67,2832,False
MPD02914,8.A.135.2,8.A.135.2,0.82,2837,False
Q96B67,8.A.136.1,8.A.136.1,0.99,2848,False
Q9H3M7,8.A.136.1,8.A.136.1,0.99,2849,False
Q20232,8.A.136.1,8.A.136.1,0.6,2850,False
XP_016921581,8.A.139.1,8.A.139.1,0.6,2852,False
SMO36342,8.A.139.2,8.A.139.2,0.41,2854,False
Q9NPA1,8.A.14.1,8.A.14.1,0.94,2858,False
XP_004208589,8.A.140.1,8.A.140.2,0.49,2862,False
KAF5277533,8.A.140.2,8.A.140.1,0.27,2864,False
R1ELF4,8.A.141.1,8.A.141.1,0.95,2869,False
Q6IEE7,8.A.143.1,8.A.143.1,0.91,2874,False
TNV81984,8.A.144.1,8.A.144.1,0.87,2878,False
WP_144051564,8.A.144.2,8.A.144.2,0.58,2879,False
KAF2077471,8.A.145.1,8.A.145.1,0.96,2884,False
P30041,8.A.147.1,8.A.147.1,0.85,2887,False
B8B381,8.A.15.1,8.A.159.1,0.24,2891,False
WP_008488490,8.A.150.1,8.A.150.1,0.76,2895,False
O43865,8.A.151.1,8.A.151.1,0.58,2896,False
WP_181340520,8.A.153.1,8.A.153.1,0.71,2901,False
MBC7395593,8.A.153.2,8.A.153.2,0.58,2902,False
XP_034038246,8.A.154.1,8.A.154.1,0.59,2907,False
WP_082825104,8.A.155.1,8.A.155.1,0.97,2912,False
KAF5827728,8.A.155.1,8.A.155.1,0.98,2913,False
XP_315963,8.A.157.1,8.A.157.1,0.62,2917,False
XP_018009461,8.A.157.2,8.A.157.2,0.66,2918,False
P90489,8.A.159.1,8.A.159.1,0.54,2926,False
O60337,8.A.159.1,8.A.159.1,0.47,2927,False
XP_032802017,8.A.159.2,8.A.170.1,0.07,2929,False
PWZ10394,8.A.159.3,8.A.159.1,0.57,2931,False
Q96GS6,8.A.161.1,8.A.161.1,0.65,2932,False
Q16790,8.A.164.1,8.A.164.1,0.58,2933,False
VDL89025,8.A.166.1,8.A.166.1,1.0,2943,False
CAF2143533,8.A.166.1,8.A.166.1,1.0,2944,False
XP_028411903,8.A.166.1,8.A.166.1,1.0,2945,False
XP_011530207,8.A.168.1,8.A.168.1,0.76,2949,False
GAW06118,8.A.169.1,8.A.169.1,0.99,2958,False
SSD60863,8.A.169.1,8.A.169.1,0.97,2959,False
XP_001229202,8.A.169.1,8.A.169.1,0.97,2960,False
Q07699,8.A.17.1,8.A.17.3,0.31,2964,False
P25189,8.A.17.2,8.A.17.1,0.61,2968,False
AAO89003,8.A.17.3,8.A.17.3,0.42,2973,False
Q15116,8.A.17.4,8.A.17.4,0.51,2974,False
Q9NXB0,8.A.170.1,8.A.170.1,0.68,2975,False
CAF0816190,8.A.171.1,8.A.171.1,0.91,2979,False
XP_036123603,8.A.172.1,8.A.172.1,0.22,2984,False
HHM12341,8.A.172.2,8.A.172.2,0.44,2989,False
WP_165159837,8.A.172.2,8.A.172.2,0.89,2990,False
Q9H4B7,8.A.173.1,8.A.173.1,0.57,2992,False
HFO91905,8.A.174.1,8.A.174.1,0.93,2997,False
MBT5252923,8.A.174.1,8.A.174.1,0.9,2998,False
KAF4354721,8.A.175.1,8.A.175.2,0.67,3000,False
XP_020163427,8.A.175.2,8.A.175.1,0.64,3005,False
WP_054576892,8.A.176.1,8.A.176.1,0.57,3009,False
UQL51144,8.A.177.1,8.A.177.1,1.0,3017,False
P50591,8.A.177.1,8.A.177.1,1.0,3018,False
KAG6546873,8.A.178.1,8.A.178.1,0.99,3025,False
XP_013762242,8.A.178.1,1.C.132.1,0.97,3026,False
Q9NY47,8.A.18.1,8.A.18.3,0.43,3028,False
Q5VU97,8.A.18.2,8.A.18.1,0.38,3030,False
Q7Z3S7,8.A.18.3,8.A.18.3,0.53,3032,False
WP_165133333,8.A.180.1,8.A.180.1,0.34,3035,False
VZI44309,8.A.181.1,8.A.181.1,0.97,3039,False
KAH8130706,8.A.182.1,8.A.182.1,0.74,3042,False
PSC71052,8.A.183.1,8.A.183.1,0.88,3047,False
ETW46879,8.A.183.1,8.A.183.1,0.78,3048,False
XP_020432384,8.A.185.1,8.A.185.1,0.99,3054,False
L0R6Q1,8.A.185.1,8.A.185.1,0.94,3055,False
O00592,8.A.187.1,8.A.187.1,0.66,3056,False
XP_001748040,8.A.188.1,8.A.188.1,0.57,3065,False
OMJ82451,8.A.188.1,8.A.188.1,0.98,3066,False
THD25096,8.A.189.1,8.A.189.1,0.83,3070,False
KJE94133,8.A.189.2,8.A.189.2,0.62,3071,False
Q4V5U6,8.A.19.1,8.A.19.1,0.53,3076,False
QID84842,8.A.190.1,8.A.190.1,0.71,3080,False
RMZ54818,8.A.191.1,8.A.191.1,0.97,3088,False
PXF60217,8.A.191.1,8.A.191.1,0.99,3089,False
WP_224341048,8.A.192.1,8.A.192.1,0.9,3094,False
P25491,8.A.192.1,8.A.192.1,0.88,3095,False
F4IVL6,8.A.192.2,8.A.192.2,0.83,3099,False
KAG8010605,8.A.193.1,8.A.193.1,0.84,3103,False
XP_029997346,8.A.194.1,8.A.194.1,0.39,3110,False
KAG2487039,8.A.194.1,8.A.194.1,0.58,3111,False
XP_031756194,8.A.196.1,8.A.196.1,0.67,3116,False
CDW53771,8.A.197.1,8.A.197.1,0.35,3120,False
P0AA95,8.A.2.1,8.A.2.1,0.87,3123,False
GBF99282,8.A.20.1,8.A.20.1,0.38,3126,False
KAF5839021,8.A.20.2,8.A.20.2,0.3,3128,False
XP_005646384,8.A.20.3,8.A.20.1,0.63,3130,False
TMD93600,8.A.201.1,8.A.201.1,0.74,3135,False
MBS4889330,8.A.201.2,8.A.201.2,0.74,3140,False
TWW75268,8.A.202.1,8.A.202.1,0.89,3145,False
Q6PD74,8.A.203.1,8.A.203.1,0.69,3146,False
NP_001336488,8.A.204.1,8.A.204.1,0.92,3152,False
P32926,8.A.204.1,8.A.204.1,0.9,3153,False
OLP90965,8.A.205.1,8.A.205.1,0.98,3159,False
SCM17177,8.A.205.1,8.A.205.1,0.68,3160,False
XP_045182095,8.A.206.1,8.A.206.1,0.78,3164,False
XP_033734125,8.A.208.1,8.A.208.1,0.88,3172,False
XP_048394075,8.A.208.1,8.A.208.1,0.88,3173,False
Q9VKM7,8.A.209.1,8.A.209.1,0.47,3175,False
RHY26985,8.A.210.1,8.A.210.1,0.43,3179,False
XP_031323901,8.A.211.1,8.A.211.1,0.58,3182,False
WP_196367168,8.A.212.1,8.A.212.1,0.65,3186,False
MAH74360,8.A.213.1,8.A.213.1,0.8,3191,False
MBL4747290,8.A.213.1,8.A.213.1,0.81,3192,False
XP_028399918,8.A.214.1,8.A.214.1,0.93,3197,False
XP_035489110,8.A.215.1,8.A.215.1,0.52,3200,False
KAJ3260049,8.A.216.1,8.A.216.1,0.87,3205,False
P38736,8.A.216.1,8.A.216.1,0.87,3206,False
O00305,8.A.22.1,8.A.22.1,0.6,3210,False
EKF99199,8.A.221.1,8.A.221.1,0.99,3218,False
TFJ87285,8.A.221.1,8.A.221.1,0.98,3219,False
P42858,8.A.222.1,8.A.222.1,0.66,3220,False
AAG25642,8.A.223.1,8.A.223.1,0.79,3224,False
KAG7342390,8.A.225.1,8.A.225.1,0.82,3228,False
KAI6194636,8.A.226.1,8.A.226.1,0.83,3233,False
NP_651733,8.A.226.1,8.A.226.1,0.86,3234,False
GFO46191,8.A.227.1,8.A.227.1,0.85,3241,False
KAI8730524,8.A.227.1,8.A.227.1,0.96,3242,False
WP_076222359,8.A.228.1,8.A.228.1,0.2,3244,False
RAS33480,8.A.229.1,8.A.229.1,0.29,3246,False
KAF0027435,8.A.230.1,8.A.230.1,0.52,3251,False
XP_017548242,8.A.237.1,8.A.237.1,0.4,3254,False
Q9UBP9,8.A.238.1,8.A.238.1,0.49,3257,False
H3CPN3,8.A.239.1,8.A.239.1,0.57,3259,False
G3VXE4,8.A.240.1,8.A.240.1,0.52,3261,False
Q9Y4G6,8.A.25.1,8.A.25.1,0.76,3268,False
Q9BQL6,8.A.25.1,8.A.25.1,0.98,3269,False
ANK58183,8.A.26.1,8.A.26.1,0.67,3275,False
P56539,8.A.26.1,8.A.26.1,0.98,3276,False
H2L0H3,8.A.27.1,8.A.27.1,1.0,3284,False
CZT62675,8.A.27.1,8.A.27.1,0.99,3285,False
Q9Z2Y3,8.A.29.1,8.A.29.1,0.62,3286,False
Q09098,8.A.31.1,8.A.31.1,0.93,3290,False
Q8I6Z5,8.A.32.1,8.A.32.1,0.79,3295,False
AGZ86590,8.A.33.1,8.A.33.1,0.07,3300,False
CCE37669,8.A.35.1,8.A.35.1,0.95,3305,False
POE55702,8.A.37.1,8.A.37.1,0.96,3310,False
P91193,8.A.38.1,8.A.38.1,0.24,3312,False
XP_012918761,8.A.39.1,8.A.39.1,0.6,3315,False
P42501,8.A.4.1,8.A.4.1,0.64,3316,False
P43111,8.A.4.2,8.A.4.2,0.24,3318,False
Q10063,8.A.41.1,8.A.41.1,1.0,3325,False
B9WHV4,8.A.41.1,8.A.41.1,1.0,3326,False
R4G5U4,8.A.42.1,8.A.42.1,0.93,3331,False
R5LHN3,8.A.42.1,8.A.42.1,0.18,3332,False
E9AL21,8.A.44.1,8.A.44.1,0.92,3337,False
A8JGI1,8.A.44.1,8.A.44.1,0.92,3338,False
E9BX85,8.A.45.1,8.A.45.1,0.98,3343,False
D6X268,8.A.45.1,8.A.45.1,0.99,3344,False
F2U0C1,8.A.45.2,8.A.45.1,0.98,3346,False
E4RVP8,8.A.46.1,8.A.46.1,0.63,3351,False
G0IYY9,8.A.46.1,8.A.46.1,0.54,3352,False
G2PKA2,8.A.46.2,8.A.46.3,0.79,3355,False
BAE20200,8.A.46.3,8.A.46.3,0.59,3360,False
I9WSV7,8.A.48.1,8.A.48.1,0.99,3367,False
MBV8416225,8.A.48.1,8.A.48.1,0.97,3368,False
AKM80894,8.A.49.1,8.A.49.1,0.32,3371,False
P77735,8.A.5.1,1.A.33.1,0.05,3377,False
P76187,8.A.5.1,1.C.126.1,0.05,3378,False
P0AAW9,8.A.50.1,8.A.50.1,0.63,3379,False
P27487,8.A.51.1,8.A.51.1,0.88,3384,False
Q12884,8.A.51.1,8.A.51.1,0.88,3385,False
S3DAG4,8.A.52.1,9.B.333.1,0.07,3390,False
Q7XZ04,8.A.52.1,8.A.52.1,0.95,3391,False
O60260,8.A.52.2,8.A.52.2,0.6,3392,False
V8NZN5,8.A.53.1,8.A.53.1,0.6,3395,False
W5KQV6,8.A.55.1,8.A.55.1,0.51,3397,False
Q5VZ72,8.A.55.2,8.A.55.3,0.55,3399,False
Q1ZYL8,8.A.55.3,8.A.55.3,0.66,3400,False
KAG7176625,8.A.57.1,8.A.57.1,0.9,3405,False
XP_023218887,8.A.57.1,8.A.57.1,1.0,3406,False
Q91499,8.A.58.1,8.A.58.2,0.51,3411,False
D5T4Y6,8.A.58.2,8.A.58.2,0.78,3423,False
Q9H7V2,8.A.58.2,8.A.58.2,0.99,3424,False
O35449,8.A.58.2,8.A.58.2,0.99,3425,False
OLS30636,8.A.59.1,8.A.59.1,0.64,3428,False
F7FKR6,8.A.60.1,8.A.60.1,0.59,3431,False
Q9C7D7,8.A.61.1,8.A.61.1,0.99,3440,False
Q8TBE1,8.A.61.1,8.A.61.1,0.99,3441,False
L7ILZ6,8.A.61.1,8.A.61.1,0.99,3442,False
W6UD82,8.A.62.1,8.A.62.1,0.79,3446,False
O02109,8.A.63.1,8.A.63.1,0.97,3451,False
E6TG36,8.A.63.1,8.A.63.1,0.88,3452,False
Q4UF74,8.A.65.1,8.A.65.1,0.94,3458,False
V7PSH7,8.A.65.1,8.A.65.1,0.94,3459,False
Q9UPN3,8.A.66.1,8.A.66.1,0.92,3466,False
Q01082,8.A.66.1,8.A.66.1,0.51,3467,False
Q99220,8.A.67.1,8.A.67.1,0.9,3472,False
NP_001122097,8.A.68.1,8.A.68.1,1.0,3486,False
KAF7834676,8.A.68.1,8.A.68.1,0.65,3487,False
XP_020044853,8.A.68.1,8.A.68.1,1.0,3488,False
XP_022972624,8.A.68.1,8.A.68.1,0.72,3489,False
V9L7R9,8.A.69.1,8.A.69.1,0.76,3492,False
H1XXY9,8.A.7.1,8.A.7.1,1.0,3497,False
A1RZ61,8.A.7.1,8.A.7.1,0.83,3498,False
KND87996,8.A.70.1,8.A.70.1,0.94,3503,False
A9V5D8,8.A.70.1,8.A.70.1,0.8,3504,False
E3M513,8.A.71.1,8.A.71.1,0.76,3508,False
AIA09566,8.A.72.1,8.A.72.1,0.86,3511,False
L1J6I0,8.A.73.1,8.A.73.1,0.83,3516,False
F2UQI9,8.A.73.1,8.A.73.1,0.51,3517,False
P81450,8.A.73.2,8.A.73.2,0.82,3521,False
O14894,8.A.75.1,8.A.75.1,0.94,3526,False
P30408,8.A.75.1,8.A.75.1,0.94,3527,False
I1CE35,8.A.76.1,8.A.76.1,0.56,3531,False
M0ZJN1,8.A.76.2,8.A.76.2,0.53,3532,False
O75173,8.A.77.1,8.A.77.1,0.96,3539,False
Q13444,8.A.77.1,8.A.77.1,0.97,3540,False
NP_080609,8.A.77.2,8.A.77.1,0.85,3543,False
P01057,8.A.77.3,8.A.77.3,0.61,3544,False
XP_054180400,8.A.78.1,8.A.78.1,0.48,3546,False
A2SGV2,8.A.79.1,2.A.8.1,0.08,3549,False
A1RZ60,8.A.8.1,8.A.8.1,0.95,3555,False
O50515,8.A.8.1,8.A.8.1,0.95,3556,False
P28783,8.A.81.1,8.A.104.1,0.06,3561,False
XP_055072748,8.A.83.1,8.A.83.1,0.96,3569,False
XP_017264102,8.A.83.1,8.A.83.1,0.99,3570,False
Q9BXS4,8.A.84.1,8.A.84.1,0.92,3574,False
O14958,8.A.88.1,8.A.88.1,0.61,3578,False
P30101,8.A.88.2,8.A.88.2,0.75,3585,False
AAH93062,8.A.88.2,8.A.88.1,0.53,3586,False
Q8A1G3,8.A.9.1,8.A.9.2,0.06,3589,False
Q9VHX9,8.A.9.2,8.A.9.2,0.14,3592,False
Q5DDT5,8.A.9.3,8.A.9.3,0.66,3593,False
W5M5V0,8.A.90.1,8.A.90.1,0.78,3596,False
T2F9S8,8.A.90.2,8.A.90.2,0.63,3599,False
Q12846,8.A.91.1,8.A.91.1,0.99,3611,False
A0AVG3,8.A.91.1,8.A.91.1,0.28,3612,False
P93654,8.A.91.1,8.A.91.1,0.08,3613,False
L8HA63,8.A.93.1,8.A.93.1,0.91,3617,False
Q9BZW5,8.A.93.2,8.A.93.2,0.88,3621,False
SBP60566,8.A.94.1,8.A.94.1,0.92,3626,False
Q7Z5L3,8.A.94.1,8.A.94.1,0.93,3627,False
P62258,8.A.98.1,8.A.98.1,0.32,3636,False
P61981,8.A.98.1,1.A.33.1,0.05,3637,False
V4QS44,8.A.98.2,8.A.98.2,0.59,3638,False
WP_026610930,8.A.99.1,8.A.99.1,0.83,3642,False
C9X4K7,8.B.1.1,8.B.1.1,1.0,3653,False
S5TR00,8.B.1.1,8.B.1.1,0.89,3654,False
P63019,8.B.1.1,8.B.1.2,0.42,3655,False
P60266,8.B.1.2,8.B.1.1,0.83,3657,False
TKW02011,8.B.1.3,8.B.1.3,0.59,3658,False
AME17663,8.B.1.4,8.B.1.4,0.62,3659,False
P84919,8.B.11.1,8.B.11.1,0.93,3663,False
P86716,8.B.12.1,8.B.12.1,0.94,3668,False
O43278,8.B.13.1,8.B.13.1,0.68,3673,False
O43291,8.B.13.2,8.B.13.2,0.52,3676,False
C3TS07,8.B.17.1,8.B.17.1,1.0,3683,False
B1B5I9,8.B.17.1,8.B.17.1,0.98,3684,False
A7RMN1,8.B.19.1,8.B.19.2,0.88,3686,False
C0HKG8,8.B.19.2,8.B.19.2,0.97,3693,False
P81790,8.B.19.2,8.B.19.2,0.91,3694,False
P86094,8.B.23.1,8.B.23.1,0.85,3698,False
P81782,8.B.23.2,1.C.74.1,0.74,3701,False
J9QWM7,8.B.25.1,8.B.25.1,0.85,3708,False
Q2QBC6,8.B.25.1,8.B.25.1,0.9,3709,False
Q80KL8,8.B.25.2,8.B.25.1,0.5,3712,False
Q9BPH7,8.B.28.1,8.B.28.1,0.6,3718,False
Q2I2Q5,8.B.28.1,8.B.4.1,0.39,3719,False
AXL93751,8.B.28.2,8.B.4.1,0.46,3721,False
B1P1H2,8.B.3.1,8.B.3.1,0.44,3727,False
Q7YT39,8.B.3.1,8.B.3.1,0.46,3728,False
P55817,8.B.30.1,8.B.30.1,0.72,3731,False
Q09470,8.B.31.1,8.B.31.1,0.7,3732,False
P55963,8.B.32.1,8.B.32.1,0.74,3742,False
Q2I2R5,8.B.32.1,8.B.32.1,0.54,3743,False
P69657,8.B.32.1,8.B.32.1,0.73,3744,False
P0C2C5,8.B.32.2,8.B.32.2,0.63,3749,False
BAS25445,8.B.4.1,8.B.4.1,0.45,3760,False
P58808,8.B.4.1,8.B.4.1,0.49,3761,False
P56633,8.B.4.1,8.B.4.1,0.95,3762,False
WEQ50348,8.B.4.3,8.B.4.3,0.38,3766,False
AKZ19080,8.B.42.1,8.B.42.1,0.65,3769,False
WP_125548623,8.B.43.1,8.B.43.1,0.97,3775,False
WP_137635425,8.B.43.1,8.B.43.1,0.97,3776,False
P83480,8.B.5.1,8.B.5.1,0.63,3777,False
P58426,8.B.5.2,8.B.5.2,0.39,3779,False
P60590,8.B.5.3,8.B.5.3,0.59,3786,False
M5AY63,8.B.5.3,8.B.3.1,0.72,3787,False
B8XH25,8.B.7.1,8.B.7.1,0.78,3792,False
P0C194,8.B.8.1,8.B.8.1,1.0,3800,False
P0C8R1,8.B.8.1,8.B.8.1,0.97,3801,False
B0X6A3,8.B.9.1,9.B.443.1,0.1,3807,False
P48060,8.B.9.1,8.B.9.1,0.96,3808,False
KAE8630831,9.A.1.1,8.A.104.1,0.17,3814,False
XP_005472026,9.A.1.1,8.A.104.1,0.08,3815,False
X2JDY8,9.A.1.2,9.A.1.2,0.53,3816,False
Q9V9S0,9.A.16.1,9.A.16.1,0.99,3824,False
Q9UQV4,9.A.16.1,9.A.16.1,0.98,3825,False
Q986E2,9.A.18.1,9.A.18.1,0.96,3830,False
RLN46998,9.A.19.1,9.A.19.1,0.97,3836,False
XP_044548243,9.A.19.1,9.A.19.1,0.85,3837,False
PYI33190,9.A.19.2,9.A.19.2,0.62,3838,False
Q9HVM8,9.A.21.1,9.A.21.1,0.12,3840,False
A9NFH9,9.A.23.1,9.A.23.1,0.71,3842,False
Q59Q40,9.A.26.1,9.A.26.1,0.89,3846,False
A4XHF2,9.A.28.1,9.A.28.1,0.77,3850,False
WP_167816028,9.A.32.1,9.A.32.1,0.53,3858,False
WP_158507728,9.A.32.1,9.A.32.1,0.74,3859,False
WP_173774957,9.A.32.2,9.A.32.1,0.56,3864,False
WP_090409123,9.A.32.2,9.A.32.1,0.74,3865,False
Q9KW03,9.A.33.1,9.A.33.1,0.64,3866,False
CAF0919544,9.A.35.1,9.A.35.1,0.96,3872,False
Q8I4H9,9.A.35.1,9.A.35.1,0.96,3873,False
Q9NRY6,9.A.36.1,9.A.36.1,0.95,3879,False
Q8IJH8,9.A.36.1,9.A.36.1,0.97,3880,False
Q1WF75,9.A.37.1,9.A.37.1,0.58,3881,False
P64564,9.A.4.1,9.A.4.1,0.49,3883,False
S6A3A3,9.A.4.2,9.A.4.2,0.27,3887,False
Q73GS7,9.A.4.3,9.A.4.3,0.63,3888,False
KQJ85610,9.A.43.1,9.A.43.1,1.0,3901,False
Q8LPS2,9.A.43.1,9.A.43.1,1.0,3902,False
XP_015973699,9.A.43.1,9.A.43.1,1.0,3903,False
D4GQY8,9.A.45.1,9.A.45.1,0.57,3905,False
Q54NS7,9.A.49.1,9.A.49.1,1.0,3915,False
Q5CW48,9.A.49.1,9.A.49.1,1.0,3916,False
P53633,9.A.49.1,9.A.49.1,1.0,3917,False
Q8EHH6,9.A.5.1,9.A.5.1,0.59,3918,False
Q99WQ7,9.A.5.2,9.A.5.2,0.47,3920,False
O34765,9.A.5.3,9.A.5.4,0.34,3922,False
P39379,9.A.5.4,9.A.5.4,0.34,3924,False
Q4DTX8,9.A.54.1,9.A.54.3,0.72,3929,False
B3L7M4,9.A.54.2,9.A.54.2,0.56,3930,False
Q68DH5,9.A.54.3,9.A.54.3,0.77,3935,False
Q12466,9.A.57.1,9.A.57.1,0.89,3945,False
P48231,9.A.57.1,9.A.57.1,0.89,3946,False
Q03640,9.A.57.1,9.A.57.1,1.0,3947,False
H1A8I6,9.A.59.1,9.A.59.1,0.68,3950,False
A0DG78,9.A.6.1,9.A.6.1,0.31,3952,False
I8AJB9,9.A.66.1,9.A.66.1,0.86,3955,False
WP_101143913,9.A.7.1,9.A.7.1,1.0,3961,False
WP_061080484,9.A.7.1,9.A.7.1,0.99,3962,False
P00505,9.A.70.1,9.A.70.1,0.58,3963,False
Q99445,9.A.71.1,9.A.71.1,0.64,3964,False
RJU95109,9.A.76.1,2.A.72.3,0.07,3974,False
KAE8977401,9.A.76.1,9.A.76.1,0.98,3975,False
RLT34927,9.A.76.1,9.A.76.1,0.09,3976,False
KAF4923135,9.A.78.1,9.A.78.1,0.97,3981,False
XP_002765820,9.A.79.1,9.A.79.1,0.82,3985,False
XP_011674862,9.A.80.1,9.A.80.1,0.78,3990,False
NBO37220,9.A.81.1,9.A.81.1,0.97,3995,False
Q9HFE1,9.A.9.1,9.A.9.1,0.56,3997,False
E8XKQ3,9.B.100.1,9.B.100.1,0.66,3998,False
KMZ66701,9.B.103.1,9.B.103.1,0.76,4001,False
D8IUH5,9.B.108.1,9.B.108.1,0.9,4006,False
A3TJM9,9.B.108.1,9.B.108.1,0.92,4007,False
F0VLB1,9.B.11.1,9.B.11.1,0.62,4009,False
PSG98608,9.B.110.1,9.B.110.2,0.62,4012,False
WP_042258648,9.B.110.2,9.B.110.2,0.35,4014,False
WP_121250785,9.B.111.1,9.B.111.1,0.77,4019,False
Q96PC5,9.B.113.1,9.B.113.1,0.19,4023,False
P0AFY2,9.B.114.1,9.B.114.1,0.61,4024,False
WP_185179402,9.B.116.1,9.B.116.3,0.51,4028,False
E5Z496,9.B.116.2,9.B.116.2,0.57,4029,False
TFH37055,9.B.116.3,9.B.116.2,0.48,4033,False
WP_051287091,9.B.118.1,9.B.118.1,0.98,4038,False
WP_089971100,9.B.118.1,9.B.118.1,0.98,4039,False
Q8LPI6,9.B.119.1,9.B.119.1,0.5,4044,False
QIR82081,9.B.119.1,9.B.119.1,0.85,4045,False
B3QLD9,9.B.12.1,9.B.12.1,0.7,4050,False
Q9ZNQ7,9.B.12.1,9.B.12.1,0.81,4051,False
I1CTU6,9.B.12.2,9.B.12.1,0.57,4053,False
P56508,9.B.12.3,9.B.12.1,0.53,4056,False
Q20516,9.B.12.4,9.B.12.4,0.67,4057,False
SDO08619,9.B.120.1,9.B.120.1,0.99,4065,False
NYE48519,9.B.120.1,9.B.120.1,0.98,4066,False
D1NQT2,9.B.122.1,9.B.122.1,0.71,4070,False
Q82QI0,9.B.122.2,9.B.122.2,0.63,4071,False
F6ULR8,9.B.123.1,9.B.123.2,0.48,4073,False
B8B6I6,9.B.123.2,2.A.103.1,0.04,4075,False
C4M797,9.B.123.3,9.B.123.3,0.59,4076,False
C7T8Y9,9.B.124.1,9.B.124.1,0.67,4085,False
AKM80210,9.B.124.1,9.B.124.1,0.99,4086,False
V4PBP8,9.B.124.2,9.B.124.2,0.81,4089,False
Q1LK71,9.B.125.1,9.A.37.1,0.06,4091,False
Q8PVB2,9.B.125.2,9.B.125.2,0.57,4093,False
E4N6G8,9.B.126.1,9.B.126.1,0.8,4098,False
Q72HC9,9.B.126.2,9.B.126.2,0.67,4106,False
AUZ87169,9.B.126.2,9.B.126.1,0.74,4107,False
A7ZGK4,9.B.127.1,9.B.127.1,0.5,4110,False
WP_014620776,9.B.127.2,9.B.127.1,0.77,4112,False
B6I4D1,9.B.128.1,9.B.128.1,0.65,4113,False
OJV97403,9.B.128.2,9.B.128.3,0.27,4115,False
P0A236,9.B.128.3,9.B.128.3,0.63,4116,False
H0J079,9.B.13.1,9.B.13.2,0.65,4118,False
K9HWE0,9.B.13.2,9.B.13.2,0.65,4120,False
C1L5K7,9.B.130.1,9.B.130.2,0.61,4125,False
Q98SD9,9.B.130.1,9.B.130.2,0.6,4126,False
O55100,9.B.130.2,9.B.130.1,0.47,4131,False
E7KKW7,9.B.132.1,9.B.132.1,0.23,4133,False
B0FXJ3,9.B.133.1,9.B.133.1,0.63,4135,False
E4UA69,9.B.133.2,9.B.133.2,0.59,4137,False
Q8IY95,9.B.134.1,9.B.134.1,0.64,4138,False
I1L1Q2,9.B.134.2,9.B.134.2,0.64,4139,False
P53093,9.B.135.1,9.B.135.2,0.59,4145,False
Q9BSR8,9.B.135.1,9.B.135.1,0.81,4146,False
Q9BWQ6,9.B.135.2,9.B.135.2,0.94,4153,False
P53108,9.B.135.2,9.B.135.2,0.76,4154,False
WP_066168960,9.B.136.1,9.B.136.3,0.46,4156,False
WP_220194381,9.B.136.2,9.B.136.3,0.42,4158,False
WP_013217642,9.B.136.3,9.B.136.3,0.46,4162,False
A8A9N6,9.B.136.4,9.B.136.4,0.55,4163,False
MQY02608,9.B.138.1,9.B.138.1,0.87,4167,False
F2HGA2,9.B.139.1,9.B.139.1,0.77,4172,False
O06748,9.B.139.1,9.B.139.1,0.77,4173,False
Q1CXZ2,9.B.139.2,9.B.139.2,0.6,4174,False
E2S7A3,9.B.139.3,9.B.139.1,0.77,4176,False
C7TAQ3,9.B.141.1,9.B.141.1,0.65,4179,False
G0G9H5,9.B.145.1,9.B.145.1,0.88,4184,False
H0R417,9.B.145.1,9.B.145.1,0.88,4185,False
P0AC78,9.B.146.1,9.B.146.1,0.87,4192,False
ALM14264,9.B.146.1,9.B.146.1,0.72,4193,False
P0AAW6,9.B.15.1,9.B.15.1,0.66,4194,False
Q138B7,9.B.15.2,9.B.15.2,1.0,4203,False
D2S9V8,9.B.15.2,9.B.15.2,1.0,4204,False
Q6MHC6,9.B.15.2,9.B.15.2,0.68,4205,False
Q6MK65,9.B.150.1,9.B.150.1,0.95,4209,False
OHB97472,9.B.154.1,9.B.154.1,1.0,4219,False
AJM78027,9.B.154.1,9.B.154.1,1.0,4220,False
B1ZTG9,9.B.154.1,9.B.154.1,0.98,4221,False
C9RAK9,9.B.156.1,9.B.156.1,0.58,4226,False
Q58290,9.B.156.2,9.B.156.2,0.49,4228,False
I6ZUE8,9.B.156.3,9.B.156.3,0.66,4229,False
F2MU33,9.B.158.1,9.B.158.1,0.83,4232,False
D5EE66,9.B.160.1,9.B.160.1,1.0,4245,False
A4TZ39,9.B.160.1,9.B.160.1,1.0,4246,False
Q1MQG2,9.B.160.1,9.B.160.1,1.0,4247,False
P08550,9.B.160.1,9.B.160.1,1.0,4248,False
G8PPB1,9.B.163.1,9.B.163.1,0.68,4254,False
F0SJU9,9.B.163.1,9.B.163.1,0.82,4255,False
Q6N889,9.B.163.2,9.B.163.2,0.57,4256,False
Q7UM60,9.B.163.3,9.B.163.1,0.49,4258,False
D5ST04,9.B.163.4,9.B.163.1,0.49,4260,False
E1THQ6,9.B.164.1,9.B.164.1,0.88,4263,False
Q94AL8,9.B.166.1,9.B.166.1,0.63,4264,False
A3UXB5,9.B.167.1,9.B.167.1,0.79,4267,False
D2QPR7,9.B.168.1,9.B.168.1,0.51,4270,False
B8FMP7,9.B.170.1,9.B.170.1,0.88,4276,False
Q1IUU0,9.B.170.1,9.B.170.1,0.92,4277,False
Q11WV5,9.B.172.1,9.B.172.1,0.97,4282,False
XP_015643584,9.B.174.1,2.A.61.2,0.05,4286,False
WP_088466477,9.B.174.2,9.B.34.1,0.13,4291,False
I3ZIU8,9.B.176.1,9.B.176.1,0.89,4295,False
Q12VB2,9.B.176.2,9.B.176.1,0.37,4297,False
S9VAZ9,9.B.177.1,9.B.177.1,0.21,4299,False
Q1CVQ2,9.B.18.1,9.B.18.1,0.47,4304,False
P27830,9.B.18.2,9.B.18.1,0.26,4308,False
R8RPP1,9.B.182.1,9.B.182.1,1.0,4314,False
K0N7U5,9.B.182.1,9.B.182.1,1.0,4315,False
D1PQ73,9.B.183.1,9.B.183.1,1.0,4323,False
P71056,9.B.183.1,9.B.183.1,0.89,4324,False
C5CCA2,9.B.185.1,9.B.185.1,0.98,4330,False
D1CEH0,9.B.185.1,9.B.185.1,0.98,4331,False
Q9BVK6,9.B.188.1,9.B.188.1,1.0,4340,False
Q6NWI7,9.B.188.1,9.B.188.1,1.0,4341,False
A5KC26,9.B.19.1,9.B.19.1,0.82,4345,False
KAF4675608,9.B.191.1,9.B.191.1,0.8,4354,False
P48583,9.B.191.1,9.B.191.1,0.9,4355,False
MBE0344742,9.B.191.2,9.B.191.2,0.51,4357,False
Q12016,9.B.199.1,9.B.199.1,0.99,4364,False
L1JGY1,9.B.199.1,9.B.199.1,0.97,4365,False
A6V4Q2,9.B.20.1,9.B.20.1,0.89,4370,False
B9TCJ7,9.B.20.2,9.B.20.1,0.47,4372,False
Q6MNC6,9.B.20.3,9.B.20.4,0.73,4376,False
WP_020581537,9.B.20.4,9.B.20.4,0.67,4381,False
KKQ27895,9.B.20.4,9.B.20.4,0.8,4382,False
PIK57755,9.B.200.1,9.B.200.1,0.92,4386,False
C5GC38,9.B.203.1,9.B.203.1,0.69,4389,False
XP_003064774,9.B.204.1,9.B.204.1,0.9,4396,False
GET92160,9.B.204.1,9.B.204.1,0.96,4397,False
XP_002683027,9.B.204.2,9.B.204.2,0.57,4398,False
A8IIR9,9.B.206.1,9.B.206.1,0.41,4403,False
G4LVB1,9.B.206.1,9.B.206.1,0.92,4404,False
W0T9B7,9.B.206.2,9.B.206.2,0.71,4406,False
W5L189,9.B.207.1,9.B.207.1,0.53,4408,False
Q07869,9.B.208.1,9.B.208.1,0.33,4414,False
Q13133,9.B.208.1,9.B.208.1,0.36,4415,False
Q7CJK3,9.B.209.1,9.B.209.1,0.64,4417,False
Q07540,9.B.21.1,9.B.443.1,0.06,4419,False
P27838,9.B.21.2,9.B.21.2,0.61,4420,False
WP_044276278,9.B.210.1,9.B.210.1,0.44,4430,False
WP_058186819,9.B.210.1,9.B.210.1,0.96,4431,False
WP_109489060,9.B.210.1,9.B.210.1,0.62,4432,False
WP_044729301,9.B.210.2,9.B.210.1,0.99,4434,False
H0E5G9,9.B.211.1,9.B.211.1,0.88,4437,False
P04288,9.B.212.1,9.B.212.1,0.69,4438,False
A5H0X7,9.B.213.1,9.B.213.1,0.57,4442,False
XP_003003461,9.B.214.1,9.B.214.1,0.77,4445,False
AKM78436,9.B.214.2,9.B.214.2,0.79,4450,False
R4MM06,9.B.214.2,9.B.214.2,0.9,4451,False
WP_053485284,9.B.214.3,9.B.214.2,0.54,4454,False
WP_131276719,9.B.214.4,9.B.214.4,0.6,4455,False
M2XSV3,9.B.216.1,9.B.216.1,0.94,4460,False
Q9ASV5,9.B.216.1,9.B.216.1,0.95,4461,False
D4TYE3,9.B.218.1,9.B.218.1,0.67,4465,False
WP_031561678,9.B.218.2,9.B.218.2,0.62,4466,False
WP_062417086,9.B.218.3,9.B.218.1,0.44,4468,False
WP_151624151,9.B.221.1,9.B.221.1,0.81,4477,False
MAM34034,9.B.221.1,9.B.221.1,0.75,4478,False
EMC02884,9.B.221.1,9.B.221.1,0.71,4479,False
WP_119506911,9.B.221.2,9.B.221.1,0.92,4483,False
G9EP97,9.B.223.1,9.B.223.1,1.0,4493,False
AKM78687,9.B.223.1,9.B.223.1,1.0,4494,False
AKM78689,9.B.223.1,9.B.223.1,1.0,4495,False
WP_090249803,9.B.225.1,9.B.225.1,0.99,4502,False
WP_051394874,9.B.225.1,9.B.225.1,0.97,4503,False
A4SKX1,9.B.225.2,9.B.225.2,0.61,4504,False
C0VZJ6,9.B.226.1,9.B.226.1,1.0,4513,False
K9B2Q0,9.B.226.1,9.B.226.1,1.0,4514,False
WP_122820729,9.B.226.1,9.B.226.1,1.0,4515,False
Q4Q4P9,9.B.228.1,9.B.228.1,0.92,4520,False
KIO23915,9.B.228.1,9.B.228.1,0.9,4521,False
Q08693,9.B.229.1,9.B.229.1,0.6,4528,False
Q04609,9.B.229.1,9.B.229.1,0.79,4529,False
Q96A25,9.B.23.1,9.B.23.1,0.94,4534,False
W6UFX4,9.B.23.1,9.B.23.3,0.6,4535,False
B9RCI8,9.B.23.3,9.B.23.1,0.8,4538,False
K3XFH1,9.B.23.4,9.B.23.1,0.56,4540,False
D6RJM9,9.B.230.1,9.B.230.1,0.61,4544,False
Q8L638,9.B.231.1,9.B.231.1,0.87,4549,False
S8GD98,9.B.231.1,9.B.231.1,0.9,4550,False
Q9H6X4,9.B.232.1,9.B.232.1,0.93,4558,False
Q22DH8,9.B.232.1,9.B.232.1,0.94,4559,False
E9B152,9.B.232.2,9.B.232.1,0.82,4561,False
Q5YNM5,9.B.234.1,9.B.234.1,0.85,4564,False
AHB41346,9.B.237.1,9.B.237.1,0.95,4569,False
SEG41633,9.B.237.1,9.B.237.1,0.95,4570,False
KKR67229,9.B.239.1,9.B.239.1,0.66,4574,False
KUK17074,9.B.241.1,9.B.241.1,0.44,4577,False
WP_073151285,9.B.241.2,9.B.241.2,0.5,4583,False
KKK45936,9.B.241.2,9.B.241.2,0.59,4584,False
PIR56717,9.B.243.1,8.A.104.1,0.09,4586,False
MBQ1273715,9.B.245.1,9.B.245.1,0.84,4589,False
WP_012020642,9.B.248.1,9.B.248.1,0.96,4594,False
WP_049954298,9.B.248.1,9.B.248.1,0.96,4595,False
WP_038794236,9.B.250.1,9.B.250.1,0.98,4600,False
WP_081449648,9.B.254.1,9.B.254.1,0.88,4604,False
K9FAK7,9.B.26.1,9.B.26.2,0.64,4608,False
A2EH91,9.B.26.2,9.B.26.2,0.91,4611,False
WP_103344802,9.B.261.1,9.B.261.1,0.39,4613,False
WP_156468100,9.B.263.1,9.B.263.2,0.8,4616,False
PIE62953,9.B.263.2,9.B.263.2,0.94,4622,False
RZD16788,9.B.263.2,9.B.263.2,0.85,4623,False
WP_017304407,9.B.265.1,9.B.265.1,0.84,4629,False
PIQ25652,9.B.265.1,8.A.104.1,0.1,4630,False
WP_102961726,9.B.273.1,9.B.273.1,0.26,4632,False
P37659,9.B.275.1,9.B.275.1,0.66,4633,False
G0QX98,9.B.276.1,9.B.276.1,0.51,4635,False
Q14118,9.B.277.1,9.B.277.1,0.57,4636,False
OUC06354,9.B.286.1,9.B.286.1,0.96,4641,False
NP_081084,9.B.287.1,9.B.287.1,0.95,4646,False
NIQ06385,9.B.296.1,9.B.296.1,0.68,4650,False
DAC08545,9.B.297.1,9.B.297.2,0.56,4653,False
G2EDH3,9.B.297.2,9.B.297.3,0.52,4657,False
PIU21855,9.B.297.3,9.B.297.2,0.38,4660,False
PAW60084,9.B.297.4,9.B.297.2,0.43,4665,False
WP_332355618,9.B.297.4,9.B.297.4,0.86,4666,False
WP_044035693,9.B.299.1,9.B.299.1,0.07,4669,False
WP_006828861,9.B.300.1,9.B.300.1,0.85,4672,False
RJQ44302,9.B.301.1,9.B.301.1,0.62,4675,False
WP_069909221,9.B.302.1,9.B.302.1,0.97,4680,False
WP_069116643,9.B.302.1,9.B.302.1,0.91,4681,False
YP_294138,9.B.309.1,9.B.309.1,0.98,4686,False
Q45064,9.B.31.1,9.B.31.1,0.71,4688,False
WP_018247222,9.B.310.1,9.B.310.1,0.86,4692,False
XP_012651217,9.B.314.1,9.B.314.1,0.99,4699,False
GBE61450,9.B.314.1,9.B.314.1,0.99,4700,False
P47026,9.B.315.1,9.B.315.1,0.57,4705,False
OEH80241,9.B.315.1,9.B.315.1,0.86,4706,False
XP_007269378,9.B.316.1,9.B.316.1,0.84,4710,False
RNA04992,9.B.317.1,9.B.317.1,0.45,4715,False
RJW66591,9.B.317.1,9.B.317.2,0.28,4716,False
RCN37802,9.B.317.2,9.B.317.2,0.43,4718,False
B9QYG9,9.B.32.1,9.B.32.1,0.93,4723,False
Q0K0R7,9.B.32.1,9.B.32.1,0.72,4724,False
C7RSB7,9.B.32.2,9.B.32.2,0.59,4725,False
AKB47484,9.B.323.1,9.B.323.1,0.56,4730,False
G0LIE5,9.B.323.1,9.B.323.1,0.75,4731,False
Q97YM6,9.B.323.2,9.B.323.2,0.66,4732,False
TXT58066,9.B.323.3,9.B.323.3,0.62,4733,False
XP_014717418,9.B.329.1,9.B.329.1,1.0,4738,False
XP_008709693,9.B.329.1,9.B.329.1,0.63,4739,False
OPY34595,9.B.33.1,9.B.33.1,0.97,4744,False
WP_141687139,9.B.33.1,9.B.33.1,0.97,4745,False
OPY17395,9.B.331.1,9.B.331.1,0.9,4750,False
WP_011249992,9.B.333.1,9.B.333.1,0.43,4754,False
WP_128121392,9.B.34.1,9.B.34.1,0.92,4761,False
EHB50236,9.B.34.1,9.B.34.1,0.9,4762,False
BAI61771,9.B.349.1,9.B.349.1,0.9,4768,False
TFF86251,9.B.349.1,9.B.349.1,0.57,4769,False
PWI46967,9.B.349.2,9.B.349.1,0.52,4771,False
Q9LVM5,9.B.35.1,9.B.34.1,0.1,4774,False
F7ZL37,9.B.35.2,9.B.35.2,0.66,4776,False
YP_009042119,9.B.350.1,9.B.350.1,0.78,4780,False
XP_016890459,9.B.360.1,9.B.360.1,0.99,4787,False
XP_015767335,9.B.360.1,9.B.360.1,0.96,4788,False
TTE66793,9.B.362.1,8.A.133.1,0.1,4794,False
TGZ58939,9.B.362.1,9.B.362.1,0.82,4795,False
XP_025610126,9.B.363.1,9.B.363.1,0.93,4800,False
PIN75864,9.B.363.1,9.B.363.1,0.98,4801,False
XP_028885247,9.B.366.1,9.B.366.1,0.89,4806,False
OLP91653,9.B.366.1,9.B.366.1,0.88,4807,False
XP_014528649,9.B.368.1,9.B.368.1,0.99,4815,False
CBN75028,9.B.368.1,9.B.368.1,0.99,4816,False
VEL21795,9.B.369.1,9.B.369.1,0.88,4821,False
VZI30569,9.B.369.1,9.B.369.1,0.9,4822,False
WP_148791740,9.B.370.1,9.B.370.1,1.0,4831,False
WP_066759509,9.B.370.1,9.B.370.1,1.0,4832,False
WP_163572643,9.B.370.1,9.B.370.1,1.0,4833,False
WP_221563781,9.B.371.1,9.B.371.1,0.64,4840,False
P0ADP2,9.B.371.1,9.B.371.1,1.0,4841,False
WP_143505982,9.B.371.2,1.C.126.1,0.05,4846,False
WP_119313807,9.B.371.2,1.C.126.1,0.05,4847,False
AIA62279,9.B.375.1,9.B.375.1,0.68,4849,False
AVP78050,9.B.376.1,9.B.376.1,0.8,4852,False
AWH65912,9.B.378.1,9.B.378.1,0.63,4855,False
YP_001039965,9.B.379.1,9.B.379.1,0.4,4858,False
P60201,9.B.38.1,9.B.38.1,0.63,4862,False
A0E9B5,9.B.38.2,9.B.38.2,0.63,4863,False
VFS91205,9.B.381.1,9.B.381.1,0.97,4868,False
OAT24401,9.B.381.1,9.B.381.1,0.92,4869,False
WP_144901851,9.B.382.1,9.B.382.1,0.82,4872,False
WP_123670180,9.B.383.1,9.B.383.1,0.79,4875,False
KAF0742818,9.B.385.1,9.B.385.1,0.87,4880,False
OGO15652,9.B.386.1,9.B.386.1,0.98,4885,False
WP_075072024,9.B.386.1,9.B.386.1,0.98,4886,False
AOV16085,9.B.398.1,9.B.398.1,1.0,4891,False
NEV64173,9.B.398.1,9.B.398.1,0.76,4892,False
P0A8S5,9.B.4.1,9.B.4.1,0.62,4893,False
WP_061358437,9.B.40.1,9.B.40.1,0.7,4897,False
WP_147581693,9.B.401.1,9.B.401.1,0.86,4901,False
OLS18358,9.B.402.1,9.B.402.1,0.7,4904,False
WP_139066557,9.B.404.1,9.B.404.1,0.87,4908,False
WP_147664736,9.B.405.1,9.B.405.1,0.62,4909,False
OQB95506,9.B.405.2,9.B.405.2,0.44,4911,False
PNY01650,9.B.405.3,9.B.405.3,0.6,4912,False
MEM0111568,9.B.408.1,9.B.408.1,1.0,4919,False
GAK50019,9.B.408.1,9.B.408.1,0.99,4920,False
XP_001611203,9.B.409.1,9.B.409.1,0.97,4927,False
XP_001609170,9.B.409.1,9.B.409.1,0.98,4928,False
H2SME2,9.B.41.1,9.B.41.1,0.67,4932,False
H9H2J6,9.B.41.2,9.B.41.1,0.57,4934,False
Q6QPG7,9.B.410.1,9.B.410.1,0.88,4937,False
P16743,9.B.410.2,9.B.410.1,0.57,4942,False
KPM02837,9.B.411.1,9.B.411.1,0.87,4947,False
XP_031425709,9.B.413.1,9.B.413.1,0.56,4950,False
WP_035807909,9.B.415.1,9.B.415.2,0.51,4953,False
WP_085622568,9.B.415.2,9.B.415.2,0.52,4956,False
WP_157897187,9.B.418.1,9.B.418.1,0.96,4962,False
KAF4589549,9.B.418.1,9.B.418.1,0.53,4963,False
CAF1434434,9.B.422.1,9.B.422.1,0.97,4972,False
XP_021346624,9.B.422.1,9.B.422.1,0.97,4973,False
XP_009021174,9.B.422.1,9.B.422.1,0.97,4974,False
P40126,9.B.423.1,9.B.423.1,0.87,4977,False
WP_050659402,9.B.429.1,9.B.429.1,0.59,4981,False
WP_031370192,9.B.43.1,9.B.43.1,0.56,4983,False
Q0EZ69,9.B.43.2,9.B.43.1,0.5,4985,False
MBP2646560,9.B.430.1,9.B.430.1,0.99,4990,False
MPZ73731,9.B.430.1,9.B.430.1,0.99,4991,False
XP_029039495,9.B.432.1,9.B.432.1,0.91,4997,False
AHL30243,9.B.432.1,9.B.432.1,0.98,4998,False
KPJ06551,9.B.432.2,9.B.432.2,0.65,4999,False
O00264,9.B.433.1,9.B.433.2,0.45,5004,False
XP_017077840,9.B.433.2,9.B.433.2,0.58,5005,False
XP_021391155,9.B.434.1,9.B.434.1,0.61,5008,False
CAD7941936,9.B.440.1,9.B.440.1,0.98,5015,False
XP_011131634,9.B.440.1,9.B.440.1,0.84,5016,False
MPZ51052,9.B.443.1,9.B.443.1,0.39,5024,False
WP_018894818,9.B.443.1,8.A.159.1,0.16,5025,False
AHG20698,9.B.444.1,9.B.444.1,0.62,5030,False
XP_049438914,9.B.445.1,9.B.445.1,0.59,5036,False
XP_051576024,9.B.445.1,9.B.445.1,1.0,5037,False
XP_012821900,9.B.445.2,9.B.445.2,0.54,5042,False
XP_020261152,9.B.446.1,9.B.446.1,0.95,5048,False
MCO5232536,9.B.446.1,9.B.446.1,0.97,5049,False
KAJ6224412,9.B.447.1,9.B.447.1,0.9,5054,False
MAD56197,9.B.450.1,9.B.450.1,0.87,5057,False
XP_020357351,9.B.452.1,9.B.452.1,0.69,5061,False
SVE85553,9.B.453.1,9.B.453.1,0.38,5070,False
XP_002738061,9.B.453.1,9.B.453.1,1.0,5071,False
XP_005764538,9.B.456.1,9.B.456.1,0.9,5076,False
XP_004341655,9.B.457.1,9.B.457.1,0.95,5081,False
XP_056038692,9.B.459.1,9.B.459.1,0.82,5085,False
Q8NVK5,9.B.46.1,9.B.46.1,0.71,5086,False
O00244,9.B.462.1,9.B.462.1,0.96,5091,False
Q04NU6,9.B.50.1,9.B.50.1,0.22,5099,False
Q72TA0,9.B.50.1,9.B.50.1,0.53,5100,False
F7NHB4,9.B.50.2,9.B.50.2,0.68,5101,False
A8IKM0,9.B.51.1,9.B.51.1,1.0,5109,False
A8J7Z7,9.B.51.1,9.B.51.1,1.0,5110,False
I4EGF2,9.B.54.1,9.B.54.1,0.47,5115,False
E1ZTI3,9.B.55.1,9.B.55.1,0.57,5118,False
B3S9N4,9.B.55.2,9.B.55.2,0.37,5120,False
OAJ10018,9.B.57.1,9.B.57.1,0.85,5125,False
Q8WVF1,9.B.68.1,9.B.68.1,0.69,5126,False
P75028,9.B.73.1,9.B.73.1,0.25,5128,False
Q93NG7,9.B.75.1,9.B.75.1,0.61,5129,False
P76555,9.B.75.2,9.B.75.2,0.66,5130,False
B2JQU6,9.B.75.3,9.B.75.3,0.79,5131,False
P23157,9.B.75.4,9.B.75.4,0.53,5132,False
Q3C2E8,9.B.76.1,9.B.76.1,0.56,5133,False
ORY52361,9.B.77.1,9.B.77.1,0.84,5138,False
PWU93445,9.B.77.1,9.B.77.1,0.85,5139,False
A0CS82,9.B.82.1,9.B.82.1,0.98,5144,False
A4HCA2,9.B.82.2,9.B.82.2,0.67,5145,False
Q9RFR9,9.B.83.1,9.B.83.1,0.57,5146,False
M1EV50,9.B.88.1,9.B.88.1,0.54,5149,False
WP_011390608,9.B.90.1,9.B.90.1,0.99,5155,False
WP_092927329,9.B.90.1,9.B.90.1,0.99,5156,False
C3Z5S0,9.B.92.1,9.B.92.1,0.38,5160,False
K7E4M5,9.B.92.2,9.B.92.2,0.38,5162,False
C7T873,9.B.98.1,9.B.98.1,0.63,5170,False
WP_138772272,9.B.98.1,9.B.98.1,0.81,5171,False
P37873,9.B.98.2,9.B.98.2,0.68,5172,False
