Protein,True_Subfamily,Predicted_Subfamily,Confidence,Index,True_Family,Predicted_Family
AFH41240,1.A.102.1,1.A.102.1,0.99997866,3,1.A.102,1.A.102
WP_189658242,1.A.104.1,1.A.104.1,0.99998915,7,1.A.104,1.A.104
XP_022087427,1.A.105.1,1.A.105.1,0.99999046,10,1.A.105,1.A.105
C4LY15,1.A.106.1,1.A.106.1,0.67816156,19,1.A.106,1.A.106
Q54TU8,1.A.106.1,1.A.106.1,0.94034153,20,1.A.106,1.A.106
Q8ID84,1.A.106.1,1.A.106.1,0.9046513,21,1.A.106,1.A.106
D3RXV6,1.A.106.2,1.A.106.2,0.8934337,26,1.A.106,1.A.106
Q8WWM9,1.A.107.1,1.A.107.1,0.9999958,31,1.A.107,1.A.107
Q92915,1.A.108.1,1.A.108.1,0.9999894,34,1.A.108,1.A.108
P01584,1.A.109.1,1.A.109.1,0.9999994,36,1.A.109,1.A.109
A9JTM7,1.A.110.1,1.A.110.1,0.9999304,45,1.A.110,1.A.110
R4GK65,1.A.110.1,1.A.110.1,0.99988914,46,1.A.110,1.A.110
Q4U8M1,1.A.111.1,1.A.111.1,0.99999404,54,1.A.111,1.A.111
Q8IDG4,1.A.111.1,1.A.111.1,0.9999964,55,1.A.111,1.A.111
XP_007903208,1.A.114.1,1.A.114.1,0.99999344,60,1.A.114,1.A.114
H3CYV8,1.A.114.1,1.A.114.1,0.9999932,61,1.A.114,1.A.114
WP_062382148,1.A.115.1,1.A.55.3,0.2617253,66,1.A.115,1.A.55
Q91DM1,1.A.116.1,1.A.116.1,0.9999788,72,1.A.116,1.A.116
AGA19094,1.A.116.1,1.A.116.1,0.9999651,73,1.A.116,1.A.116
QII89021,1.A.117.1,1.A.117.1,0.9705089,79,1.A.117,1.A.117
Q9J3N8,1.A.117.1,1.A.117.1,0.9982724,80,1.A.117,1.A.117
PRW60447,1.A.119.1,1.A.119.1,0.99913317,89,1.A.119,1.A.119
RYG54403,1.A.119.1,1.A.119.1,0.99927264,90,1.A.119,1.A.119
XP_005851849,1.A.119.1,1.A.119.1,0.9998585,91,1.A.119,1.A.119
Q9Y696,1.A.12.1,1.A.12.1,0.99966776,97,1.A.12,1.A.12
O95833,1.A.12.1,1.A.12.1,0.72944015,98,1.A.12,1.A.12
Q8F2Y8,1.A.12.2,1.A.12.3,0.99807066,100,1.A.12,1.A.12
B7LBF5,1.A.12.3,1.A.12.3,0.99043816,102,1.A.12,1.A.12
KAF2073363,1.A.121.1,1.A.121.1,0.9999671,111,1.A.121,1.A.121
KNE65670,1.A.121.1,1.A.121.1,0.99990666,112,1.A.121,1.A.121
XP_005847969,1.A.126.1,1.A.126.1,0.99990034,121,1.A.126,1.A.126
OLP87777,1.A.126.1,1.A.126.1,0.82702297,122,1.A.126,1.A.126
CAD7625038,1.A.126.1,1.A.126.1,0.999962,123,1.A.126,1.A.126
Q3LZX6,1.A.127.1,1.A.127.1,0.99968207,126,1.A.127,1.A.127
YP_009725255,1.A.128.1,1.A.128.1,0.9999987,127,1.A.128,1.A.128
P30405,1.A.129.1,1.A.129.1,1.0,128,1.A.129,1.A.129
XP_040533254,1.A.13.1,1.A.13.1,0.992336,137,1.A.13,1.A.13
Q9UQC9,1.A.13.1,1.A.13.1,0.9995548,138,1.A.13,1.A.13
VIP05124,1.A.13.2,1.A.55.3,0.32280448,142,1.A.13,1.A.55
A9WIT9,1.A.13.3,1.A.13.3,0.99999905,143,1.A.13,1.A.13
B3QY78,1.A.13.4,8.A.18.2,0.99982566,146,1.A.13,8.A.18
KAI2464759,1.A.131.1,1.A.131.1,0.99999356,154,1.A.131,1.A.131
KKY14299,1.A.131.1,1.A.131.1,0.9999614,155,1.A.131,1.A.131
RCL04097,1.A.132.1,1.A.132.1,0.9999939,158,1.A.132,1.A.132
P31845,1.A.134.1,1.A.134.1,0.99998164,163,1.A.134,1.A.134
Q03105,1.A.137.1,1.A.137.1,0.999997,165,1.A.137,1.A.137
XP_001687221,1.A.138.1,1.A.138.1,0.974853,170,1.A.138,1.A.138
KAJ9467172,1.A.138.2,1.A.138.2,0.74391454,171,1.A.138,1.A.138
XP_025967337,1.A.139.1,1.A.139.1,0.9999876,176,1.A.139,1.A.139
CAC5415462,1.A.140.1,1.A.140.1,0.9986877,181,1.A.140,1.A.140
KNC21563,1.A.140.1,1.A.140.1,0.99997675,182,1.A.140,1.A.140
WP_159458826,1.A.141.1,1.A.141.1,0.6279717,191,1.A.141,1.A.141
WP_342171699,1.A.141.1,1.A.141.1,0.64454585,192,1.A.141,1.A.141
WP_248910494,1.A.141.2,1.A.141.1,0.5729504,196,1.A.141,1.A.141
NP_044070,1.A.143.1,1.A.143.1,0.9999896,199,1.A.143,1.A.143
YP_009448007,1.A.144.1,1.A.144.1,0.9999529,203,1.A.144,1.A.144
YP_784320,1.A.145.1,1.A.145.1,0.9999933,206,1.A.145,1.A.145
VVB63523,1.A.147.1,1.A.147.1,0.9999664,215,1.A.147,1.A.147
NVM01300,1.A.147.1,1.A.147.1,0.99997723,216,1.A.147,1.A.147
BBF24341,1.A.149.1,1.A.149.1,0.99995756,218,1.A.149,1.A.149
E1Z497,1.A.15.1,1.A.55.3,0.2771815,223,1.A.15,1.A.55
Q99442,1.A.15.1,1.A.15.1,0.9999989,224,1.A.15,1.A.15
M1V6H9,1.A.18.1,1.A.18.1,0.9999664,226,1.A.18,1.A.18
M9YRP5,1.A.19.1,1.A.19.1,0.99998033,230,1.A.19,1.A.19
YP_009165879,1.A.19.2,1.A.19.2,0.999997,231,1.A.19,1.A.19
XP_011598515,1.A.20.1,1.A.20.1,0.91366196,234,1.A.20,1.A.20
E5S402,1.A.20.2,1.A.20.1,0.35400578,236,1.A.20,1.A.20
XP_028455685,1.A.21.1,1.A.21.1,0.77245367,247,1.A.21,1.A.21
P41958,1.A.21.1,1.A.21.2,0.7843929,248,1.A.21,1.A.21
QSG71260,1.A.21.1,1.A.21.1,0.96772814,249,1.A.21,1.A.21
XP_032502729,1.A.21.2,1.A.21.2,0.9996101,254,1.A.21,1.A.21
R7QNM6,1.A.22.1,1.A.22.1,0.99981743,266,1.A.22,1.A.22
AUF82136,1.A.22.1,1.A.22.1,0.9931043,267,1.A.22,1.A.22
YP_003969926,1.A.22.1,1.A.22.1,0.974854,268,1.A.22,1.A.22
A2C579,1.A.26.1,1.A.26.1,0.999977,274,1.A.26,1.A.26
Q8EAE0,1.A.26.1,1.A.26.1,0.99997985,275,1.A.26,1.A.26
O44196,1.A.26.2,1.A.26.2,0.99989974,279,1.A.26,1.A.26
L9YYI5,1.A.26.3,1.A.26.3,0.958569,280,1.A.26,1.A.26
Q93PJ3,1.A.29.1,1.A.29.1,0.99998283,285,1.A.29,1.A.29
Q814I5,1.A.29.1,1.A.29.1,0.9999521,286,1.A.29,1.A.29
A4JYY8,1.A.32.1,1.A.32.1,0.9666821,289,1.A.32,1.A.32
P11021,1.A.33.1,1.A.33.2,0.6594951,294,1.A.33,1.A.33
P36016,1.A.33.1,1.A.55.3,0.31103766,295,1.A.33,1.A.55
Q5YNG4,1.A.33.2,1.A.55.3,0.276515,298,1.A.33,1.A.55
Q91892,1.A.36.1,1.A.36.1,0.9986486,303,1.A.36,1.A.36
J0DPD5,1.A.36.2,1.A.36.1,0.96168774,305,1.A.36,1.A.36
XP_027868562,1.A.37.1,1.A.37.8,0.39428106,307,1.A.37,1.A.37
Q96PG2,1.A.37.2,1.A.37.2,0.866423,308,1.A.37,1.A.37
XP_018964003,1.A.37.3,1.A.37.2,0.6658716,311,1.A.37,1.A.37
XP_031566461,1.A.37.4,1.A.37.4,0.46757093,313,1.A.37,1.A.37
E1BKV5,1.A.37.5,1.A.37.8,0.55273974,314,1.A.37,1.A.37
J9P7D8,1.A.37.6,1.A.37.6,0.88673997,315,1.A.37,1.A.37
A6NML5,1.A.37.7,1.A.37.7,0.96794957,316,1.A.37,1.A.37
C3ZEE2,1.A.37.8,1.A.37.6,0.7754303,320,1.A.37,1.A.37
A2XX57,1.A.38.1,1.A.38.1,0.8983651,323,1.A.38,1.A.38
E9AL43,1.A.38.2,1.A.38.2,0.56121063,324,1.A.38,1.A.38
Q7RQA4,1.A.38.3,1.A.38.3,0.76752627,325,1.A.38,1.A.38
I6T2J8,1.A.39.1,1.A.39.1,0.9990102,328,1.A.39,1.A.39
AJP61612,1.A.40.1,1.A.40.1,0.99976295,330,1.A.40,1.A.40
Q6Y8U3,1.A.40.2,1.A.40.2,0.99978393,334,1.A.40,1.A.40
Q69C27,1.A.41.1,1.A.41.1,0.99848664,338,1.A.41,1.A.41
PIN02799,1.A.41.2,1.A.41.2,0.999962,343,1.A.41,1.A.41
R0EUA4,1.A.41.2,1.A.41.2,0.9981817,344,1.A.41,1.A.41
ADO34202,1.A.42.1,1.A.42.1,0.9999907,349,1.A.42,1.A.42
Q7Y5E2,1.A.44.1,1.A.44.1,0.9999999,350,1.A.44,1.A.44
Q8NFU0,1.A.46.1,1.A.46.1,0.9918577,357,1.A.46,1.A.46
Q8N1M1,1.A.46.1,1.A.46.1,0.99873096,358,1.A.46,1.A.46
M2Y919,1.A.46.2,1.A.46.2,0.99986076,368,1.A.46,1.A.46
D8UGV3,1.A.46.2,1.A.46.2,0.9998165,369,1.A.46,1.A.46
GAQ79686,1.A.46.2,1.A.46.2,0.9998617,370,1.A.46,1.A.46
P54105,1.A.47.1,1.A.47.1,0.582512,371,1.A.47,1.A.47
O13777,1.A.47.2,1.A.47.2,0.61102426,372,1.A.47,1.A.47
Q8IDZ0,1.A.47.3,1.A.47.3,0.56538486,373,1.A.47,1.A.47
Q9LVA7,1.A.47.4,1.A.47.1,0.4070104,374,1.A.47,1.A.47
Q9W5A5,1.A.48.1,1.A.48.1,0.9998853,379,1.A.48,1.A.48
KRX54150,1.A.48.1,1.A.48.2,0.997615,380,1.A.48,1.A.48
KAF1786581,1.A.48.2,1.A.48.2,0.9999801,382,1.A.48,1.A.48
YP_009113027,1.A.49.1,1.A.49.1,0.9999609,385,1.A.49,1.A.49
Q93533,1.A.55.1,1.A.55.1,0.65716517,388,1.A.55,1.A.55
F2UA94,1.A.55.2,1.A.55.3,0.97347575,390,1.A.55,1.A.55
Q5DFV8,1.A.55.3,1.A.55.3,0.9824737,391,1.A.55,1.A.55
D8LWX8,1.A.55.4,1.A.55.5,0.67645586,394,1.A.55,1.A.55
D8LKG3,1.A.55.5,1.A.55.5,0.62778604,395,1.A.55,1.A.55
Q54CR4,1.A.55.6,1.A.55.6,0.3621022,397,1.A.55,1.A.55
P0DTC3,1.A.57.1,1.A.57.1,0.9999851,402,1.A.57,1.A.57
AVM87627,1.A.58.1,1.A.58.1,0.99991107,406,1.A.58,1.A.58
R9RZY4,1.A.59.1,1.A.59.1,0.9999695,409,1.A.59,1.A.59
P12870,1.A.61.1,1.A.61.1,0.9999937,411,1.A.61,1.A.61
ATP66790,1.A.65.1,1.A.65.1,0.99994624,419,1.A.65,1.A.65
H9AA36,1.A.65.1,1.A.65.1,0.9999223,420,1.A.65,1.A.65
P81861,1.A.66.1,1.A.66.1,0.9999999,421,1.A.66,1.A.66
G4TKM5,1.A.67.1,1.A.67.1,0.7807448,430,1.A.67,1.A.67
KAI8073366,1.A.67.1,1.A.67.3,0.45839605,431,1.A.67,1.A.67
S9VKR5,1.A.67.2,1.A.67.2,0.52605855,434,1.A.67,1.A.67
XP_034420108,1.A.67.3,1.A.67.2,0.4711186,437,1.A.67,1.A.67
O36632,1.A.68.1,1.A.68.1,0.99999785,440,1.A.68,1.A.68
P80723,1.A.71.1,1.A.71.1,0.9530458,441,1.A.71,1.A.71
P17677,1.A.71.2,1.A.71.2,0.923468,442,1.A.71,1.A.71
Q03709,1.A.73.1,1.A.73.1,0.9999993,445,1.A.73,1.A.73
Q9BVC6,1.A.74.1,1.A.74.3,0.42043912,447,1.A.74,1.A.74
Q8WY22,1.A.74.2,1.A.74.3,0.44226304,449,1.A.74,1.A.74
H3D9P2,1.A.74.3,1.A.74.3,0.48474416,450,1.A.74,1.A.74
P38224,1.A.81.1,1.A.81.1,0.39582038,451,1.A.81,1.A.81
Q59WR6,1.A.81.2,1.A.81.1,0.29517725,452,1.A.81,1.A.81
I3VPY1,1.A.81.3,1.A.81.3,0.36051664,453,1.A.81,1.A.81
TGO16390,1.A.81.4,1.A.81.4,0.41371137,455,1.A.81,1.A.81
Q7Z7J7,1.A.82.1,1.A.82.1,0.9999927,462,1.A.82,1.A.82
CAF0733683,1.A.82.1,1.A.82.1,0.99865985,463,1.A.82,1.A.82
CRH77963,1.A.86.1,1.A.86.1,0.9996313,467,1.A.86,1.A.86
I2K324,1.A.88.1,1.A.88.1,0.9337193,475,1.A.88,1.A.88
G8YEP6,1.A.88.1,1.A.88.1,0.99997187,476,1.A.88,1.A.88
ANA96049,1.A.89.1,1.A.89.1,0.9999927,481,1.A.89,1.A.89
ADX59459,1.A.89.1,1.A.89.1,0.9998692,482,1.A.89,1.A.89
U5NGR3,1.A.93.1,1.A.93.1,0.9998574,486,1.A.93,1.A.93
E1AA99,1.A.93.2,1.A.93.2,0.99960107,487,1.A.93,1.A.93
UKG23804,1.A.94.1,1.A.94.1,0.99989486,491,1.A.94,1.A.94
L0N2B4,1.A.96.1,1.A.96.1,0.9999975,494,1.A.96,1.A.96
B2BW34,1.A.99.1,1.A.99.1,0.99989474,497,1.A.99,1.A.99
P0A927,1.B.10.1,1.B.10.1,0.8893548,498,1.B.10,1.B.10
W3VB60,1.B.10.2,1.B.10.2,0.7107954,503,1.B.10,1.B.10
D5EHS6,1.B.10.2,1.B.10.2,0.89419216,504,1.B.10,1.B.10
H8JS16,1.B.10.3,1.B.10.3,0.6068461,506,1.B.10,1.B.10
E9Z1V5,1.B.13.1,1.B.13.3,0.7135661,512,1.B.13,1.B.13
Q0VSL2,1.B.13.1,1.B.13.3,0.64625657,513,1.B.13,1.B.13
I4B356,1.B.13.2,1.B.13.3,0.3695056,515,1.B.13,1.B.13
J4K5X9,1.B.13.3,1.B.13.3,0.7010147,520,1.B.13,1.B.13
A1T0X2,1.B.15.1,1.B.15.1,0.9999629,525,1.B.15,1.B.15
C1ADV7,1.B.16.1,1.B.16.2,0.385931,534,1.B.16,1.B.16
D8PFV8,1.B.16.1,1.B.16.2,0.4111231,535,1.B.16,1.B.16
F8C3X3,1.B.16.1,1.B.16.1,0.57901263,536,1.B.16,1.B.16
D8PHW0,1.B.16.2,1.B.16.2,0.41263255,543,1.B.16,1.B.16
Q7UGJ0,1.B.16.2,1.B.5.1,0.46402636,544,1.B.16,1.B.5
WP_152053851,1.B.162.1,1.B.162.1,0.9999032,553,1.B.162,1.B.162
WP_160129378,1.B.162.1,1.B.162.1,0.9998957,554,1.B.162,1.B.162
M2YRU5,1.B.163.1,1.B.163.1,0.9999044,562,1.B.163,1.B.163
A0QP93,1.B.163.1,1.B.163.1,0.99993706,563,1.B.163,1.B.163
WP_231666935,1.B.165.1,1.B.165.1,0.9995989,571,1.B.165,1.B.165
I1SBC9,1.B.165.1,1.B.165.1,0.9998957,572,1.B.165,1.B.165
Q03961,1.B.18.1,1.B.18.3,0.50359386,574,1.B.18,1.B.18
P22236,1.B.18.2,1.B.18.2,0.9505173,578,1.B.18,1.B.18
P0A932,1.B.18.3,1.B.18.3,0.997498,586,1.B.18,1.B.18
Q1CVQ0,1.B.18.3,1.B.18.3,0.9641124,587,1.B.18,1.B.18
C1F9P1,1.B.19.1,1.B.19.1,0.9998921,595,1.B.19,1.B.19
H8FL42,1.B.19.1,1.B.19.1,0.9999634,596,1.B.19,1.B.19
WP_024910978,1.B.21.1,1.B.21.2,0.7458496,600,1.B.21,1.B.21
EEW1721302,1.B.21.2,1.B.21.3,0.66231865,605,1.B.21,1.B.21
B8K3G3,1.B.21.3,1.B.21.3,0.5397015,608,1.B.21,1.B.21
Q0SBX7,1.B.24.1,1.B.24.1,0.99998975,615,1.B.24,1.B.24
Q0RYN1,1.B.24.1,1.B.24.1,0.99997663,616,1.B.24,1.B.24
K5RXM5,1.B.26.1,1.B.26.1,0.9999058,618,1.B.26,1.B.26
H2IWN4,1.B.26.2,1.B.26.2,0.9999466,620,1.B.26,1.B.26
Q8GDI6,1.B.27.1,1.B.27.1,0.9996897,631,1.B.27,1.B.27
Q9S3I7,1.B.27.1,1.B.27.1,0.99972147,632,1.B.27,1.B.27
A0PAQ8,1.B.27.1,1.B.27.1,0.99891496,633,1.B.27,1.B.27
R4Q7V2,1.B.27.2,1.B.27.2,0.86823773,636,1.B.27,1.B.27
Q0WMZ5,1.B.30.1,1.B.30.2,0.5413726,638,1.B.30,1.B.30
Q9LZH8,1.B.30.2,1.B.30.2,0.56562835,639,1.B.30,1.B.30
B8BRM2,1.B.30.3,1.B.30.3,0.6047881,640,1.B.30,1.B.30
K4D2B1,1.B.30.4,1.B.30.4,0.9184444,641,1.B.30,1.B.30
M2X828,1.B.30.5,1.B.30.5,0.7324834,642,1.B.30,1.B.30
B9D0I1,1.B.31.1,1.B.31.1,0.9999088,648,1.B.31,1.B.31
B9KFF7,1.B.31.1,1.B.31.1,0.99989736,649,1.B.31,1.B.31
SES17047,1.B.34.1,1.B.34.3,0.5373439,657,1.B.34,1.B.34
WP_123925997,1.B.34.1,1.B.34.1,0.99696094,658,1.B.34,1.B.34
AEX77393,1.B.34.2,1.B.34.3,0.47710484,661,1.B.34,1.B.34
SQI24628,1.B.34.3,1.B.34.3,0.58986044,666,1.B.34,1.B.34
SIQ09903,1.B.34.4,1.B.34.2,0.44928128,669,1.B.34,1.B.34
L0MIX9,1.B.35.1,1.B.35.2,0.37561083,675,1.B.35,1.B.35
A6TDJ4,1.B.35.1,1.B.35.1,0.5203653,676,1.B.35,1.B.35
KPL05111,1.B.35.2,1.B.35.4,0.41551492,680,1.B.35,1.B.35
M4U9K6,1.B.35.3,1.B.35.4,0.4570789,682,1.B.35,1.B.35
C9QGR6,1.B.35.4,1.B.35.4,0.40282452,685,1.B.35,1.B.35
F0RWP8,1.B.36.1,1.B.36.1,0.9999721,688,1.B.36,1.B.36
H2CJW4,1.B.37.1,1.B.37.2,0.8770474,690,1.B.37,1.B.37
D0LRV8,1.B.37.2,1.B.37.2,0.8385385,691,1.B.37,1.B.37
Q9A8E5,1.B.39.1,1.B.39.1,0.99994326,699,1.B.39,1.B.39
V1E4I3,1.B.39.1,1.B.39.1,0.99993765,700,1.B.39,1.B.39
B9M7K9,1.B.39.2,1.B.39.1,0.99971205,702,1.B.39,1.B.39
B0VUV8,1.B.39.3,1.B.39.3,0.9943329,703,1.B.39,1.B.39
Q8FQT0,1.B.41.1,1.B.41.1,0.9999968,708,1.B.41,1.B.41
C0XRQ2,1.B.41.1,1.B.41.1,0.9999311,709,1.B.41,1.B.41
Q6GZ99,1.B.49.1,1.B.49.1,0.9997764,717,1.B.49,1.B.49
Q8G8H4,1.B.49.1,1.B.49.1,0.99994683,718,1.B.49,1.B.49
Q2S4D9,1.B.5.1,1.B.5.2,0.94632244,731,1.B.5,1.B.5
G6XK71,1.B.5.1,1.B.5.1,0.5240452,732,1.B.5,1.B.5
F5SXN1,1.B.5.1,1.B.5.1,0.64098597,733,1.B.5,1.B.5
D3SLU1,1.B.5.2,1.B.16.2,0.41979814,735,1.B.5,1.B.16
D4U1N3,1.B.50.1,1.B.50.2,0.9942675,737,1.B.50,1.B.50
S0EUI6,1.B.50.2,1.B.50.2,0.90913564,740,1.B.50,1.B.50
Q44881,1.B.51.1,1.B.51.1,0.9999999,741,1.B.51,1.B.51
B8F2P1,1.B.52.1,1.B.52.1,0.99998784,743,1.B.52,1.B.52
A7ZLV9,1.B.53.1,1.B.53.1,0.9924723,747,1.B.53,1.B.53
D0LXF9,1.B.60.1,1.B.60.1,0.99980694,756,1.B.60,1.B.60
Q6MQH3,1.B.60.1,1.B.60.1,0.9991165,757,1.B.60,1.B.60
Q1DFS2,1.B.61.1,1.B.61.1,0.9999902,763,1.B.61,1.B.61
Q72DY0,1.B.61.1,1.B.61.1,0.99998665,764,1.B.61,1.B.61
Q07KZ2,1.B.62.1,1.B.62.1,0.9999894,772,1.B.62,1.B.62
A6DTR9,1.B.62.1,1.B.62.1,0.9997949,773,1.B.62,1.B.62
D2QNK6,1.B.63.1,1.B.63.1,0.9999597,778,1.B.63,1.B.63
B2RL31,1.B.63.1,1.B.63.1,0.9999285,779,1.B.63,1.B.63
F9EV82,1.B.65.1,1.B.65.1,0.9999653,788,1.B.65,1.B.65
I3DIB8,1.B.65.1,1.B.65.1,0.99996066,789,1.B.65,1.B.65
F6D908,1.B.68.1,1.B.68.1,0.99678516,793,1.B.68,1.B.68
A0BTG7,1.B.69.1,1.B.69.1,0.9858269,800,1.B.69,1.B.69
Q4PEM6,1.B.69.1,1.B.69.1,0.958974,801,1.B.69,1.B.69
Q6GQ39,1.B.69.2,1.B.69.2,0.9761287,806,1.B.69,1.B.69
A4WXA3,1.B.7.1,1.B.7.1,0.9999442,813,1.B.7,1.B.7
Q5HB83,1.B.7.1,1.B.7.1,0.9995339,814,1.B.7,1.B.7
Q2K0Q0,1.B.70.1,1.B.70.1,0.9999287,827,1.B.70,1.B.70
Q9L7A9,1.B.70.1,1.B.70.1,0.999951,828,1.B.70,1.B.70
Q44665,1.B.70.1,1.B.70.1,0.9999572,829,1.B.70,1.B.70
L0G408,1.B.73.1,1.B.73.1,0.54147536,834,1.B.73,1.B.73
E4T302,1.B.73.2,1.B.73.2,0.97440207,836,1.B.73,1.B.73
C6XPW9,1.B.75.1,1.B.75.1,0.99958175,842,1.B.75,1.B.75
Q1CZE8,1.B.75.1,1.B.75.1,0.9883818,843,1.B.75,1.B.75
F8CR23,1.B.75.2,1.B.75.1,0.8275449,845,1.B.75,1.B.75
Q7VAD5,1.B.75.3,1.B.75.1,0.99421114,847,1.B.75,1.B.75
Q4KCN5,1.B.76.1,1.B.76.1,0.9999869,853,1.B.76,1.B.76
P36649,1.B.76.1,1.B.76.1,0.85996485,854,1.B.76,1.B.76
R7QJ14,1.B.77.1,1.B.77.2,0.6395143,863,1.B.77,1.B.77
F4H7F7,1.B.77.1,1.B.77.1,0.80376476,864,1.B.77,1.B.77
W7TBY2,1.B.77.2,1.B.77.2,0.99768794,868,1.B.77,1.B.77
A5G7L3,1.B.78.1,1.B.78.1,0.99995136,873,1.B.78,1.B.78
L1L857,1.B.79.1,1.B.79.1,0.8668563,875,1.B.79,1.B.79
F2IHT4,1.B.81.1,1.B.81.1,0.8386803,888,1.B.81,1.B.81
WP_020562207,1.B.81.1,1.B.81.1,0.9721991,889,1.B.81,1.B.81
W0A8H9,1.B.81.1,1.B.81.1,0.9301944,890,1.B.81,1.B.81
F8GDI1,1.B.81.1,1.B.81.1,0.9740951,891,1.B.81,1.B.81
WP_054039809,1.B.81.2,1.B.81.1,0.688133,893,1.B.81,1.B.81
A5C9I8,1.B.82.1,1.B.82.1,0.9980038,896,1.B.82,1.B.82
OGR70538,1.B.84.1,1.B.84.1,0.99971074,903,1.B.84,1.B.84
NLW31479,1.B.84.1,1.B.84.1,0.98741734,904,1.B.84,1.B.84
S2XLX4,1.B.85.1,1.B.85.1,0.99998486,909,1.B.85,1.B.85
WP_094626014,1.B.85.1,1.B.85.1,0.9999782,910,1.B.85,1.B.85
CBA75730,1.B.92.1,1.B.92.1,0.6172036,917,1.B.92,1.B.92
WP_132308094,1.B.92.1,1.B.92.1,0.7163827,918,1.B.92,1.B.92
WP_101656401,1.B.92.2,1.B.92.2,0.7279079,919,1.B.92,1.B.92
WP_052632100,1.B.95.1,1.B.95.4,0.68025684,922,1.B.95,1.B.95
Q63IQ6,1.B.95.2,1.B.95.5,0.5079847,925,1.B.95,1.B.95
WP_104228733,1.B.95.3,1.B.95.4,0.80305266,930,1.B.95,1.B.95
NBO10119,1.B.95.3,1.B.95.4,0.9595028,931,1.B.95,1.B.95
WP_068467660,1.B.95.4,1.B.95.4,0.7835381,934,1.B.95,1.B.95
WP_105313043,1.B.95.5,1.B.95.5,0.553781,937,1.B.95,1.B.95
T0PS78,1.C.10.1,1.C.10.1,0.90293556,939,1.C.10,1.C.10
XP_008608581,1.C.10.2,1.C.10.2,0.99949396,942,1.C.10,1.C.10
B3MQ48,1.C.10.3,1.C.10.3,0.5638832,944,1.C.10,1.C.10
EKF9241902,1.C.100.1,1.C.100.1,0.9980166,947,1.C.100,1.C.100
AZY88389,1.C.101.1,1.C.101.1,0.9998653,952,1.C.101,1.C.101
C6SS71,1.C.102.1,1.C.26.1,0.9223007,954,1.C.102,1.C.26
POR31694,1.C.104.1,1.C.104.1,0.52745104,960,1.C.104,1.C.104
XP_016642337,1.C.104.1,1.C.104.2,0.8023326,961,1.C.104,1.C.104
XP_008081830,1.C.104.2,1.C.104.2,0.64800394,966,1.C.104,1.C.104
XP_007925356,1.C.104.3,1.C.104.1,0.851225,968,1.C.104,1.C.104
O06497,1.C.106.1,1.C.106.1,0.99986875,972,1.C.106,1.C.106
Q9I788,1.C.106.4,1.C.106.4,0.98799187,974,1.C.106,1.C.106
P81605,1.C.108.1,1.C.108.2,0.49180558,975,1.C.108,1.C.108
XP_014317300,1.C.108.2,1.C.108.2,0.7198524,979,1.C.108,1.C.108
Q6UXR3,1.C.108.3,1.C.108.2,0.60917944,980,1.C.108,1.C.108
J8IXD8,1.C.109.1,1.C.109.1,0.99999356,985,1.C.109,1.C.109
C7BYV0,1.C.109.1,1.C.109.1,0.99997413,986,1.C.109,1.C.109
A1YKW7,1.C.11.1,1.C.11.1,0.9999355,994,1.C.11,1.C.11
AEH33294,1.C.11.1,1.C.11.1,0.9999571,995,1.C.11,1.C.11
G3WS63,1.C.110.1,1.C.110.1,0.9999981,998,1.C.110,1.C.110
Q9H2X3,1.C.111.1,1.C.111.1,0.99998426,1013,1.C.111,1.C.111
Q5QGZ9,1.C.111.1,1.C.111.1,0.99999225,1014,1.C.111,1.C.111
P05451,1.C.111.1,1.C.111.1,0.99988675,1015,1.C.111,1.C.111
Q07108,1.C.111.1,1.C.111.1,0.9999907,1016,1.C.111,1.C.111
P67153,1.C.113.1,1.A.55.3,0.26405445,1026,1.C.113,1.A.55
Q86V24,1.C.113.1,1.C.113.1,0.98949,1027,1.C.113,1.C.113
Q8TEZ7,1.C.113.1,1.C.113.1,0.9927747,1028,1.C.113,1.C.113
Q8IY49,1.C.113.2,1.C.113.1,0.77229214,1031,1.C.113,1.C.113
Q7YZB4,1.C.114.1,1.C.114.1,0.9999635,1036,1.C.114,1.C.114
K4PXJ9,1.C.115.1,1.C.115.1,0.99997556,1041,1.C.115,1.C.115
P45884,1.C.115.1,1.C.115.1,0.999987,1042,1.C.115,1.C.115
E9EKK1,1.C.119.1,1.C.119.1,0.999961,1047,1.C.119,1.C.119
M5N9T8,1.C.119.1,1.C.119.1,0.99997044,1048,1.C.119,1.C.119
P04347,1.C.121.1,8.A.77.2,0.17302597,1050,1.C.121,8.A.77
Q56CZ9,1.C.122.1,1.C.122.1,0.9999939,1052,1.C.122,1.C.122
P82427,1.C.124.1,1.C.124.1,0.99990034,1057,1.C.124,1.C.124
AEX09222,1.C.124.1,1.C.124.1,0.99984837,1058,1.C.124,1.C.124
AHN67314,1.C.126.1,1.C.126.1,0.9999958,1062,1.C.126,1.C.126
AAA32327,1.C.129.1,1.C.129.1,0.99999166,1065,1.C.129,1.C.129
B7PSG2,1.C.13.1,1.C.13.1,0.99999166,1070,1.C.13,1.C.13
J9HUA3,1.C.13.1,1.C.13.1,0.9999807,1071,1.C.13,1.C.13
WP_072053873,1.C.130.1,1.C.130.1,0.9999646,1075,1.C.130,1.C.130
XP_039042682,1.C.132.1,1.C.132.1,0.99993,1081,1.C.132,1.C.132
WP_168566867,1.C.132.1,1.C.132.1,0.99975187,1082,1.C.132,1.C.132
WP_241450605,1.C.136.1,1.C.136.1,0.99999833,1084,1.C.136,1.C.136
Q1ELT9,1.C.138.1,1.C.138.1,0.9979861,1087,1.C.138,1.C.138
Q1ELU4,1.C.138.2,1.C.138.2,0.99977213,1088,1.C.138,1.C.138
WP_047703972,1.C.14.1,1.C.14.1,0.9998641,1094,1.C.14,1.C.14
D1J6Q5,1.C.14.1,1.C.14.1,0.99996686,1095,1.C.14,1.C.14
CAC42164,1.C.18.1,1.C.18.1,0.9999896,1098,1.C.18,1.C.18
P82270,1.C.19.1,1.C.19.1,0.8704308,1104,1.C.19,1.C.19
Q6EZF9,1.C.19.1,1.C.19.1,0.9999925,1105,1.C.19,1.C.19
AWG87247,1.C.2.1,1.C.2.3,0.5587112,1117,1.C.2,1.C.2
WP_132821133,1.C.2.1,1.C.2.3,0.948116,1118,1.C.2,1.C.2
KAB2896819,1.C.2.1,1.C.2.1,0.5853162,1119,1.C.2,1.C.2
Q9ZIU5,1.C.2.2,1.C.2.1,0.44763064,1122,1.C.2,1.C.2
P56955,1.C.2.3,1.C.2.3,0.56181926,1125,1.C.2,1.C.2
P08136,1.C.20.1,1.C.20.1,0.99977773,1130,1.C.20,1.C.20
O68586,1.C.20.1,1.C.20.1,0.9942615,1131,1.C.20,1.C.20
WWQ01948,1.C.20.2,1.C.20.2,0.971116,1134,1.C.20,1.C.20
P84962,1.C.24.1,1.C.24.1,0.98928833,1147,1.C.24,1.C.24
P83002,1.C.24.1,1.C.24.1,0.9993488,1148,1.C.24,1.C.24
Q6TGQ7,1.C.24.1,1.C.24.1,0.9997485,1149,1.C.24,1.C.24
WP_080375718,1.C.24.1,1.C.24.1,0.99993324,1150,1.C.24,1.C.24
WP_098856434,1.C.26.1,1.C.26.1,0.9545731,1153,1.C.26,1.C.26
Q83TS1,1.C.31.1,1.C.31.2,0.9872028,1156,1.C.31,1.C.31
A7GJP5,1.C.31.2,1.C.31.2,0.9999403,1157,1.C.31,1.C.31
P49913,1.C.33.1,1.C.33.1,0.9999232,1167,1.C.33,1.C.33
P54228,1.C.33.1,1.C.33.1,0.9999237,1168,1.C.33,1.C.33
ASN73764,1.C.33.1,1.C.33.1,0.9993536,1169,1.C.33,1.C.33
WP_121688872,1.C.37.1,1.C.37.1,0.9999882,1180,1.C.37,1.C.37
WP_142504358,1.C.37.1,1.C.37.1,0.9999715,1181,1.C.37,1.C.37
CRH85725,1.C.37.1,1.C.37.1,0.9999598,1182,1.C.37,1.C.37
XP_010767831,1.C.38.1,1.C.38.1,0.99960774,1196,1.C.38,1.C.38
Q5UCA8,1.C.38.1,1.C.38.1,0.99872524,1197,1.C.38,1.C.38
P07845,1.C.38.1,1.C.38.1,0.99989784,1198,1.C.38,1.C.38
P0DQV7,1.C.38.1,1.C.38.1,0.99989283,1199,1.C.38,1.C.38
C0RWX4,1.C.40.1,1.C.40.1,0.9999366,1206,1.C.40,1.C.40
P11597,1.C.40.1,1.C.40.1,0.9999503,1207,1.C.40,1.C.40
B5ABT1,1.C.40.2,1.C.40.2,0.99999976,1208,1.C.40,1.C.40
B2LWZ1,1.C.42.1,1.C.42.1,0.2978157,1213,1.C.42,1.C.42
O06498,1.C.42.1,1.C.42.1,0.9999871,1214,1.C.42,1.C.42
P08943,1.C.44.1,1.C.44.1,0.99997735,1216,1.C.44,1.C.44
Q9PW56,1.C.46.1,1.C.46.1,0.5782709,1218,1.C.46,1.C.46
P01160,1.C.46.2,1.C.46.2,0.6873645,1221,1.C.46,1.C.46
B7PQR1,1.C.47.1,1.C.47.1,0.9417508,1230,1.C.47,1.C.47
I1T3C7,1.C.47.1,1.C.47.3,0.51666766,1231,1.C.47,1.C.47
C3Z4F2,1.C.47.1,1.C.47.1,0.58564734,1232,1.C.47,1.C.47
Q53I06,1.C.47.2,1.C.47.2,0.4208658,1233,1.C.47,1.C.47
F6LCB3,1.C.47.3,1.C.47.3,0.491961,1237,1.C.47,1.C.47
Q07A30,1.C.47.4,1.C.47.3,0.40440091,1238,1.C.47,1.C.47
Q9UKY0,1.C.48.1,1.C.48.1,0.9999926,1242,1.C.48,1.C.48
P06881,1.C.49.1,1.C.49.1,0.99996734,1244,1.C.49,1.C.49
NFF70739,1.C.5.1,1.C.78.1,0.36508125,1247,1.C.5,1.C.78
R7ZEE7,1.C.5.2,1.C.5.1,0.57668746,1250,1.C.5,1.C.5
Q45728,1.C.5.3,1.C.5.1,0.32972366,1251,1.C.5,1.C.5
T2MFP9,1.C.50.1,1.C.50.1,0.9999982,1255,1.C.50,1.C.50
Q07932,1.C.51.1,1.C.51.1,0.99999964,1256,1.C.51,1.C.51
P69178,1.C.54.1,1.C.54.1,0.9999975,1257,1.C.54,1.C.54
P0A3W8,1.C.55.1,1.C.55.1,1.0,1258,1.C.55,1.C.55
F2JTE2,1.C.56.1,1.C.56.1,0.9998512,1262,1.C.56,1.C.56
WP_089964624,1.C.61.1,1.C.61.1,0.9999659,1266,1.C.61,1.C.61
L0CMD2,1.C.62.1,1.C.62.1,0.9999938,1270,1.C.62,1.C.62
XP_015918646,1.C.63.1,1.C.63.1,0.99999833,1273,1.C.63,1.C.63
Q6BF25,1.C.64.1,1.C.64.1,0.9999355,1285,1.C.64,1.C.64
MBA8650993,1.C.64.1,1.C.64.1,0.99993074,1286,1.C.64,1.C.64
WP_141754689,1.C.64.1,1.C.64.1,0.9998254,1287,1.C.64,1.C.64
Q5Y4S2,1.C.65.1,1.C.65.1,0.99988997,1291,1.C.65,1.C.65
Q9L6W3,1.C.65.2,1.C.65.2,0.99982566,1292,1.C.65,1.C.65
P33432,1.C.66.1,1.C.66.1,0.9999976,1293,1.C.66,1.C.66
C4M9N5,1.C.67.1,1.C.67.1,0.999995,1295,1.C.67,1.C.67
P83250,1.C.68.1,1.C.68.1,0.9999925,1297,1.C.68,1.C.68
WP_030364034,1.C.7.1,1.C.7.2,0.99984694,1299,1.C.7,1.C.7
KID84774,1.C.7.2,1.C.7.2,0.9992021,1301,1.C.7,1.C.7
WP_062552397,1.C.70.1,1.C.70.1,0.99975675,1306,1.C.70,1.C.70
A5N971,1.C.71.1,1.C.71.1,0.9995974,1310,1.C.71,1.C.71
S8E3M3,1.C.71.2,1.C.71.2,0.9999579,1314,1.C.71,1.C.71
P01382,1.C.74.1,1.C.74.1,0.96476907,1321,1.C.74,1.C.74
Q8QGR0,1.C.74.1,1.C.74.1,0.99062085,1322,1.C.74,1.C.74
B1Z6U1,1.C.75.1,1.C.75.1,0.8864389,1329,1.C.75,1.C.75
AKC96038,1.C.75.1,1.C.75.1,0.9999865,1330,1.C.75,1.C.75
O76070,1.C.77.1,1.C.77.1,0.99999523,1333,1.C.77,1.C.77
A7IZR5,1.C.78.1,1.C.78.1,0.83610934,1337,1.C.78,1.C.78
P46081,1.C.8.1,1.C.8.1,0.9999956,1341,1.C.8,1.C.8
B7LAC5,1.C.80.1,1.C.80.1,0.999987,1345,1.C.80,1.C.80
NP_001011705,1.C.81.1,1.C.81.1,0.8617167,1353,1.C.81,1.C.81
Q9NS71,1.C.81.1,1.C.81.2,0.8783895,1354,1.C.81,1.C.81
Q9NQX7,1.C.81.2,1.C.81.2,0.97957087,1357,1.C.81,1.C.81
WP_078474522,1.C.82.1,1.C.82.1,0.9999938,1359,1.C.82,1.C.82
Q9ZGP5,1.C.83.1,1.C.83.1,0.9999937,1361,1.C.83,1.C.83
F9P995,1.C.84.1,1.C.84.1,0.99999774,1363,1.C.84,1.C.84
Q13519,1.C.89.1,1.C.89.1,0.9999958,1366,1.C.89,1.C.89
WP_013023010,1.C.9.1,1.C.9.1,0.9997886,1369,1.C.9,1.C.9
A5H1G9,1.C.90.1,1.C.90.3,0.7535567,1372,1.C.90,1.C.90
A0RKJ6,1.C.90.2,1.C.90.3,0.9021716,1374,1.C.90,1.C.90
A5MY21,1.C.90.3,1.C.90.3,0.8536075,1378,1.C.90,1.C.90
P04080,1.C.91.1,1.C.91.1,0.9999999,1379,1.C.91,1.C.91
Q15818,1.C.92.1,1.C.92.1,0.99993455,1382,1.C.92,1.C.92
A4UVR2,1.C.93.1,1.C.93.1,0.9999999,1383,1.C.93,1.C.93
WP_084614884,1.C.95.1,1.C.95.1,0.99998546,1394,1.C.95,1.C.95
WP_006059095,1.C.95.1,1.C.95.1,0.99982196,1395,1.C.95,1.C.95
WP_018802519,1.C.95.1,1.C.95.1,0.9998846,1396,1.C.95,1.C.95
NP_849177,1.C.99.1,1.C.99.1,0.9999423,1401,1.C.99,1.C.99
QCX35176,1.C.99.2,1.C.99.1,0.99978966,1404,1.C.99,1.C.99
XP_004616922,1.D.118.1,1.D.118.1,0.99903154,1407,1.D.118,1.D.118
XP_045930465,1.D.194.1,1.D.194.1,0.99999475,1411,1.D.194,1.D.194
PKK88897,1.D.24.1,1.D.24.1,0.91914093,1417,1.D.24,1.D.24
NIM52277,1.D.24.1,1.D.24.1,0.9374583,1418,1.D.24,1.D.24
KUH88733,1.D.24.2,1.D.24.2,0.9986767,1419,1.D.24,1.D.24
TKY80222,1.E.1.1,1.E.1.1,0.99998605,1427,1.E.1,1.E.1
ECY3018204,1.E.1.1,1.E.1.1,0.9998584,1428,1.E.1,1.E.1
Q37895,1.E.10.1,1.E.10.1,0.52355033,1432,1.E.10,1.E.10
B1YMD9,1.E.14.1,1.E.14.1,0.99958616,1446,1.E.14,1.E.14
I6T8M5,1.E.14.1,1.E.14.1,0.99978703,1447,1.E.14,1.E.14
P39591,1.E.14.1,1.E.14.1,0.9999162,1448,1.E.14,1.E.14
P94515,1.E.14.1,1.E.14.1,0.9995964,1449,1.E.14,1.E.14
D3S646,1.E.14.2,1.E.14.2,0.9972717,1452,1.E.14,1.E.14
F9LWA6,1.E.16.1,1.E.16.1,0.80417997,1456,1.E.16,1.E.16
Q44946,1.E.17.1,1.E.17.1,0.69765925,1461,1.E.17,1.E.17
B8F2U3,1.E.17.1,1.E.17.1,0.8832813,1462,1.E.17,1.E.17
WP_080684304,1.E.17.2,1.E.17.1,0.61733526,1464,1.E.17,1.E.17
M9MU75,1.E.18.1,1.E.18.1,0.99997544,1474,1.E.18,1.E.18
ERG63474,1.E.18.1,1.E.18.1,0.9998536,1475,1.E.18,1.E.18
WP_298535700,1.E.18.1,1.E.18.1,0.99993575,1476,1.E.18,1.E.18
PIN93264,1.E.20.1,1.E.20.1,0.999874,1481,1.E.20,1.E.20
EJG08371,1.E.20.1,1.E.20.1,0.99993145,1482,1.E.20,1.E.20
K9A5I7,1.E.21.1,1.E.21.1,0.9990645,1486,1.E.21,1.E.21
B1S807,1.E.21.2,1.E.21.1,0.99942565,1488,1.E.21,1.E.21
U1YCE7,1.E.23.1,1.E.23.2,0.90451807,1493,1.E.23,1.E.23
WP_068445074,1.E.23.2,1.E.23.2,0.9525365,1495,1.E.23,1.E.23
A7A6X9,1.E.24.1,1.E.24.3,0.941856,1500,1.E.24,1.E.24
E7MNX8,1.E.24.2,1.E.24.1,0.53211915,1501,1.E.24,1.E.24
G1WGA3,1.E.24.3,1.E.24.3,0.99998677,1502,1.E.24,1.E.24
C1D824,1.E.25.1,1.E.25.1,0.7252345,1507,1.E.25,1.E.25
WP_083008638,1.E.25.1,1.E.25.2,0.8135113,1508,1.E.25,1.E.25
RYC38893,1.E.25.2,1.E.25.2,0.9565773,1514,1.E.25,1.E.25
ALA46464,1.E.25.2,1.E.25.2,0.94704294,1515,1.E.25,1.E.25
C3GBU6,1.E.27.1,1.E.27.1,0.9999404,1522,1.E.27,1.E.27
CRG98304,1.E.27.1,1.E.27.1,0.9998703,1523,1.E.27,1.E.27
RYS64810,1.E.29.1,1.E.29.1,0.98518133,1528,1.E.29,1.E.29
F9DMS4,1.E.29.2,1.E.29.3,0.6838377,1534,1.E.29,1.E.29
QOQ37200,1.E.29.2,1.E.29.2,0.87406224,1535,1.E.29,1.E.29
WP_116059751,1.E.29.3,1.E.29.3,0.49854618,1538,1.E.29,1.E.29
D5CT34,1.E.33.1,1.E.33.1,0.99784875,1544,1.E.33,1.E.33
G4FVE2,1.E.33.1,1.E.33.1,0.99997795,1545,1.E.33,1.E.33
R4JJW4,1.E.4.1,1.E.4.1,0.99999976,1549,1.E.4,1.E.4
ESK64892,1.E.42.1,1.E.42.1,0.9998888,1555,1.E.42,1.E.42
QDX55601,1.E.42.1,1.E.42.1,0.99993694,1556,1.E.42,1.E.42
WP_081276159,1.E.44.1,1.E.44.1,0.99999774,1559,1.E.44,1.E.44
W7Wfe7,1.E.50.1,1.E.50.1,0.9999726,1562,1.E.50,1.E.50
D4L5L5,1.E.52.1,1.E.52.1,0.999851,1564,1.E.52,1.E.52
C4FBP7,1.E.52.2,1.E.52.2,0.99999976,1565,1.E.52,1.E.52
B8JFG0,1.E.52.3,1.E.52.1,0.9973807,1568,1.E.52,1.E.52
K4WL31,1.E.53.1,1.E.53.1,0.97284985,1577,1.E.53,1.E.53
E7J6N6,1.E.53.1,1.E.53.1,0.99983764,1578,1.E.53,1.E.53
P13970,1.E.53.1,1.E.53.1,0.9969901,1579,1.E.53,1.E.53
E9U5S4,1.E.53.2,1.E.53.2,0.9994505,1580,1.E.53,1.E.53
M4K1R4,1.E.56.1,1.E.56.1,0.99992764,1590,1.E.56,1.E.56
B0VUM9,1.E.56.1,1.E.56.1,0.99964154,1591,1.E.56,1.E.56
K4PA82,1.E.56.1,1.E.56.1,0.99976856,1592,1.E.56,1.E.56
Q859D9,1.E.6.1,1.E.6.1,0.9955226,1595,1.E.6,1.E.6
KOQ79687,1.E.6.2,1.E.6.2,0.61337924,1603,1.E.6,1.E.6
YP_009798665,1.E.6.2,1.E.6.2,0.8666645,1604,1.E.6,1.E.6
C1D8E7,1.E.6.3,1.E.6.2,0.7375338,1609,1.E.6,1.E.6
WLJ89320,1.E.6.3,1.E.6.2,0.81201744,1610,1.E.6,1.E.6
WP_080520514,1.E.61.1,1.E.61.1,0.9999949,1612,1.E.61,1.E.61
WP_006300053,1.E.62.1,1.E.62.1,0.9998056,1619,1.E.62,1.E.62
WP_072024012,1.E.62.1,1.E.62.1,0.9998919,1620,1.E.62,1.E.62
WP_033100758,1.E.65.1,1.E.65.1,0.99997497,1626,1.E.65,1.E.65
WP_221178964,1.E.65.1,1.E.65.1,0.9999919,1627,1.E.65,1.E.65
WP_077419983,1.E.7.1,1.E.7.2,0.78260195,1631,1.E.7,1.E.7
WP_097540830,1.E.7.2,1.E.7.1,0.8385987,1637,1.E.7,1.E.7
WP_055414402,1.E.7.2,1.E.7.2,0.5243243,1638,1.E.7,1.E.7
MDI6753459,1.E.71.1,1.E.71.1,0.9999305,1643,1.E.71,1.E.71
K7NTM2,1.E.8.1,1.E.8.1,0.9999666,1648,1.E.8,1.E.8
AZU98589,1.E.8.1,1.E.8.1,0.9999707,1649,1.E.8,1.E.8
C1A5F4,1.E.9.1,1.E.9.1,0.9999888,1659,1.E.9,1.E.9
Q8KCM5,1.E.9.1,1.E.9.1,0.999979,1660,1.E.9,1.E.9
B3QMN8,1.E.9.1,1.E.9.1,0.9999771,1661,1.E.9,1.E.9
AMQ26458,1.G.1.1,1.G.1.1,0.9999691,1667,1.G.1,1.G.1
AFV53227,1.G.1.1,1.G.1.1,0.9999691,1668,1.G.1,1.G.1
P03397,1.G.12.1,1.G.12.1,0.98886454,1669,1.G.12,1.G.12
Q1PDC7,1.G.12.2,1.G.12.2,0.9997981,1673,1.G.12,1.G.12
AVM87398,1.G.14.1,1.G.14.1,0.9999926,1676,1.G.14,1.G.14
P28977,1.G.15.1,1.G.15.1,0.99999523,1680,1.G.15,1.G.15
P04578,1.G.16.1,1.G.16.1,0.99999905,1683,1.G.16,1.G.16
YP_009724390,1.G.18.1,1.G.18.1,0.99999523,1689,1.G.18,1.G.18
YP_007188579,1.G.18.1,1.G.18.1,0.99999595,1690,1.G.18,1.G.18
O92765,1.G.2.1,1.G.2.1,0.95801103,1698,1.G.2,1.G.2
Q9IH63,1.G.2.1,1.G.2.1,0.99989545,1699,1.G.2,1.G.2
WP_150375648,1.G.2.2,1.G.2.2,0.99936646,1700,1.G.2,1.G.2
P09612,1.G.20.1,1.G.20.1,0.9674499,1704,1.G.20,1.G.20
B8PWH4,1.G.20.2,1.G.20.2,0.6404342,1707,1.G.20,1.G.20
O36400,1.G.21.1,1.G.21.1,0.99998474,1710,1.G.21,1.G.21
AFJ15605,1.G.4.1,1.G.4.1,0.9999906,1715,1.G.4,1.G.4
G0LWX4,1.G.4.1,1.G.4.1,0.91968554,1716,1.G.4,1.G.4
U5YDR4,1.G.5.1,1.G.5.1,0.9999988,1720,1.G.5,1.G.5
A7XED7,1.G.6.1,1.G.6.1,0.99999833,1721,1.G.6,1.G.6
YP_002929490,1.G.8.1,1.G.8.1,0.999925,1726,1.G.8,1.G.8
NP_775596,1.G.9.1,1.G.9.1,0.9946319,1729,1.G.9,1.G.9
Q7ZFT7,1.G.9.2,1.G.9.1,0.5731777,1734,1.G.9,1.G.9
M4HM10,1.G.9.2,1.G.9.2,0.8023018,1735,1.G.9,1.G.9
YP_010771824,1.J.1.1,1.J.1.1,0.9998882,1740,1.J.1,1.J.1
Q2LM93,1.K.3.1,1.K.3.1,0.9998988,1743,1.K.3,1.K.3
U3IYW3,1.L.1.1,1.L.1.1,0.99999714,1746,1.L.1,1.L.1
WP_250671306,1.M.7.1,1.M.7.1,0.9999764,1751,1.M.7,1.M.7
WP_200664041,1.M.7.1,1.M.7.1,0.99991035,1752,1.M.7,1.M.7
A4GRC6,1.N.3.1,1.N.3.1,0.9996544,1758,1.N.3,1.N.3
Q4YCF6,1.N.3.1,1.N.3.1,0.99867475,1759,1.N.3,1.N.3
E5S3P2,1.N.4.1,1.N.4.1,0.9999504,1764,1.N.4,1.N.4
Q99287,1.N.5.1,1.N.5.1,0.9999701,1770,1.N.5,1.N.5
Q6DD88,1.N.5.1,1.N.5.1,0.9999894,1771,1.N.5,1.N.5
O00291,1.N.7.1,1.N.7.1,0.99999976,1772,1.N.7,1.N.7
A1Z713,1.R.2.1,1.R.2.1,0.9999864,1777,1.R.2,1.R.2
Q96RL7,1.R.2.1,1.R.2.1,0.99998355,1778,1.R.2,1.R.2
WP_094276346,1.S.1.1,1.S.1.1,0.99996233,1788,1.S.1,1.S.1
6NER_A,1.S.1.1,1.S.1.1,0.9996247,1789,1.S.1,1.S.1
MBT6724251,1.S.1.1,1.S.1.1,0.99999666,1790,1.S.1,1.S.1
Q8U2E0,1.S.11.1,1.S.11.1,0.9999943,1793,1.S.11,1.S.11
3IO0_A,1.S.2.1,1.S.2.1,0.9999275,1796,1.S.2,1.S.2
WP_063040943,1.S.2.2,1.S.2.2,0.99989736,1797,1.S.2,1.S.2
AAD39019,1.S.2.3,1.S.2.3,0.9999999,1798,1.S.2,1.S.2
GCA95139,1.S.3.1,1.S.3.1,0.9999988,1801,1.S.3,1.S.3
4OLP_A,1.S.4.1,1.S.4.1,0.9999989,1802,1.S.4,1.S.4
P41792,1.S.5.1,1.S.5.1,0.99999905,1804,1.S.5,1.S.5
D0LZ73,1.S.7.1,1.S.7.1,0.9999976,1808,1.S.7,1.S.7
V5SGX5,1.S.8.1,1.S.8.1,0.9999856,1811,1.S.8,1.S.8
WP_039622912,1.W.1.1,1.W.1.1,0.99988043,1819,1.W.1,1.W.1
WP_073187488,1.W.1.1,1.W.1.1,0.9999372,1820,1.W.1,1.W.1
WP_115732651,1.W.10.1,1.W.10.1,0.73487127,1825,1.W.10,1.W.10
PNX53637,1.W.10.2,1.W.10.3,0.9907706,1827,1.W.10,1.W.10
AXP07702,1.W.10.3,1.W.10.3,0.9999815,1831,1.W.10,1.W.10
KQC09679,1.W.3.1,1.W.3.2,0.6409521,1839,1.W.3,1.W.3
WP_037616440,1.W.3.1,1.W.3.1,0.9887217,1840,1.W.3,1.W.3
RLG54911,1.W.3.2,1.W.3.2,0.9007122,1845,1.W.3,1.W.3
WP_155320278,1.W.3.2,1.W.3.1,0.964568,1846,1.W.3,1.W.3
WP_140461085,1.W.4.1,1.W.4.1,0.99979883,1851,1.W.4,1.W.4
Q76RH0,1.W.4.1,1.W.4.1,0.9999621,1852,1.W.4,1.W.4
MAG24778,1.W.5.1,1.W.5.1,0.99994874,1860,1.W.5,1.W.5
WP_077072253,1.W.5.1,1.A.55.3,0.26481295,1861,1.W.5,1.A.55
RLG01344,1.W.8.1,1.W.8.1,0.99997604,1869,1.W.8,1.W.8
TXH14527,1.W.8.1,1.W.8.1,0.99994576,1870,1.W.8,1.W.8
A7XXR3,1.W.9.1,1.W.9.4,0.5396206,1883,1.W.9,1.W.9
WP_053235977,1.W.9.1,1.W.9.1,0.9898397,1884,1.W.9,1.W.9
WP_025803616,1.W.9.1,1.W.9.1,0.65707725,1885,1.W.9,1.W.9
RXG66789,1.W.9.1,1.W.9.1,0.5996854,1886,1.W.9,1.W.9
HBY62778,1.W.9.2,1.W.9.2,0.99002457,1888,1.W.9,1.W.9
AXH46464,1.W.9.3,1.W.9.3,0.67920357,1889,1.W.9,1.W.9
HAM56808,1.W.9.4,1.W.9.4,0.8519818,1890,1.W.9,1.W.9
F5X5Y2,2.A.10.1,2.A.10.1,0.9987294,1895,2.A.10,2.A.10
S4H275,2.A.10.1,2.A.10.1,0.99999547,1896,2.A.10,2.A.10
RQM11249,2.A.100.1,2.A.100.1,0.9987588,1902,2.A.100,2.A.100
Q9I9R3,2.A.100.1,2.A.100.1,0.99114907,1903,2.A.100,2.A.100
XP_012758493,2.A.100.2,2.A.100.1,0.9992353,1905,2.A.100,2.A.100
C6B3K0,2.A.101.1,2.A.101.1,0.9998714,1907,2.A.101,2.A.101
WP_076734059,2.A.103.1,1.A.55.3,0.26273304,1917,2.A.103,1.A.55
WP_082139284,2.A.103.1,2.A.103.1,0.9999491,1918,2.A.103,2.A.103
WP_071389592,2.A.103.1,2.A.103.1,0.999977,1919,2.A.103,2.A.103
G4R961,2.A.104.1,2.A.104.1,0.9992489,1921,2.A.104,2.A.104
H5SVY7,2.A.104.2,2.A.104.2,0.5657834,1922,2.A.104,2.A.104
KKP64473,2.A.104.3,2.A.104.3,0.9502496,1924,2.A.104,2.A.104
WP_089030044,2.A.107.1,2.A.107.1,0.91993725,1929,2.A.107,2.A.107
E4RIT5,2.A.107.2,2.A.107.2,0.9079733,1930,2.A.107,2.A.107
L8Q2C2,2.A.107.3,2.A.107.3,0.9384553,1931,2.A.107,2.A.107
I1HMH4,2.A.109.1,2.A.109.1,0.9060567,1937,2.A.109,2.A.109
P42601,2.A.109.1,2.A.109.1,0.8591271,1938,2.A.109,2.A.109
L5DDD7,2.A.109.2,2.A.109.1,0.9795934,1941,2.A.109,2.A.109
L7KNF9,2.A.109.3,2.A.109.3,0.9599217,1943,2.A.109,2.A.109
O05407,2.A.11.1,2.A.11.1,0.9999906,1948,2.A.11,2.A.11
A4QA05,2.A.11.1,2.A.11.2,0.65868366,1949,2.A.11,2.A.11
D7AXM6,2.A.11.2,2.A.11.2,0.99542916,1952,2.A.11,2.A.11
Q4QSA9,2.A.111.1,2.A.111.1,0.9999707,1955,2.A.111,2.A.111
Q821X2,2.A.111.2,2.A.111.1,0.99960524,1957,2.A.111,2.A.111
K2REU1,2.A.116.1,2.A.116.3,0.92085713,1963,2.A.116,2.A.116
K6W6C5,2.A.116.1,2.A.116.1,0.9784798,1964,2.A.116,2.A.116
Q7TUV9,2.A.116.2,2.A.116.1,0.99475765,1966,2.A.116,2.A.116
B8I848,2.A.116.3,2.A.116.3,0.5997483,1970,2.A.116,2.A.116
A3QJL3,2.A.117.1,2.A.117.1,0.5382494,1981,2.A.117,2.A.117
A0B354,2.A.117.1,2.A.117.1,0.96154314,1982,2.A.117,2.A.117
Q87QJ4,2.A.117.1,2.A.117.1,0.7253809,1983,2.A.117,2.A.117
MBK8180943,2.A.117.2,2.A.117.2,0.8906706,1986,2.A.117,2.A.117
WP_203595623,2.A.117.3,2.A.117.3,0.9921566,1987,2.A.117,2.A.117
Q38YQ0,2.A.118.1,2.A.118.1,0.9999832,1994,2.A.118,2.A.118
P39263,2.A.118.1,2.A.118.1,0.9999801,1995,2.A.118,2.A.118
WP_069955515,2.A.119.1,2.A.119.1,0.5879719,2000,2.A.119,2.A.119
Q8EJL9,2.A.119.1,2.A.119.1,0.85157603,2001,2.A.119,2.A.119
WP_048118532,2.A.119.2,2.A.119.2,0.45271668,2006,2.A.119,2.A.119
WP_092498738,2.A.119.3,2.A.119.3,0.85800725,2013,2.A.119,2.A.119
OIO63212,2.A.119.3,2.A.119.2,0.81137234,2014,2.A.119,2.A.119
J6H8T7,2.A.120.1,2.A.120.1,0.99969804,2026,2.A.120,2.A.120
A8MA30,2.A.120.1,2.A.120.1,0.9991755,2027,2.A.120,2.A.120
ARG45194,2.A.120.1,2.A.120.1,0.99995816,2028,2.A.120,2.A.120
P42102,2.A.122.1,2.A.122.1,0.9991387,2035,2.A.122,2.A.122
WP_159220376,2.A.122.1,2.A.122.1,0.99778336,2036,2.A.122,2.A.122
B8CB30,2.A.122.2,2.A.122.2,0.9534689,2041,2.A.122,2.A.122
B5YN56,2.A.122.2,1.A.55.3,0.28343794,2042,2.A.122,1.A.55
KKP01475,2.A.122.3,2.A.122.3,0.9107359,2043,2.A.122,2.A.122
C3MTK1,2.A.124.1,2.A.124.1,0.9999379,2050,2.A.124,2.A.124
X2JQJ2,2.A.124.1,2.A.124.1,0.9999677,2051,2.A.124,2.A.124
D2VY17,2.A.125.1,2.A.125.1,0.9999871,2056,2.A.125,2.A.125
OQJ72346,2.A.129.1,2.A.129.1,0.94650406,2065,2.A.129,2.A.129
WP_074970406,2.A.129.1,2.A.129.1,0.9466888,2066,2.A.129,2.A.129
WP_027108241,2.A.129.1,2.A.129.1,0.77032214,2067,2.A.129,2.A.129
WP_086951747,2.A.129.2,2.A.129.1,0.5626487,2071,2.A.129,2.A.129
Q0PC49,2.A.13.1,2.A.13.1,0.99998665,2076,2.A.13,2.A.13
Q0PAK3,2.A.13.1,1.A.55.3,0.26256964,2077,2.A.13,1.A.55
K0P0B6,2.A.13.2,2.A.13.2,0.9991732,2078,2.A.13,2.A.13
RKY32654,2.A.131.1,2.A.131.1,0.99968314,2084,2.A.131,2.A.131
RZN41577,2.A.131.1,2.A.131.1,0.9980981,2085,2.A.131,2.A.131
P42401,2.A.133.1,2.A.133.2,0.53318274,2096,2.A.133,2.A.133
B4AEM5,2.A.133.1,2.A.133.1,0.5176696,2097,2.A.133,2.A.133
K2JND9,2.A.133.1,2.A.133.2,0.91260624,2098,2.A.133,2.A.133
WP_022597737,2.A.133.2,2.A.133.2,0.7660034,2102,2.A.133,2.A.133
Q8TUV1,2.A.14.1,2.A.14.1,0.99991167,2106,2.A.14,2.A.14
AOY58527,2.A.14.2,2.A.14.1,0.99440306,2108,2.A.14,2.A.14
Q6IUV3,2.A.15.1,2.A.15.1,0.99979335,2120,2.A.15,2.A.15
AIU86122,2.A.15.1,2.A.15.1,0.99981767,2121,2.A.15,2.A.15
AJH13638,2.A.15.1,2.A.15.1,0.9999002,2122,2.A.15,2.A.15
B7L6S9,2.A.15.2,2.A.15.1,0.9998197,2125,2.A.15,2.A.15
P44741,2.A.16.1,2.A.16.3,0.8227957,2127,2.A.16,2.A.16
I7ZSL4,2.A.16.2,2.A.16.2,0.9999653,2130,2.A.16,2.A.16
T2I8Z9,2.A.16.3,2.A.16.3,0.9516023,2133,2.A.16,2.A.16
Q4J820,2.A.16.4,1.A.55.3,0.26569965,2138,2.A.16,1.A.55
Q9KY69,2.A.16.4,1.A.55.3,0.27066976,2139,2.A.16,1.A.55
Q9FLV9,2.A.16.5,2.A.16.5,0.9999875,2141,2.A.16,2.A.16
WP_057757662,2.A.16.6,2.A.16.6,0.9989955,2144,2.A.16,2.A.16
P0A2F9,2.A.24.1,2.A.24.2,0.71556795,2146,2.A.24,2.A.24
Q8VS41,2.A.24.2,2.A.24.2,0.8169459,2151,2.A.24,2.A.24
Q48769,2.A.24.3,2.A.24.3,0.9999883,2153,2.A.24,2.A.24
W0WFC6,2.A.25.1,2.A.25.1,0.9999504,2162,2.A.25,2.A.25
P30143,2.A.25.1,2.A.25.1,0.9999391,2163,2.A.25,2.A.25
F2HK99,2.A.26.1,2.A.26.1,0.9998217,2172,2.A.26,2.A.26
P0AD99,2.A.26.1,2.A.26.1,0.99994516,2173,2.A.26,2.A.26
K0J2V5,2.A.27.1,2.A.27.1,0.93715936,2178,2.A.27,2.A.27
M1QJN9,2.A.27.2,2.A.27.1,0.99919015,2180,2.A.27,2.A.27
Q9S1X8,2.A.33.1,2.A.33.1,0.9999894,2186,2.A.33,2.A.33
XP_003075324,2.A.33.1,2.A.33.1,0.99999905,2187,2.A.33,2.A.33
Q9I2S5,2.A.34.1,2.A.34.1,0.9999883,2190,2.A.34,2.A.34
Q8A897,2.A.35.1,2.A.35.1,0.596845,2198,2.A.35,2.A.35
T1YBZ7,2.A.35.1,2.A.35.1,0.6035056,2199,2.A.35,2.A.35
Q838P8,2.A.35.2,2.A.35.2,0.92540425,2203,2.A.35,2.A.35
P42312,2.A.41.1,2.A.41.1,0.87407476,2206,2.A.41,2.A.41
Q9KPL5,2.A.41.2,2.A.41.1,0.8659804,2217,2.A.41,2.A.41
A1Z7N3,2.A.41.2,2.A.41.2,0.9934863,2218,2.A.41,2.A.41
O00337,2.A.41.2,2.A.41.2,0.99674326,2219,2.A.41,2.A.41
F0LJG4,2.A.42.1,2.A.42.1,0.9885589,2226,2.A.42,2.A.42
AKM78056,2.A.42.1,2.A.42.1,0.9790207,2227,2.A.42,2.A.42
P63340,2.A.42.2,2.A.42.1,0.8815704,2232,2.A.42,2.A.42
WP_078436298,2.A.45.1,2.A.45.1,0.961729,2234,2.A.45,2.A.45
XP_015614851,2.A.45.2,2.A.45.2,0.83529407,2241,2.A.45,2.A.45
UYL04267,2.A.45.2,2.A.45.2,0.83008605,2242,2.A.45,2.A.45
A1SPN6,2.A.45.3,2.A.45.2,0.76631445,2244,2.A.45,2.A.45
P76103,2.A.46.1,2.A.46.1,0.9999659,2253,2.A.46,2.A.46
Q88I34,2.A.46.1,1.A.55.3,0.26153553,2254,2.A.46,1.A.55
7TAK_A,2.A.46.1,2.A.46.1,0.99833703,2255,2.A.46,2.A.46
A8BIM9,2.A.48.1,2.A.48.1,0.99999225,2261,2.A.48,2.A.48
O45166,2.A.48.1,2.A.48.1,0.9999553,2262,2.A.48,2.A.48
Q7S3L8,2.A.52.1,2.A.52.1,0.99964607,2270,2.A.52,2.A.52
R1EDF9,2.A.52.1,2.A.52.2,0.95344096,2271,2.A.52,2.A.52
C7PI41,2.A.52.2,1.A.55.3,0.2668586,2276,2.A.52,1.A.55
Q7NN80,2.A.52.2,1.A.55.3,0.26924276,2277,2.A.52,1.A.55
SFO07861,2.A.58.1,2.A.58.2,0.98166007,2285,2.A.58,2.A.58
R4VUJ8,2.A.58.1,2.A.58.2,0.7893583,2286,2.A.58,2.A.58
Q0W3W9,2.A.58.2,2.A.58.2,0.987415,2292,2.A.58,2.A.58
RLG13389,2.A.58.2,2.A.58.2,0.9807248,2293,2.A.58,2.A.58
A5KHL1,2.A.61.1,1.A.55.3,0.26233923,2297,2.A.61,1.A.55
C0QDE6,2.A.61.2,2.A.61.2,0.99997973,2301,2.A.61,2.A.61
A5F120,2.A.62.1,2.A.62.1,0.9999682,2307,2.A.62,2.A.62
WP_020086767,2.A.62.1,2.A.62.1,0.99990153,2308,2.A.62,2.A.62
Q183S2,2.A.68.1,2.A.68.1,0.9999764,2313,2.A.68,2.A.68
A8WCI8,2.A.71.1,2.A.71.1,0.799302,2318,2.A.71,2.A.71
V5B8W0,2.A.71.1,2.A.71.1,0.74068075,2319,2.A.71,2.A.71
Q9XIQ7,2.A.71.2,2.A.71.2,0.5026841,2325,2.A.71,2.A.71
Q8IBB7,2.A.71.2,2.A.71.2,0.9994686,2326,2.A.71,2.A.71
Q9CHU5,2.A.72.1,2.A.72.1,0.9999968,2329,2.A.72,2.A.72
Q0G848,2.A.72.2,2.A.72.3,0.61729854,2331,2.A.72,2.A.72
Q9FE38,2.A.72.3,2.A.72.3,0.99733657,2341,2.A.72,2.A.72
Q19A13,2.A.72.3,2.A.72.3,0.99869186,2342,2.A.72,2.A.72
O49423,2.A.72.3,2.A.72.3,0.9929624,2343,2.A.72,2.A.72
F8D4C5,2.A.73.1,2.A.73.1,0.99997056,2346,2.A.73,2.A.73
M7BP63,2.A.74.1,2.A.74.2,0.8213262,2352,2.A.74,2.A.74
XP_015987553,2.A.74.1,2.A.74.1,0.99911994,2353,2.A.74,2.A.74
C3XYE5,2.A.74.2,2.A.74.1,0.99729806,2361,2.A.74,2.A.74
E2B9N7,2.A.74.2,2.A.74.2,0.99693006,2362,2.A.74,2.A.74
B5U2Z3,2.A.75.1,2.A.75.1,0.99999225,2366,2.A.75,2.A.75
D5FKJ1,2.A.76.1,2.A.76.1,0.94291973,2377,2.A.76,2.A.76
AKM77924,2.A.76.1,2.A.76.1,0.99580187,2378,2.A.76,2.A.76
KKK40645,2.A.76.1,2.A.76.3,0.99999905,2379,2.A.76,2.A.76
V9RYY0,2.A.76.2,2.A.76.1,0.5650896,2382,2.A.76,2.A.76
A3U6A7,2.A.76.3,2.A.76.3,0.99999833,2383,2.A.76,2.A.76
Q3IPU1,2.A.77.1,2.A.77.1,0.99911743,2388,2.A.77,2.A.77
Q8RFA1,2.A.8.1,2.A.8.1,0.99991226,2401,2.A.8,2.A.8
Q81E21,2.A.8.1,2.A.8.1,0.9999219,2402,2.A.8,2.A.8
H7C6B2,2.A.8.1,2.A.8.1,0.9999783,2403,2.A.8,2.A.8
B7L824,2.A.81.1,2.A.81.1,0.69573593,2408,2.A.81,2.A.81
Q845W9,2.A.81.1,2.A.81.1,0.8886112,2409,2.A.81,2.A.81
A6LP55,2.A.81.2,2.A.81.2,0.9005483,2411,2.A.81,2.A.81
P73953,2.A.83.1,2.A.83.1,0.9391925,2412,2.A.83,2.A.83
A9DHE6,2.A.83.2,2.A.83.2,0.95077556,2413,2.A.83,2.A.83
Q8Y5W0,2.A.87.1,2.A.87.1,0.99995685,2417,2.A.87,2.A.87
F9LXW4,2.A.87.2,2.A.87.3,0.66052645,2419,2.A.87,2.A.87
A9NEB8,2.A.87.3,2.A.87.3,0.6568715,2422,2.A.87,2.A.87
Q14P12,2.A.87.4,2.A.87.5,0.37217003,2425,2.A.87,2.A.87
AFN04413,2.A.87.5,2.A.87.5,0.6173468,2428,2.A.87,2.A.87
Q54IJ2,2.A.92.1,2.A.92.1,0.9999244,2437,2.A.92,2.A.92
Q94AN2,2.A.92.1,2.A.92.1,0.9999728,2438,2.A.92,2.A.92
Q9UBH6,2.A.94.1,2.A.94.1,0.9999925,2444,2.A.94,2.A.94
P16151,2.A.94.1,2.A.94.1,0.9998895,2445,2.A.94,2.A.94
P25743,2.A.95.1,1.A.55.3,0.2629623,2452,2.A.95,1.A.55
B8HLY6,2.A.95.1,2.A.95.1,0.99987125,2453,2.A.95,2.A.95
KAG2233815,2.A.96.1,2.A.96.2,0.8595935,2465,2.A.96,2.A.96
WP_084729956,2.A.96.1,2.A.96.2,0.99184895,2466,2.A.96,2.A.96
NLT21186,2.A.96.1,2.A.96.1,0.99490416,2467,2.A.96,2.A.96
KXS96282,2.A.96.2,2.A.96.2,0.84874856,2470,2.A.96,2.A.96
Q6P1Q0,2.A.97.1,2.A.97.1,0.9999863,2477,2.A.97,2.A.97
Q8I1R5,2.A.97.1,2.A.97.1,0.9999908,2478,2.A.97,2.A.97
WP_162301253,2.A.99.1,2.A.99.1,0.9998934,2485,2.A.99,2.A.99
WP_149777770,2.A.99.1,2.A.99.1,0.9999441,2486,2.A.99,2.A.99
Q9UP52,2.B.93.1,2.B.93.1,0.9994443,2488,2.B.93,2.B.93
A0BM91,2.D.1.1,2.D.1.1,0.99992514,2496,2.D.1,2.D.1
Q9VC05,2.D.1.1,2.D.1.1,0.99997854,2497,2.D.1,2.D.1
C0SP86,3.A.12.1,3.A.12.1,0.99999607,2502,3.A.12,3.A.12
P22409,3.A.12.2,3.A.12.2,0.99955326,2503,3.A.12,3.A.12
Q3LAJ2,3.A.12.3,3.A.12.3,0.99878544,2505,3.A.12,3.A.12
YP_008130281,3.A.13.1,3.A.13.1,0.9999901,2508,3.A.13,3.A.13
Q9Y276,3.A.28.1,3.A.28.1,0.99997187,2513,3.A.28,3.A.28
KOO28456,3.E.3.1,3.E.3.1,0.99991834,2522,3.E.3,3.E.3
WP_055898914,3.E.3.1,3.E.3.1,0.9995622,2523,3.E.3,3.E.3
P50416,4.C.2.1,4.C.2.1,0.99998987,2526,4.C.2,4.C.2
S7VV85,4.E.1.1,4.E.1.1,0.99996436,2531,4.E.1,4.E.1
Q5CWX6,4.E.1.1,4.E.1.1,0.99982893,2532,4.E.1,4.E.1
K0WKG7,4.F.1.1,4.F.1.3,0.94747025,2540,4.F.1,4.F.1
TAJ02730,4.F.1.1,4.F.1.1,0.4908962,2541,4.F.1,4.F.1
G5SQC7,4.F.1.2,4.F.1.1,0.96820223,2543,4.F.1,4.F.1
OIO15329,4.F.1.3,4.F.1.1,0.928425,2548,4.F.1,4.F.1
WP_051595943,4.H.1.1,4.H.1.1,0.99984336,2555,4.H.1,4.H.1
RIJ99294,4.H.1.1,4.H.1.1,0.9999198,2556,4.H.1,4.H.1
VDG77260,4.H.1.2,4.H.1.2,0.9999423,2560,4.H.1,4.H.1
Q9KV73,5.B.10.1,5.B.10.1,0.9999999,2561,5.B.10,5.B.10
RWX50390,5.B.15.1,5.B.15.1,0.9999999,2562,5.B.15,5.B.15
Q5D8X4,5.B.2.1,5.B.2.1,0.9575711,2569,5.B.2,5.B.2
Q9SWS1,5.B.2.1,5.B.2.1,0.9496542,2570,5.B.2,5.B.2
A8IUR9,5.B.2.2,5.B.2.3,0.8809438,2575,5.B.2,5.B.2
Q9SV71,5.B.2.2,5.B.2.2,0.7671183,2576,5.B.2,5.B.2
KHN35905,5.B.2.3,5.B.2.2,0.76139253,2581,5.B.2,5.B.2
PIY59600,5.B.6.1,5.B.6.1,0.9998958,2586,5.B.6,5.B.6
Q8XB73,5.B.7.1,5.B.7.1,0.99987614,2587,5.B.7,5.B.7
Q7NNK2,5.B.7.2,5.B.7.2,0.4546593,2588,5.B.7,5.B.7
F8L6Z5,5.B.7.3,5.B.7.3,0.8289437,2589,5.B.7,5.B.7
D7C9K8,5.B.7.4,5.B.7.4,0.524958,2590,5.B.7,5.B.7
P37683,8.A.1.1,8.A.1.1,0.81170857,2594,8.A.1,8.A.1
M4VE83,8.A.1.2,8.A.1.4,0.7023259,2596,8.A.1,8.A.1
OUT43425,8.A.1.3,8.A.1.2,0.8259442,2602,8.A.1,8.A.1
BAB77003,8.A.1.3,8.A.1.3,0.960865,2603,8.A.1,8.A.1
P36498,8.A.1.4,8.A.1.6,0.5733294,2605,8.A.1,8.A.1
Q9XDR9,8.A.1.5,8.A.1.5,0.9991923,2606,8.A.1,8.A.1
Q7UZ72,8.A.1.6,8.A.1.6,0.65240407,2610,8.A.1,8.A.1
P46482,8.A.1.7,8.A.1.7,0.8540003,2611,8.A.1,8.A.1
Q6FHJ6,8.A.10.1,8.A.10.1,0.9997116,2613,8.A.10,8.A.10
Q9D808,8.A.10.2,8.A.10.2,0.47272244,2614,8.A.10,8.A.10
Q9Y6H6,8.A.10.3,8.A.10.3,0.78114206,2617,8.A.10,8.A.10
Q9WTW3,8.A.10.4,8.A.10.4,0.99408746,2618,8.A.10,8.A.10
XP_020894714,8.A.101.1,8.A.101.1,0.99988604,2622,8.A.101,8.A.101
Q16799,8.A.102.1,8.A.102.1,0.99995625,2631,8.A.102,8.A.102
V8NAX5,8.A.102.1,8.A.102.1,0.99733955,2632,8.A.102,8.A.102
CUV07185,8.A.102.2,8.A.102.2,0.9993255,2637,8.A.102,8.A.102
PJF17748,8.A.103.1,8.A.103.1,0.9933488,2649,8.A.103,8.A.103
XP_010699644,8.A.103.1,8.A.103.1,0.9999443,2650,8.A.103,8.A.103
Q22DV9,8.A.103.1,8.A.103.1,0.99831116,2651,8.A.103,8.A.103
P53355,8.A.104.1,1.A.55.3,0.28726238,2664,8.A.104,1.A.55
Q9BXM7,8.A.104.1,1.A.55.3,0.31948933,2665,8.A.104,1.A.55
NP_001257414,8.A.104.1,1.A.55.3,0.3163684,2666,8.A.104,1.A.55
Q6MZM0,8.A.105.1,8.A.105.1,0.9999875,2669,8.A.105,8.A.105
Q9H902,8.A.108.1,8.A.108.1,0.9999753,2677,8.A.108,8.A.108
Q96HR9,8.A.108.1,8.A.108.1,0.99997973,2678,8.A.108,8.A.108
WP_130079951,8.A.11.1,8.A.11.1,0.99999547,2681,8.A.11,8.A.11
CBJ48530,8.A.111.1,8.A.111.1,0.99771947,2689,8.A.111,8.A.111
XP_022310796,8.A.111.1,8.A.111.1,0.5413196,2690,8.A.111,8.A.111
Q8N682,8.A.113.1,8.A.113.1,0.9999702,2698,8.A.113,8.A.113
Q6UX65,8.A.113.1,8.A.113.1,0.99996424,2699,8.A.113,8.A.113
XP_026683869,8.A.115.1,8.A.115.2,0.42664284,2706,8.A.115,8.A.115
RNA30858,8.A.115.1,8.A.115.7,0.64201254,2707,8.A.115,8.A.115
XP_005822896,8.A.115.2,8.A.115.7,0.6604744,2710,8.A.115,8.A.115
WP_018930613,8.A.115.3,8.A.115.3,0.36297345,2711,8.A.115,8.A.115
OWB63767,8.A.115.4,8.A.115.4,0.9491696,2712,8.A.115,8.A.115
KAI8905181,8.A.115.5,8.A.115.6,0.2704828,2714,8.A.115,8.A.115
XP_001748139,8.A.115.6,8.A.115.1,0.98882806,2717,8.A.115,8.A.115
TPX40645,8.A.115.7,8.A.115.7,0.8296556,2718,8.A.115,8.A.115
WBW72430,8.A.115.8,8.A.115.8,0.40540782,2719,8.A.115,8.A.115
Q8NEW7,8.A.116.1,8.A.116.1,0.8092505,2721,8.A.116,8.A.116
Q9XXE7,8.A.116.2,8.A.116.3,0.5420097,2722,8.A.116,8.A.116
Q9VIM4,8.A.116.3,8.A.116.3,0.587447,2723,8.A.116,8.A.116
Q9XTG1,8.A.117.1,8.A.117.1,0.99932146,2728,8.A.117,8.A.117
Q9NZ94,8.A.117.1,8.A.117.1,0.99990666,2729,8.A.117,8.A.117
GAV02799,8.A.118.1,8.A.118.1,0.99998033,2738,8.A.118,8.A.118
XP_019853507,8.A.118.1,8.A.118.1,0.99998343,2739,8.A.118,8.A.118
P37249,8.A.12.1,8.A.12.1,0.99998355,2741,8.A.12,8.A.12
WP_014802473,8.A.120.1,8.A.120.1,0.9999752,2746,8.A.120,8.A.120
NP_001154233,8.A.120.1,1.A.55.3,0.2842587,2747,8.A.120,1.A.55
Q9W145,8.A.120.2,8.A.120.2,0.9999881,2749,8.A.120,8.A.120
Q96DR4,8.A.120.3,8.A.120.3,0.99999976,2750,8.A.120,8.A.120
Q20687,8.A.121.1,8.A.121.1,0.99994266,2755,8.A.121,8.A.121
XP_004672840,8.A.122.1,8.A.122.1,0.99988925,2758,8.A.122,8.A.122
XP_022318076,8.A.122.2,8.A.122.2,0.9741199,2761,8.A.122,8.A.122
XP_001747355,8.A.123.1,8.A.123.1,0.91933274,2767,8.A.123,8.A.123
Q9NQ34,8.A.123.1,8.A.123.1,0.99932194,2768,8.A.123,8.A.123
WP_031585819,8.A.123.2,8.A.123.2,0.99954444,2769,8.A.123,8.A.123
P57088,8.A.124.1,8.A.124.1,0.9999982,2772,8.A.124,8.A.124
Q96KA5,8.A.125.1,8.A.125.1,0.99997795,2777,8.A.125,8.A.125
XP_027796271,8.A.126.1,8.A.126.1,0.9998976,2780,8.A.126,8.A.126
XP_020477270,8.A.127.1,8.A.127.2,0.99958485,2784,8.A.127,8.A.127
XP_030900971,8.A.127.2,8.A.127.2,0.9998056,2788,8.A.127,8.A.127
XP_013349430,8.A.129.1,8.A.129.1,0.9999329,2794,8.A.129,8.A.129
GBG75892,8.A.129.1,8.A.129.1,0.9999635,2795,8.A.129,8.A.129
O42668,8.A.13.1,8.A.13.1,1.0,2796,8.A.13,8.A.13
P83748,8.A.131.1,8.A.131.1,0.99958426,2809,8.A.131,8.A.131
P00738,8.A.131.1,8.A.131.1,0.99973315,2810,8.A.131,8.A.131
B0FXM1,8.A.131.1,8.A.131.1,0.99918705,2811,8.A.131,8.A.131
Q9BUZ4,8.A.133.1,8.A.133.1,0.9968059,2822,8.A.133,8.A.133
WGW18136,8.A.133.1,1.A.55.3,0.31052035,2823,8.A.133,1.A.55
Q9C039,8.A.133.1,1.A.55.3,0.2883702,2824,8.A.133,1.A.55
ORZ11951,8.A.134.1,8.A.134.1,0.99997663,2829,8.A.134,8.A.134
Q6IIF2,8.A.135.1,8.A.135.2,0.6862886,2832,8.A.135,8.A.135
MPD02914,8.A.135.2,8.A.135.2,0.9770248,2837,8.A.135,8.A.135
Q96B67,8.A.136.1,8.A.136.1,0.99993896,2848,8.A.136,8.A.136
Q9H3M7,8.A.136.1,8.A.136.1,0.9999068,2849,8.A.136,8.A.136
Q20232,8.A.136.1,8.A.136.1,0.8155128,2850,8.A.136,8.A.136
XP_016921581,8.A.139.1,8.A.139.2,0.99877065,2852,8.A.139,8.A.139
SMO36342,8.A.139.2,8.A.139.2,0.99458176,2854,8.A.139,8.A.139
Q9NPA1,8.A.14.1,8.A.14.1,0.9999956,2858,8.A.14,8.A.14
XP_004208589,8.A.140.1,8.A.140.2,0.70469487,2862,8.A.140,8.A.140
KAF5277533,8.A.140.2,8.A.140.2,0.982103,2864,8.A.140,8.A.140
R1ELF4,8.A.141.1,8.A.141.1,0.9999764,2869,8.A.141,8.A.141
Q6IEE7,8.A.143.1,8.A.143.1,0.99999666,2874,8.A.143,8.A.143
TNV81984,8.A.144.1,8.A.144.1,0.99783933,2878,8.A.144,8.A.144
WP_144051564,8.A.144.2,8.A.144.2,0.9986343,2879,8.A.144,8.A.144
KAF2077471,8.A.145.1,8.A.145.1,0.9999974,2884,8.A.145,8.A.145
P30041,8.A.147.1,8.A.147.1,0.99987364,2887,8.A.147,8.A.147
B8B381,8.A.15.1,1.A.55.3,0.32012734,2891,8.A.15,1.A.55
WP_008488490,8.A.150.1,8.A.150.1,0.9999864,2895,8.A.150,8.A.150
O43865,8.A.151.1,8.A.151.1,0.99999964,2896,8.A.151,8.A.151
WP_181340520,8.A.153.1,8.A.153.1,0.76415247,2901,8.A.153,8.A.153
MBC7395593,8.A.153.2,8.A.153.1,0.5530092,2902,8.A.153,8.A.153
XP_034038246,8.A.154.1,8.A.154.1,0.9998042,2907,8.A.154,8.A.154
WP_082825104,8.A.155.1,8.A.155.1,0.9999887,2912,8.A.155,8.A.155
KAF5827728,8.A.155.1,8.A.155.1,0.9999554,2913,8.A.155,8.A.155
XP_315963,8.A.157.1,8.A.157.1,0.6805615,2917,8.A.157,8.A.157
XP_018009461,8.A.157.2,8.A.157.1,0.6785174,2918,8.A.157,8.A.157
P90489,8.A.159.1,8.A.159.1,0.7464962,2926,8.A.159,8.A.159
O60337,8.A.159.1,8.A.159.1,0.92609775,2927,8.A.159,8.A.159
XP_032802017,8.A.159.2,1.A.55.3,0.31520548,2929,8.A.159,1.A.55
PWZ10394,8.A.159.3,8.A.159.1,0.652702,2931,8.A.159,8.A.159
Q96GS6,8.A.161.1,8.A.161.1,1.0,2932,8.A.161,8.A.161
Q16790,8.A.164.1,8.A.164.1,1.0,2933,8.A.164,8.A.164
VDL89025,8.A.166.1,8.A.166.1,0.99969995,2943,8.A.166,8.A.166
CAF2143533,8.A.166.1,8.A.166.1,0.99944,2944,8.A.166,8.A.166
XP_028411903,8.A.166.1,8.A.166.1,0.99991894,2945,8.A.166,8.A.166
XP_011530207,8.A.168.1,8.A.168.1,0.99997115,2949,8.A.168,8.A.168
GAW06118,8.A.169.1,8.A.169.1,0.9998987,2958,8.A.169,8.A.169
SSD60863,8.A.169.1,8.A.169.1,0.9999273,2959,8.A.169,8.A.169
XP_001229202,8.A.169.1,8.A.169.1,0.99988794,2960,8.A.169,8.A.169
Q07699,8.A.17.1,8.A.17.3,0.9991867,2964,8.A.17,8.A.17
P25189,8.A.17.2,8.A.17.1,0.5019766,2968,8.A.17,8.A.17
AAO89003,8.A.17.3,8.A.17.4,0.35245422,2973,8.A.17,8.A.17
Q15116,8.A.17.4,8.A.17.4,0.4555351,2974,8.A.17,8.A.17
Q9NXB0,8.A.170.1,8.A.170.1,0.99999905,2975,8.A.170,8.A.170
CAF0816190,8.A.171.1,8.A.171.1,0.99998224,2979,8.A.171,8.A.171
XP_036123603,8.A.172.1,1.A.55.3,0.27438977,2984,8.A.172,1.A.55
HHM12341,8.A.172.2,8.A.172.2,0.99996746,2989,8.A.172,8.A.172
WP_165159837,8.A.172.2,8.A.172.2,0.99973434,2990,8.A.172,8.A.172
Q9H4B7,8.A.173.1,8.A.173.1,0.9999665,2992,8.A.173,8.A.173
HFO91905,8.A.174.1,8.A.174.1,0.9999957,2997,8.A.174,8.A.174
MBT5252923,8.A.174.1,8.A.174.1,0.99993587,2998,8.A.174,8.A.174
KAF4354721,8.A.175.1,8.A.175.2,0.7048728,3000,8.A.175,8.A.175
XP_020163427,8.A.175.2,8.A.175.2,0.664293,3005,8.A.175,8.A.175
WP_054576892,8.A.176.1,8.A.176.1,0.99998975,3009,8.A.176,8.A.176
UQL51144,8.A.177.1,8.A.177.1,0.9999747,3017,8.A.177,8.A.177
P50591,8.A.177.1,8.A.177.1,0.99997735,3018,8.A.177,8.A.177
KAG6546873,8.A.178.1,8.A.178.1,0.99906534,3025,8.A.178,8.A.178
XP_013762242,8.A.178.1,1.C.132.1,0.9998822,3026,8.A.178,1.C.132
Q9NY47,8.A.18.1,8.A.18.1,0.66759676,3028,8.A.18,8.A.18
Q5VU97,8.A.18.2,8.A.18.3,0.97629255,3030,8.A.18,8.A.18
Q7Z3S7,8.A.18.3,8.A.18.3,0.99233025,3032,8.A.18,8.A.18
WP_165133333,8.A.180.1,8.A.180.1,0.9999554,3035,8.A.180,8.A.180
VZI44309,8.A.181.1,8.A.181.1,0.99999547,3039,8.A.181,8.A.181
KAH8130706,8.A.182.1,8.A.182.1,0.99998605,3042,8.A.182,8.A.182
PSC71052,8.A.183.1,8.A.183.1,0.9999883,3047,8.A.183,8.A.183
ETW46879,8.A.183.1,8.A.183.1,0.9998642,3048,8.A.183,8.A.183
XP_020432384,8.A.185.1,8.A.185.1,0.9998202,3054,8.A.185,8.A.185
L0R6Q1,8.A.185.1,8.A.185.1,0.9999629,3055,8.A.185,8.A.185
O00592,8.A.187.1,8.A.187.1,1.0,3056,8.A.187,8.A.187
XP_001748040,8.A.188.1,8.A.188.1,0.9934721,3065,8.A.188,8.A.188
OMJ82451,8.A.188.1,8.A.188.1,0.999992,3066,8.A.188,8.A.188
THD25096,8.A.189.1,8.A.189.1,0.99996436,3070,8.A.189,8.A.189
KJE94133,8.A.189.2,8.A.189.2,1.0,3071,8.A.189,8.A.189
Q4V5U6,8.A.19.1,8.A.19.1,0.9909984,3076,8.A.19,8.A.19
QID84842,8.A.190.1,8.A.190.1,0.9999863,3080,8.A.190,8.A.190
RMZ54818,8.A.191.1,8.A.191.1,0.9999877,3088,8.A.191,8.A.191
PXF60217,8.A.191.1,8.A.191.1,0.9999701,3089,8.A.191,8.A.191
WP_224341048,8.A.192.1,8.A.192.1,0.9999049,3094,8.A.192,8.A.192
P25491,8.A.192.1,8.A.192.1,0.99994826,3095,8.A.192,8.A.192
F4IVL6,8.A.192.2,8.A.192.2,0.9999062,3099,8.A.192,8.A.192
KAG8010605,8.A.193.1,8.A.193.1,0.99999297,3103,8.A.193,8.A.193
XP_029997346,8.A.194.1,1.A.55.3,0.32313877,3110,8.A.194,1.A.55
KAG2487039,8.A.194.1,8.A.194.1,0.99999475,3111,8.A.194,8.A.194
XP_031756194,8.A.196.1,8.A.196.1,0.9992692,3116,8.A.196,8.A.196
CDW53771,8.A.197.1,8.A.197.1,0.99999297,3120,8.A.197,8.A.197
P0AA95,8.A.2.1,8.A.2.1,0.9999194,3123,8.A.2,8.A.2
GBF99282,8.A.20.1,8.A.20.2,0.9696013,3126,8.A.20,8.A.20
KAF5839021,8.A.20.2,8.A.20.2,0.99582005,3128,8.A.20,8.A.20
XP_005646384,8.A.20.3,8.A.20.3,0.876097,3130,8.A.20,8.A.20
TMD93600,8.A.201.1,8.A.201.2,0.6259987,3135,8.A.201,8.A.201
MBS4889330,8.A.201.2,8.A.201.2,0.9925557,3140,8.A.201,8.A.201
TWW75268,8.A.202.1,8.A.202.1,0.9999924,3145,8.A.202,8.A.202
Q6PD74,8.A.203.1,8.A.203.1,0.9999969,3146,8.A.203,8.A.203
NP_001336488,8.A.204.1,8.A.204.1,0.999912,3152,8.A.204,8.A.204
P32926,8.A.204.1,8.A.204.1,0.9995521,3153,8.A.204,8.A.204
OLP90965,8.A.205.1,8.A.205.1,0.99996054,3159,8.A.205,8.A.205
SCM17177,8.A.205.1,8.A.205.1,0.9991473,3160,8.A.205,8.A.205
XP_045182095,8.A.206.1,8.A.206.1,0.9999707,3164,8.A.206,8.A.206
XP_033734125,8.A.208.1,8.A.208.1,0.9998927,3172,8.A.208,8.A.208
XP_048394075,8.A.208.1,8.A.208.1,0.99998295,3173,8.A.208,8.A.208
Q9VKM7,8.A.209.1,8.A.209.1,0.99987173,3175,8.A.209,8.A.209
RHY26985,8.A.210.1,8.A.210.1,0.9773989,3179,8.A.210,8.A.210
XP_031323901,8.A.211.1,8.A.211.1,0.999985,3182,8.A.211,8.A.211
WP_196367168,8.A.212.1,8.A.212.1,0.99998665,3186,8.A.212,8.A.212
MAH74360,8.A.213.1,8.A.213.1,0.99977595,3191,8.A.213,8.A.213
MBL4747290,8.A.213.1,8.A.213.1,0.999998,3192,8.A.213,8.A.213
XP_028399918,8.A.214.1,8.A.214.1,0.9999831,3197,8.A.214,8.A.214
XP_035489110,8.A.215.1,8.A.215.1,0.99875784,3200,8.A.215,8.A.215
KAJ3260049,8.A.216.1,8.A.216.1,0.99996436,3205,8.A.216,8.A.216
P38736,8.A.216.1,8.A.216.1,0.9999814,3206,8.A.216,8.A.216
O00305,8.A.22.1,8.A.22.1,0.99991155,3210,8.A.22,8.A.22
EKF99199,8.A.221.1,8.A.221.1,0.9999316,3218,8.A.221,8.A.221
TFJ87285,8.A.221.1,8.A.221.1,0.9999894,3219,8.A.221,8.A.221
P42858,8.A.222.1,8.A.222.1,1.0,3220,8.A.222,8.A.222
AAG25642,8.A.223.1,8.A.223.1,0.99999404,3224,8.A.223,8.A.223
KAG7342390,8.A.225.1,8.A.225.1,0.9999901,3228,8.A.225,8.A.225
KAI6194636,8.A.226.1,8.A.226.1,0.99987614,3233,8.A.226,8.A.226
NP_651733,8.A.226.1,8.A.226.1,0.99998367,3234,8.A.226,8.A.226
GFO46191,8.A.227.1,8.A.227.1,0.9999752,3241,8.A.227,8.A.227
KAI8730524,8.A.227.1,8.A.227.1,0.999979,3242,8.A.227,8.A.227
WP_076222359,8.A.228.1,8.A.228.1,0.9996387,3244,8.A.228,8.A.228
RAS33480,8.A.229.1,8.A.229.1,0.9999895,3246,8.A.229,8.A.229
KAF0027435,8.A.230.1,8.A.230.1,0.9978284,3251,8.A.230,8.A.230
XP_017548242,8.A.237.1,8.A.237.1,1.0,3254,8.A.237,8.A.237
Q9UBP9,8.A.238.1,8.A.238.1,0.863992,3257,8.A.238,8.A.238
H3CPN3,8.A.239.1,8.A.239.1,0.99997973,3259,8.A.239,8.A.239
G3VXE4,8.A.240.1,8.A.240.1,0.9999956,3261,8.A.240,8.A.240
Q9Y4G6,8.A.25.1,8.A.25.1,0.9989772,3268,8.A.25,8.A.25
Q9BQL6,8.A.25.1,8.A.25.1,0.9999416,3269,8.A.25,8.A.25
ANK58183,8.A.26.1,8.A.26.1,0.9981811,3275,8.A.26,8.A.26
P56539,8.A.26.1,8.A.26.1,0.99995303,3276,8.A.26,8.A.26
H2L0H3,8.A.27.1,8.A.27.1,0.9999548,3284,8.A.27,8.A.27
CZT62675,8.A.27.1,8.A.27.1,0.9999659,3285,8.A.27,8.A.27
Q9Z2Y3,8.A.29.1,8.A.29.1,1.0,3286,8.A.29,8.A.29
Q09098,8.A.31.1,8.A.31.1,0.99998474,3290,8.A.31,8.A.31
Q8I6Z5,8.A.32.1,8.A.32.1,0.99982315,3295,8.A.32,8.A.32
AGZ86590,8.A.33.1,1.A.55.3,0.26311535,3300,8.A.33,1.A.55
CCE37669,8.A.35.1,8.A.35.1,0.9999852,3305,8.A.35,8.A.35
POE55702,8.A.37.1,8.A.37.1,0.999613,3310,8.A.37,8.A.37
P91193,8.A.38.1,8.A.38.1,0.99983096,3312,8.A.38,8.A.38
XP_012918761,8.A.39.1,8.A.39.1,0.9999964,3315,8.A.39,8.A.39
P42501,8.A.4.1,8.A.4.1,0.9999999,3316,8.A.4,8.A.4
P43111,8.A.4.2,8.A.4.2,0.9995041,3318,8.A.4,8.A.4
Q10063,8.A.41.1,8.A.41.1,0.99911493,3325,8.A.41,8.A.41
B9WHV4,8.A.41.1,8.A.41.1,0.9998229,3326,8.A.41,8.A.41
R4G5U4,8.A.42.1,8.A.42.1,0.99998116,3331,8.A.42,8.A.42
R5LHN3,8.A.42.1,8.A.42.1,0.9999838,3332,8.A.42,8.A.42
E9AL21,8.A.44.1,8.A.44.1,0.9999056,3337,8.A.44,8.A.44
A8JGI1,8.A.44.1,8.A.44.1,0.9999399,3338,8.A.44,8.A.44
E9BX85,8.A.45.1,8.A.45.1,0.9872938,3343,8.A.45,8.A.45
D6X268,8.A.45.1,8.A.45.1,0.9998889,3344,8.A.45,8.A.45
F2U0C1,8.A.45.2,8.A.45.1,0.99345195,3346,8.A.45,8.A.45
E4RVP8,8.A.46.1,8.A.46.1,0.47155017,3351,8.A.46,8.A.46
G0IYY9,8.A.46.1,8.A.46.3,0.71105266,3352,8.A.46,8.A.46
G2PKA2,8.A.46.2,8.A.46.3,0.9227153,3355,8.A.46,8.A.46
BAE20200,8.A.46.3,8.A.46.3,0.5055748,3360,8.A.46,8.A.46
I9WSV7,8.A.48.1,8.A.48.1,0.99986506,3367,8.A.48,8.A.48
MBV8416225,8.A.48.1,8.A.48.1,0.99997747,3368,8.A.48,8.A.48
AKM80894,8.A.49.1,8.A.49.1,0.9999504,3371,8.A.49,8.A.49
P77735,8.A.5.1,1.A.55.3,0.26216766,3377,8.A.5,1.A.55
P76187,8.A.5.1,1.A.55.3,0.26291773,3378,8.A.5,1.A.55
P0AAW9,8.A.50.1,8.A.50.1,0.9999999,3379,8.A.50,8.A.50
P27487,8.A.51.1,8.A.51.1,0.99998367,3384,8.A.51,8.A.51
Q12884,8.A.51.1,8.A.51.1,0.99998283,3385,8.A.51,8.A.51
S3DAG4,8.A.52.1,1.A.55.3,0.2882635,3390,8.A.52,1.A.55
Q7XZ04,8.A.52.1,8.A.52.1,0.9999622,3391,8.A.52,8.A.52
O60260,8.A.52.2,8.A.52.2,1.0,3392,8.A.52,8.A.52
V8NZN5,8.A.53.1,8.A.53.1,0.9999715,3395,8.A.53,8.A.53
W5KQV6,8.A.55.1,8.A.55.3,0.97901946,3397,8.A.55,8.A.55
Q5VZ72,8.A.55.2,8.A.55.1,0.43391168,3399,8.A.55,8.A.55
Q1ZYL8,8.A.55.3,8.A.55.3,0.84788245,3400,8.A.55,8.A.55
KAG7176625,8.A.57.1,8.A.57.1,0.99987745,3405,8.A.57,8.A.57
XP_023218887,8.A.57.1,8.A.57.1,0.9998889,3406,8.A.57,8.A.57
Q91499,8.A.58.1,8.A.58.2,0.5595998,3411,8.A.58,8.A.58
D5T4Y6,8.A.58.2,8.A.58.2,0.82680994,3423,8.A.58,8.A.58
Q9H7V2,8.A.58.2,8.A.58.2,0.8049113,3424,8.A.58,8.A.58
O35449,8.A.58.2,8.A.58.2,0.80293983,3425,8.A.58,8.A.58
OLS30636,8.A.59.1,8.A.59.1,0.9999362,3428,8.A.59,8.A.59
F7FKR6,8.A.60.1,8.A.60.1,0.99999475,3431,8.A.60,8.A.60
Q9C7D7,8.A.61.1,8.A.61.1,0.9998628,3440,8.A.61,8.A.61
Q8TBE1,8.A.61.1,8.A.61.1,0.9998728,3441,8.A.61,8.A.61
L7ILZ6,8.A.61.1,8.A.61.1,0.9999368,3442,8.A.61,8.A.61
W6UD82,8.A.62.1,8.A.62.1,0.9999912,3446,8.A.62,8.A.62
O02109,8.A.63.1,8.A.63.1,0.9996854,3451,8.A.63,8.A.63
E6TG36,8.A.63.1,8.A.63.1,0.999648,3452,8.A.63,8.A.63
Q4UF74,8.A.65.1,8.A.65.1,0.9999882,3458,8.A.65,8.A.65
V7PSH7,8.A.65.1,8.A.65.1,0.9999815,3459,8.A.65,8.A.65
Q9UPN3,8.A.66.1,1.A.55.3,0.29707268,3466,8.A.66,1.A.55
Q01082,8.A.66.1,1.A.55.3,0.30421546,3467,8.A.66,1.A.55
Q99220,8.A.67.1,8.A.67.1,0.99983203,3472,8.A.67,8.A.67
NP_001122097,8.A.68.1,8.A.68.1,0.99990654,3486,8.A.68,8.A.68
KAF7834676,8.A.68.1,8.A.68.1,0.99575126,3487,8.A.68,8.A.68
XP_020044853,8.A.68.1,8.A.68.1,0.9999137,3488,8.A.68,8.A.68
XP_022972624,8.A.68.1,8.A.68.1,0.9877604,3489,8.A.68,8.A.68
V9L7R9,8.A.69.1,8.A.69.1,0.9999951,3492,8.A.69,8.A.69
H1XXY9,8.A.7.1,8.A.7.1,0.99998057,3497,8.A.7,8.A.7
A1RZ61,8.A.7.1,8.A.7.1,0.9990314,3498,8.A.7,8.A.7
KND87996,8.A.70.1,8.A.70.1,0.99997663,3503,8.A.70,8.A.70
A9V5D8,8.A.70.1,8.A.70.1,0.9996865,3504,8.A.70,8.A.70
E3M513,8.A.71.1,8.A.71.1,0.9999913,3508,8.A.71,8.A.71
AIA09566,8.A.72.1,8.A.72.1,0.9999893,3511,8.A.72,8.A.72
L1J6I0,8.A.73.1,8.A.73.1,0.9999604,3516,8.A.73,8.A.73
F2UQI9,8.A.73.1,8.A.73.1,0.999463,3517,8.A.73,8.A.73
P81450,8.A.73.2,8.A.73.2,0.99998474,3521,8.A.73,8.A.73
O14894,8.A.75.1,8.A.75.1,0.9999169,3526,8.A.75,8.A.75
P30408,8.A.75.1,8.A.75.1,0.99994063,3527,8.A.75,8.A.75
I1CE35,8.A.76.1,8.A.76.1,0.9998049,3531,8.A.76,8.A.76
M0ZJN1,8.A.76.2,8.A.76.2,0.9983699,3532,8.A.76,8.A.76
O75173,8.A.77.1,8.A.77.1,0.95301425,3539,8.A.77,8.A.77
Q13444,8.A.77.1,8.A.77.1,0.77436846,3540,8.A.77,8.A.77
NP_080609,8.A.77.2,8.A.77.3,0.6670348,3543,8.A.77,8.A.77
P01057,8.A.77.3,8.A.77.3,0.99955195,3544,8.A.77,8.A.77
XP_054180400,8.A.78.1,8.A.78.1,0.99999094,3546,8.A.78,8.A.78
A2SGV2,8.A.79.1,1.A.55.3,0.26172397,3549,8.A.79,1.A.55
A1RZ60,8.A.8.1,8.A.8.1,0.99999475,3555,8.A.8,8.A.8
O50515,8.A.8.1,8.A.8.1,0.99998534,3556,8.A.8,8.A.8
P28783,8.A.81.1,1.A.55.3,0.27748993,3561,8.A.81,1.A.55
XP_055072748,8.A.83.1,8.A.83.1,0.9999696,3569,8.A.83,8.A.83
XP_017264102,8.A.83.1,8.A.83.1,0.9996953,3570,8.A.83,8.A.83
Q9BXS4,8.A.84.1,8.A.84.1,0.9999956,3574,8.A.84,8.A.84
O14958,8.A.88.1,8.A.88.1,0.99871695,3578,8.A.88,8.A.88
P30101,8.A.88.2,8.A.88.2,0.9997534,3585,8.A.88,8.A.88
AAH93062,8.A.88.2,8.A.88.1,0.999634,3586,8.A.88,8.A.88
Q8A1G3,8.A.9.1,1.A.55.3,0.3004744,3589,8.A.9,1.A.55
Q9VHX9,8.A.9.2,1.A.55.3,0.31647632,3592,8.A.9,1.A.55
Q5DDT5,8.A.9.3,8.A.9.3,1.0,3593,8.A.9,8.A.9
W5M5V0,8.A.90.1,8.A.90.2,0.7556037,3596,8.A.90,8.A.90
T2F9S8,8.A.90.2,8.A.90.2,0.98024243,3599,8.A.90,8.A.90
Q12846,8.A.91.1,8.A.91.1,0.99990046,3611,8.A.91,8.A.91
A0AVG3,8.A.91.1,8.A.91.1,0.999948,3612,8.A.91,8.A.91
P93654,8.A.91.1,1.A.55.3,0.28882194,3613,8.A.91,1.A.55
L8HA63,8.A.93.1,8.A.93.1,0.9991573,3617,8.A.93,8.A.93
Q9BZW5,8.A.93.2,8.A.93.2,0.9968941,3621,8.A.93,8.A.93
SBP60566,8.A.94.1,8.A.94.1,0.99996126,3626,8.A.94,8.A.94
Q7Z5L3,8.A.94.1,8.A.94.1,0.9999751,3627,8.A.94,8.A.94
P62258,8.A.98.1,1.A.55.3,0.26221043,3636,8.A.98,1.A.55
P61981,8.A.98.1,1.A.55.3,0.2634571,3637,8.A.98,1.A.55
V4QS44,8.A.98.2,8.A.98.2,0.99999976,3638,8.A.98,8.A.98
WP_026610930,8.A.99.1,8.A.99.1,0.9996377,3642,8.A.99,8.A.99
C9X4K7,8.B.1.1,8.B.1.1,0.5534882,3653,8.B.1,8.B.1
S5TR00,8.B.1.1,8.B.1.3,0.99228245,3654,8.B.1,8.B.1
P63019,8.B.1.1,8.B.1.2,0.7108777,3655,8.B.1,8.B.1
P60266,8.B.1.2,8.B.1.1,0.9967264,3657,8.B.1,8.B.1
TKW02011,8.B.1.3,8.B.1.3,0.98617727,3658,8.B.1,8.B.1
AME17663,8.B.1.4,8.B.1.4,1.0,3659,8.B.1,8.B.1
P84919,8.B.11.1,8.B.11.1,0.9999201,3663,8.B.11,8.B.11
P86716,8.B.12.1,8.B.12.1,0.9999548,3668,8.B.12,8.B.12
O43278,8.B.13.1,8.B.13.1,0.5783665,3673,8.B.13,8.B.13
O43291,8.B.13.2,8.B.13.2,0.9703528,3676,8.B.13,8.B.13
C3TS07,8.B.17.1,8.B.17.1,0.9999453,3683,8.B.17,8.B.17
B1B5I9,8.B.17.1,8.B.17.1,0.99998784,3684,8.B.17,8.B.17
A7RMN1,8.B.19.1,8.B.19.2,0.99995875,3686,8.B.19,8.B.19
C0HKG8,8.B.19.2,8.B.19.2,0.97551423,3693,8.B.19,8.B.19
P81790,8.B.19.2,8.B.19.2,0.96089166,3694,8.B.19,8.B.19
P86094,8.B.23.1,8.B.23.1,0.82244325,3698,8.B.23,8.B.23
P81782,8.B.23.2,1.C.74.1,0.8387816,3701,8.B.23,1.C.74
J9QWM7,8.B.25.1,8.B.25.2,0.9291638,3708,8.B.25,8.B.25
Q2QBC6,8.B.25.1,8.B.25.2,0.94659656,3709,8.B.25,8.B.25
Q80KL8,8.B.25.2,8.B.25.2,0.99183065,3712,8.B.25,8.B.25
Q9BPH7,8.B.28.1,8.B.28.1,0.49671605,3718,8.B.28,8.B.28
Q2I2Q5,8.B.28.1,8.B.28.1,0.48578262,3719,8.B.28,8.B.28
AXL93751,8.B.28.2,8.B.28.1,0.43606922,3721,8.B.28,8.B.28
B1P1H2,8.B.3.1,8.B.5.3,0.5823628,3727,8.B.3,8.B.5
Q7YT39,8.B.3.1,8.B.5.3,0.568305,3728,8.B.3,8.B.5
P55817,8.B.30.1,8.B.30.1,0.9999683,3731,8.B.30,8.B.30
Q09470,8.B.31.1,8.B.31.1,1.0,3732,8.B.31,8.B.31
P55963,8.B.32.1,8.B.32.1,0.9191301,3742,8.B.32,8.B.32
Q2I2R5,8.B.32.1,8.B.32.1,0.9971865,3743,8.B.32,8.B.32
P69657,8.B.32.1,8.B.32.1,0.99580824,3744,8.B.32,8.B.32
P0C2C5,8.B.32.2,8.B.32.2,0.9482128,3749,8.B.32,8.B.32
BAS25445,8.B.4.1,8.B.28.1,0.52009845,3760,8.B.4,8.B.28
P58808,8.B.4.1,8.B.4.3,0.6178353,3761,8.B.4,8.B.4
P56633,8.B.4.1,8.B.28.1,0.5325969,3762,8.B.4,8.B.28
WEQ50348,8.B.4.3,8.B.4.3,0.34609514,3766,8.B.4,8.B.4
AKZ19080,8.B.42.1,8.B.42.1,0.99996424,3769,8.B.42,8.B.42
WP_125548623,8.B.43.1,8.B.43.1,0.999923,3775,8.B.43,8.B.43
WP_137635425,8.B.43.1,8.B.43.1,0.99995935,3776,8.B.43,8.B.43
P83480,8.B.5.1,8.B.5.1,0.3626201,3777,8.B.5,8.B.5
P58426,8.B.5.2,8.B.5.3,0.40397793,3779,8.B.5,8.B.5
P60590,8.B.5.3,8.B.5.1,0.38063222,3786,8.B.5,8.B.5
M5AY63,8.B.5.3,8.B.5.3,0.4781405,3787,8.B.5,8.B.5
B8XH25,8.B.7.1,8.B.7.1,0.99999726,3792,8.B.7,8.B.7
P0C194,8.B.8.1,8.B.8.1,0.99997723,3800,8.B.8,8.B.8
P0C8R1,8.B.8.1,8.B.8.1,0.9998368,3801,8.B.8,8.B.8
B0X6A3,8.B.9.1,1.A.55.3,0.278,3807,8.B.9,1.A.55
P48060,8.B.9.1,8.B.9.1,0.99998987,3808,8.B.9,8.B.9
KAE8630831,9.A.1.1,1.A.55.3,0.28894848,3814,9.A.1,1.A.55
XP_005472026,9.A.1.1,1.A.55.3,0.28833508,3815,9.A.1,1.A.55
X2JDY8,9.A.1.2,9.A.1.2,1.0,3816,9.A.1,9.A.1
Q9V9S0,9.A.16.1,9.A.16.1,0.9999484,3824,9.A.16,9.A.16
Q9UQV4,9.A.16.1,9.A.16.1,0.9999907,3825,9.A.16,9.A.16
Q986E2,9.A.18.1,9.A.18.1,0.99998,3830,9.A.18,9.A.18
RLN46998,9.A.19.1,9.A.19.1,0.99990785,3836,9.A.19,9.A.19
XP_044548243,9.A.19.1,9.A.19.1,0.9997304,3837,9.A.19,9.A.19
PYI33190,9.A.19.2,9.A.19.2,0.99999297,3838,9.A.19,9.A.19
Q9HVM8,9.A.21.1,9.A.21.1,0.9999167,3840,9.A.21,9.A.21
A9NFH9,9.A.23.1,9.A.23.1,0.9998747,3842,9.A.23,9.A.23
Q59Q40,9.A.26.1,9.A.26.1,0.999998,3846,9.A.26,9.A.26
A4XHF2,9.A.28.1,9.A.28.1,0.99995637,3850,9.A.28,9.A.28
WP_167816028,9.A.32.1,9.A.32.2,0.52965724,3858,9.A.32,9.A.32
WP_158507728,9.A.32.1,9.A.32.1,0.9553975,3859,9.A.32,9.A.32
WP_173774957,9.A.32.2,9.A.32.2,0.569557,3864,9.A.32,9.A.32
WP_090409123,9.A.32.2,9.A.32.2,0.63184744,3865,9.A.32,9.A.32
Q9KW03,9.A.33.1,9.A.33.1,0.99999964,3866,9.A.33,9.A.33
CAF0919544,9.A.35.1,9.A.35.1,0.9999453,3872,9.A.35,9.A.35
Q8I4H9,9.A.35.1,9.A.35.1,0.9999702,3873,9.A.35,9.A.35
Q9NRY6,9.A.36.1,9.A.36.1,0.99998295,3879,9.A.36,9.A.36
Q8IJH8,9.A.36.1,9.A.36.1,0.9998204,3880,9.A.36,9.A.36
Q1WF75,9.A.37.1,9.A.37.1,1.0,3881,9.A.37,9.A.37
P64564,9.A.4.1,9.A.4.2,0.7365519,3883,9.A.4,9.A.4
S6A3A3,9.A.4.2,9.A.4.2,0.954208,3887,9.A.4,9.A.4
Q73GS7,9.A.4.3,9.A.4.3,0.99876416,3888,9.A.4,9.A.4
KQJ85610,9.A.43.1,9.A.43.1,0.99970394,3901,9.A.43,9.A.43
Q8LPS2,9.A.43.1,9.A.43.1,0.99996936,3902,9.A.43,9.A.43
XP_015973699,9.A.43.1,9.A.43.1,0.9999168,3903,9.A.43,9.A.43
D4GQY8,9.A.45.1,9.A.45.1,0.999998,3905,9.A.45,9.A.45
Q54NS7,9.A.49.1,9.A.49.1,0.99988663,3915,9.A.49,9.A.49
Q5CW48,9.A.49.1,9.A.49.1,0.9998486,3916,9.A.49,9.A.49
P53633,9.A.49.1,9.A.49.1,0.9999442,3917,9.A.49,9.A.49
Q8EHH6,9.A.5.1,9.A.5.1,0.8048734,3918,9.A.5,9.A.5
Q99WQ7,9.A.5.2,9.A.5.1,0.6955983,3920,9.A.5,9.A.5
O34765,9.A.5.3,9.A.5.1,0.93377095,3922,9.A.5,9.A.5
P39379,9.A.5.4,9.A.5.1,0.68329567,3924,9.A.5,9.A.5
Q4DTX8,9.A.54.1,9.A.54.2,0.6769926,3929,9.A.54,9.A.54
B3L7M4,9.A.54.2,9.A.54.2,0.8271438,3930,9.A.54,9.A.54
Q68DH5,9.A.54.3,9.A.54.3,0.7674453,3935,9.A.54,9.A.54
Q12466,9.A.57.1,9.A.57.1,0.9999782,3945,9.A.57,9.A.57
P48231,9.A.57.1,9.A.57.1,0.99997866,3946,9.A.57,9.A.57
Q03640,9.A.57.1,9.A.57.1,0.99998486,3947,9.A.57,9.A.57
H1A8I6,9.A.59.1,9.A.59.1,0.9999987,3950,9.A.59,9.A.59
A0DG78,9.A.6.1,9.A.6.1,0.9999634,3952,9.A.6,9.A.6
I8AJB9,9.A.66.1,9.A.66.1,0.9999839,3955,9.A.66,9.A.66
WP_101143913,9.A.7.1,9.A.7.1,0.9999856,3961,9.A.7,9.A.7
WP_061080484,9.A.7.1,9.A.7.1,0.9999813,3962,9.A.7,9.A.7
P00505,9.A.70.1,9.A.70.1,0.9999999,3963,9.A.70,9.A.70
Q99445,9.A.71.1,9.A.71.1,0.9999976,3964,9.A.71,9.A.71
RJU95109,9.A.76.1,1.A.55.3,0.2619501,3974,9.A.76,1.A.55
KAE8977401,9.A.76.1,9.A.76.1,0.99980956,3975,9.A.76,9.A.76
RLT34927,9.A.76.1,1.A.55.3,0.26512647,3976,9.A.76,1.A.55
KAF4923135,9.A.78.1,9.A.78.1,0.9999838,3981,9.A.78,9.A.78
XP_002765820,9.A.79.1,9.A.79.1,0.99728847,3985,9.A.79,9.A.79
XP_011674862,9.A.80.1,9.A.80.1,0.9999815,3990,9.A.80,9.A.80
NBO37220,9.A.81.1,9.A.81.1,0.99999106,3995,9.A.81,9.A.81
Q9HFE1,9.A.9.1,9.A.9.1,0.999998,3997,9.A.9,9.A.9
E8XKQ3,9.B.100.1,9.B.100.1,0.9999995,3998,9.B.100,9.B.100
KMZ66701,9.B.103.1,9.B.103.1,0.99999225,4001,9.B.103,9.B.103
D8IUH5,9.B.108.1,9.B.108.1,0.9960486,4006,9.B.108,9.B.108
A3TJM9,9.B.108.1,9.B.108.1,0.9999813,4007,9.B.108,9.B.108
F0VLB1,9.B.11.1,9.B.11.1,0.999979,4009,9.B.11,9.B.11
PSG98608,9.B.110.1,9.B.110.1,0.9818543,4012,9.B.110,9.B.110
WP_042258648,9.B.110.2,9.B.110.1,0.9876533,4014,9.B.110,9.B.110
WP_121250785,9.B.111.1,9.B.111.1,0.9816664,4019,9.B.111,9.B.111
Q96PC5,9.B.113.1,1.A.93.2,0.10423934,4023,9.B.113,1.A.93
P0AFY2,9.B.114.1,9.B.114.1,0.9999993,4024,9.B.114,9.B.114
WP_185179402,9.B.116.1,9.B.116.1,0.49294937,4028,9.B.116,9.B.116
E5Z496,9.B.116.2,9.B.116.1,0.5059807,4029,9.B.116,9.B.116
TFH37055,9.B.116.3,9.B.116.1,0.41317216,4033,9.B.116,9.B.116
WP_051287091,9.B.118.1,9.B.118.1,0.9999293,4038,9.B.118,9.B.118
WP_089971100,9.B.118.1,9.B.118.1,0.999838,4039,9.B.118,9.B.118
Q8LPI6,9.B.119.1,9.B.119.1,0.9514832,4044,9.B.119,9.B.119
QIR82081,9.B.119.1,9.B.119.1,0.999956,4045,9.B.119,9.B.119
B3QLD9,9.B.12.1,9.B.12.1,0.5527317,4050,9.B.12,9.B.12
Q9ZNQ7,9.B.12.1,9.B.12.1,0.5639947,4051,9.B.12,9.B.12
I1CTU6,9.B.12.2,9.B.12.1,0.5985862,4053,9.B.12,9.B.12
P56508,9.B.12.3,9.B.12.1,0.5492952,4056,9.B.12,9.B.12
Q20516,9.B.12.4,9.B.12.1,0.5154927,4057,9.B.12,9.B.12
SDO08619,9.B.120.1,9.B.120.1,0.9999825,4065,9.B.120,9.B.120
NYE48519,9.B.120.1,9.B.120.1,0.99997056,4066,9.B.120,9.B.120
D1NQT2,9.B.122.1,9.B.122.1,0.9846705,4070,9.B.122,9.B.122
Q82QI0,9.B.122.2,9.B.122.2,0.8782611,4071,9.B.122,9.B.122
F6ULR8,9.B.123.1,9.B.123.1,0.9999572,4073,9.B.123,9.B.123
B8B6I6,9.B.123.2,1.A.55.3,0.2630317,4075,9.B.123,1.A.55
C4M797,9.B.123.3,9.B.123.3,0.7337408,4076,9.B.123,9.B.123
C7T8Y9,9.B.124.1,9.B.124.2,0.63057536,4085,9.B.124,9.B.124
AKM80210,9.B.124.1,9.B.124.1,0.98774844,4086,9.B.124,9.B.124
V4PBP8,9.B.124.2,9.B.124.2,0.99036497,4089,9.B.124,9.B.124
Q1LK71,9.B.125.1,1.A.55.3,0.27275917,4091,9.B.125,1.A.55
Q8PVB2,9.B.125.2,9.B.125.2,0.99999654,4093,9.B.125,9.B.125
E4N6G8,9.B.126.1,9.B.126.1,0.8632357,4098,9.B.126,9.B.126
Q72HC9,9.B.126.2,9.B.126.1,0.7219973,4106,9.B.126,9.B.126
AUZ87169,9.B.126.2,9.B.126.2,0.64220935,4107,9.B.126,9.B.126
A7ZGK4,9.B.127.1,9.B.127.2,0.9229802,4110,9.B.127,9.B.127
WP_014620776,9.B.127.2,9.B.127.1,0.9989366,4112,9.B.127,9.B.127
B6I4D1,9.B.128.1,9.B.128.1,0.99992716,4113,9.B.128,9.B.128
OJV97403,9.B.128.2,9.B.128.2,0.99989593,4115,9.B.128,9.B.128
P0A236,9.B.128.3,9.B.128.3,0.9644679,4116,9.B.128,9.B.128
H0J079,9.B.13.1,9.B.13.2,0.9998055,4118,9.B.13,9.B.13
K9HWE0,9.B.13.2,9.B.13.2,0.9999647,4120,9.B.13,9.B.13
C1L5K7,9.B.130.1,9.B.130.1,0.71698546,4125,9.B.130,9.B.130
Q98SD9,9.B.130.1,9.B.130.1,0.64943117,4126,9.B.130,9.B.130
O55100,9.B.130.2,9.B.130.1,0.50695443,4131,9.B.130,9.B.130
E7KKW7,9.B.132.1,9.B.132.1,0.99981505,4133,9.B.132,9.B.132
B0FXJ3,9.B.133.1,9.B.133.1,0.99642986,4135,9.B.133,9.B.133
E4UA69,9.B.133.2,9.B.133.2,0.99372876,4137,9.B.133,9.B.133
Q8IY95,9.B.134.1,9.B.134.1,0.9999448,4138,9.B.134,9.B.134
I1L1Q2,9.B.134.2,9.B.134.2,0.999962,4139,9.B.134,9.B.134
P53093,9.B.135.1,9.B.135.2,0.5417797,4145,9.B.135,9.B.135
Q9BSR8,9.B.135.1,9.B.135.2,0.5269284,4146,9.B.135,9.B.135
Q9BWQ6,9.B.135.2,9.B.135.2,0.6342719,4153,9.B.135,9.B.135
P53108,9.B.135.2,9.B.135.2,0.5095815,4154,9.B.135,9.B.135
WP_066168960,9.B.136.1,9.B.136.1,0.9787612,4156,9.B.136,9.B.136
WP_220194381,9.B.136.2,9.B.136.2,0.4602855,4158,9.B.136,9.B.136
WP_013217642,9.B.136.3,9.B.136.3,0.98339266,4162,9.B.136,9.B.136
A8A9N6,9.B.136.4,9.B.136.4,0.9492345,4163,9.B.136,9.B.136
MQY02608,9.B.138.1,9.B.138.1,0.9999881,4167,9.B.138,9.B.138
F2HGA2,9.B.139.1,9.B.139.1,0.5801736,4172,9.B.139,9.B.139
O06748,9.B.139.1,9.B.139.1,0.61544305,4173,9.B.139,9.B.139
Q1CXZ2,9.B.139.2,9.B.139.1,0.52906424,4174,9.B.139,9.B.139
E2S7A3,9.B.139.3,9.B.139.1,0.57611823,4176,9.B.139,9.B.139
C7TAQ3,9.B.141.1,9.B.141.1,0.99998987,4179,9.B.141,9.B.141
G0G9H5,9.B.145.1,9.B.145.1,0.9999893,4184,9.B.145,9.B.145
H0R417,9.B.145.1,9.B.145.1,0.99999225,4185,9.B.145,9.B.145
P0AC78,9.B.146.1,9.B.146.1,0.99992275,4192,9.B.146,9.B.146
ALM14264,9.B.146.1,9.B.146.1,0.99990034,4193,9.B.146,9.B.146
P0AAW6,9.B.15.1,9.B.15.1,0.9801452,4194,9.B.15,9.B.15
Q138B7,9.B.15.2,9.B.15.2,0.99930716,4203,9.B.15,9.B.15
D2S9V8,9.B.15.2,9.B.15.2,0.99988174,4204,9.B.15,9.B.15
Q6MHC6,9.B.15.2,9.B.15.2,0.99879885,4205,9.B.15,9.B.15
Q6MK65,9.B.150.1,9.B.150.1,0.99998724,4209,9.B.150,9.B.150
OHB97472,9.B.154.1,9.B.154.1,0.9999378,4219,9.B.154,9.B.154
AJM78027,9.B.154.1,9.B.154.1,0.9998622,4220,9.B.154,9.B.154
B1ZTG9,9.B.154.1,9.B.154.1,0.99992704,4221,9.B.154,9.B.154
C9RAK9,9.B.156.1,9.B.156.1,0.9610759,4226,9.B.156,9.B.156
Q58290,9.B.156.2,9.B.156.2,0.99999607,4228,9.B.156,9.B.156
I6ZUE8,9.B.156.3,9.B.156.3,0.99992645,4229,9.B.156,9.B.156
F2MU33,9.B.158.1,9.B.158.1,0.9999802,4232,9.B.158,9.B.158
D5EE66,9.B.160.1,9.B.160.1,0.99991953,4245,9.B.160,9.B.160
A4TZ39,9.B.160.1,9.B.160.1,0.99994385,4246,9.B.160,9.B.160
Q1MQG2,9.B.160.1,9.B.160.1,0.9999566,4247,9.B.160,9.B.160
P08550,9.B.160.1,9.B.160.1,0.99991035,4248,9.B.160,9.B.160
G8PPB1,9.B.163.1,9.B.163.2,0.77879065,4254,9.B.163,9.B.163
F0SJU9,9.B.163.1,9.B.163.1,0.8020092,4255,9.B.163,9.B.163
Q6N889,9.B.163.2,9.B.163.2,0.91051,4256,9.B.163,9.B.163
Q7UM60,9.B.163.3,9.B.163.3,0.99887854,4258,9.B.163,9.B.163
D5ST04,9.B.163.4,9.B.163.3,0.8183591,4260,9.B.163,9.B.163
E1THQ6,9.B.164.1,9.B.164.1,0.9999788,4263,9.B.164,9.B.164
Q94AL8,9.B.166.1,9.B.166.1,0.99999964,4264,9.B.166,9.B.166
A3UXB5,9.B.167.1,9.B.167.1,0.9999951,4267,9.B.167,9.B.167
D2QPR7,9.B.168.1,9.B.168.1,0.99995005,4270,9.B.168,9.B.168
B8FMP7,9.B.170.1,9.B.170.1,0.99995875,4276,9.B.170,9.B.170
Q1IUU0,9.B.170.1,9.B.170.1,0.9999312,4277,9.B.170,9.B.170
Q11WV5,9.B.172.1,9.B.172.1,0.99998474,4282,9.B.172,9.B.172
XP_015643584,9.B.174.1,1.A.55.3,0.26713,4286,9.B.174,1.A.55
WP_088466477,9.B.174.2,1.A.55.3,0.28370458,4291,9.B.174,1.A.55
I3ZIU8,9.B.176.1,9.B.176.1,0.98590577,4295,9.B.176,9.B.176
Q12VB2,9.B.176.2,9.B.176.2,0.9992539,4297,9.B.176,9.B.176
S9VAZ9,9.B.177.1,9.B.177.1,0.9999995,4299,9.B.177,9.B.177
Q1CVQ2,9.B.18.1,9.B.18.1,0.99973077,4304,9.B.18,9.B.18
P27830,9.B.18.2,9.B.18.1,0.99643326,4308,9.B.18,9.B.18
R8RPP1,9.B.182.1,9.B.182.1,0.9998549,4314,9.B.182,9.B.182
K0N7U5,9.B.182.1,9.B.182.1,0.99993145,4315,9.B.182,9.B.182
D1PQ73,9.B.183.1,9.B.183.1,0.99997306,4323,9.B.183,9.B.183
P71056,9.B.183.1,9.B.183.1,0.99998474,4324,9.B.183,9.B.183
C5CCA2,9.B.185.1,9.B.185.1,0.9997824,4330,9.B.185,9.B.185
D1CEH0,9.B.185.1,9.B.185.1,0.99981564,4331,9.B.185,9.B.185
Q9BVK6,9.B.188.1,9.B.188.1,0.9999876,4340,9.B.188,9.B.188
Q6NWI7,9.B.188.1,9.B.188.1,0.99995816,4341,9.B.188,9.B.188
A5KC26,9.B.19.1,9.B.19.1,0.9999927,4345,9.B.19,9.B.19
KAF4675608,9.B.191.1,9.B.191.1,0.8330525,4354,9.B.191,9.B.191
P48583,9.B.191.1,9.B.191.1,0.9967269,4355,9.B.191,9.B.191
MBE0344742,9.B.191.2,9.B.191.2,0.7416822,4357,9.B.191,9.B.191
Q12016,9.B.199.1,9.B.199.1,0.9999888,4364,9.B.199,9.B.199
L1JGY1,9.B.199.1,9.B.199.1,0.9999957,4365,9.B.199,9.B.199
A6V4Q2,9.B.20.1,9.B.20.1,0.90392506,4370,9.B.20,9.B.20
B9TCJ7,9.B.20.2,9.B.20.1,0.52782077,4372,9.B.20,9.B.20
Q6MNC6,9.B.20.3,9.B.20.3,0.75034446,4376,9.B.20,9.B.20
WP_020581537,9.B.20.4,9.B.20.4,0.9089805,4381,9.B.20,9.B.20
KKQ27895,9.B.20.4,9.B.20.4,0.9853416,4382,9.B.20,9.B.20
PIK57755,9.B.200.1,9.B.200.1,0.9999821,4386,9.B.200,9.B.200
C5GC38,9.B.203.1,9.B.203.1,0.99998593,4389,9.B.203,9.B.203
XP_003064774,9.B.204.1,9.B.204.1,0.99382544,4396,9.B.204,9.B.204
GET92160,9.B.204.1,9.B.204.1,0.9983728,4397,9.B.204,9.B.204
XP_002683027,9.B.204.2,9.B.204.2,0.99922776,4398,9.B.204,9.B.204
A8IIR9,9.B.206.1,9.B.206.1,0.9672773,4403,9.B.206,9.B.206
G4LVB1,9.B.206.1,9.B.206.1,0.9810774,4404,9.B.206,9.B.206
W0T9B7,9.B.206.2,9.B.206.1,0.5717612,4406,9.B.206,9.B.206
W5L189,9.B.207.1,9.B.207.1,0.9999982,4408,9.B.207,9.B.207
Q07869,9.B.208.1,1.A.55.3,0.26476517,4414,9.B.208,1.A.55
Q13133,9.B.208.1,9.B.208.1,0.9796973,4415,9.B.208,9.B.208
Q7CJK3,9.B.209.1,9.B.209.1,0.99999535,4417,9.B.209,9.B.209
Q07540,9.B.21.1,1.A.55.3,0.27917612,4419,9.B.21,1.A.55
P27838,9.B.21.2,9.B.21.2,0.999977,4420,9.B.21,9.B.21
WP_044276278,9.B.210.1,9.B.210.1,0.6264924,4430,9.B.210,9.B.210
WP_058186819,9.B.210.1,9.B.210.1,0.9957604,4431,9.B.210,9.B.210
WP_109489060,9.B.210.1,9.B.210.1,0.84145427,4432,9.B.210,9.B.210
WP_044729301,9.B.210.2,9.B.210.1,0.839109,4434,9.B.210,9.B.210
H0E5G9,9.B.211.1,9.B.211.1,0.99899083,4437,9.B.211,9.B.211
P04288,9.B.212.1,9.B.212.1,1.0,4438,9.B.212,9.B.212
A5H0X7,9.B.213.1,9.B.213.1,0.99997604,4442,9.B.213,9.B.213
XP_003003461,9.B.214.1,9.B.214.1,0.9991602,4445,9.B.214,9.B.214
AKM78436,9.B.214.2,9.B.214.4,0.95413566,4450,9.B.214,9.B.214
R4MM06,9.B.214.2,9.B.214.2,0.9930496,4451,9.B.214,9.B.214
WP_053485284,9.B.214.3,9.B.214.4,0.9981609,4454,9.B.214,9.B.214
WP_131276719,9.B.214.4,9.B.214.4,0.9974305,4455,9.B.214,9.B.214
M2XSV3,9.B.216.1,9.B.216.1,0.9999877,4460,9.B.216,9.B.216
Q9ASV5,9.B.216.1,9.B.216.1,0.99997866,4461,9.B.216,9.B.216
D4TYE3,9.B.218.1,9.B.218.1,0.622476,4465,9.B.218,9.B.218
WP_031561678,9.B.218.2,9.B.218.1,0.57972145,4466,9.B.218,9.B.218
WP_062417086,9.B.218.3,9.B.218.1,0.7238849,4468,9.B.218,9.B.218
WP_151624151,9.B.221.1,9.B.221.2,0.6055743,4477,9.B.221,9.B.221
MAM34034,9.B.221.1,9.B.221.2,0.6146662,4478,9.B.221,9.B.221
EMC02884,9.B.221.1,9.B.221.2,0.65023845,4479,9.B.221,9.B.221
WP_119506911,9.B.221.2,9.B.221.2,0.5061429,4483,9.B.221,9.B.221
G9EP97,9.B.223.1,9.B.223.1,0.99996686,4493,9.B.223,9.B.223
AKM78687,9.B.223.1,9.B.223.1,0.999956,4494,9.B.223,9.B.223
AKM78689,9.B.223.1,9.B.223.1,0.9999434,4495,9.B.223,9.B.223
WP_090249803,9.B.225.1,9.B.225.1,0.97825086,4502,9.B.225,9.B.225
WP_051394874,9.B.225.1,9.B.225.1,0.98411477,4503,9.B.225,9.B.225
A4SKX1,9.B.225.2,9.B.225.2,0.9973127,4504,9.B.225,9.B.225
C0VZJ6,9.B.226.1,9.B.226.1,0.99997723,4513,9.B.226,9.B.226
K9B2Q0,9.B.226.1,9.B.226.1,0.99986184,4514,9.B.226,9.B.226
WP_122820729,9.B.226.1,9.B.226.1,0.9999807,4515,9.B.226,9.B.226
Q4Q4P9,9.B.228.1,9.B.228.1,0.99996066,4520,9.B.228,9.B.228
KIO23915,9.B.228.1,9.B.228.1,0.9999863,4521,9.B.228,9.B.228
Q08693,9.B.229.1,9.B.229.1,0.99964464,4528,9.B.229,9.B.229
Q04609,9.B.229.1,9.B.229.1,0.9999863,4529,9.B.229,9.B.229
Q96A25,9.B.23.1,9.B.23.1,0.99969697,4534,9.B.23,9.B.23
W6UFX4,9.B.23.1,9.B.23.3,0.97876066,4535,9.B.23,9.B.23
B9RCI8,9.B.23.3,9.B.23.3,0.56348914,4538,9.B.23,9.B.23
K3XFH1,9.B.23.4,9.B.23.1,0.9502026,4540,9.B.23,9.B.23
D6RJM9,9.B.230.1,9.B.230.1,0.99998045,4544,9.B.230,9.B.230
Q8L638,9.B.231.1,9.B.231.1,0.99999213,4549,9.B.231,9.B.231
S8GD98,9.B.231.1,9.B.231.1,0.9999449,4550,9.B.231,9.B.231
Q9H6X4,9.B.232.1,9.B.232.1,0.9673176,4558,9.B.232,9.B.232
Q22DH8,9.B.232.1,9.B.232.1,0.6665957,4559,9.B.232,9.B.232
E9B152,9.B.232.2,9.B.232.1,0.6116962,4561,9.B.232,9.B.232
Q5YNM5,9.B.234.1,9.B.234.1,0.9999846,4564,9.B.234,9.B.234
AHB41346,9.B.237.1,9.B.237.1,0.9999691,4569,9.B.237,9.B.237
SEG41633,9.B.237.1,9.B.237.1,0.9999887,4570,9.B.237,9.B.237
KKR67229,9.B.239.1,9.B.239.1,0.9999987,4574,9.B.239,9.B.239
KUK17074,9.B.241.1,9.B.241.1,0.8335539,4577,9.B.241,9.B.241
WP_073151285,9.B.241.2,9.B.241.1,0.99700135,4583,9.B.241,9.B.241
KKK45936,9.B.241.2,9.B.241.2,0.9989617,4584,9.B.241,9.B.241
PIR56717,9.B.243.1,9.B.243.1,0.9998288,4586,9.B.243,9.B.243
MBQ1273715,9.B.245.1,9.B.245.1,0.99997985,4589,9.B.245,9.B.245
WP_012020642,9.B.248.1,9.B.248.1,0.99994874,4594,9.B.248,9.B.248
WP_049954298,9.B.248.1,9.B.248.1,0.99989104,4595,9.B.248,9.B.248
WP_038794236,9.B.250.1,9.B.250.1,0.9999839,4600,9.B.250,9.B.250
WP_081449648,9.B.254.1,9.B.254.1,0.9999076,4604,9.B.254,9.B.254
K9FAK7,9.B.26.1,9.B.26.1,0.99976915,4608,9.B.26,9.B.26
A2EH91,9.B.26.2,9.B.26.2,0.9993753,4611,9.B.26,9.B.26
WP_103344802,9.B.261.1,9.B.261.1,0.9999989,4613,9.B.261,9.B.261
WP_156468100,9.B.263.1,9.B.263.2,0.57772845,4616,9.B.263,9.B.263
PIE62953,9.B.263.2,9.B.263.2,0.99965405,4622,9.B.263,9.B.263
RZD16788,9.B.263.2,9.B.263.2,0.93935096,4623,9.B.263,9.B.263
WP_017304407,9.B.265.1,9.B.265.1,0.99999535,4629,9.B.265,9.B.265
PIQ25652,9.B.265.1,1.A.55.3,0.2862774,4630,9.B.265,1.A.55
WP_102961726,9.B.273.1,9.B.273.1,0.9994129,4632,9.B.273,9.B.273
P37659,9.B.275.1,9.B.275.1,0.99999917,4633,9.B.275,9.B.275
G0QX98,9.B.276.1,9.B.276.1,0.9999999,4635,9.B.276,9.B.276
Q14118,9.B.277.1,9.B.277.1,1.0,4636,9.B.277,9.B.277
OUC06354,9.B.286.1,9.B.286.1,0.99997294,4641,9.B.286,9.B.286
NP_081084,9.B.287.1,9.B.287.1,0.999974,4646,9.B.287,9.B.287
NIQ06385,9.B.296.1,9.B.296.1,0.9999969,4650,9.B.296,9.B.296
DAC08545,9.B.297.1,9.B.297.2,0.93006057,4653,9.B.297,9.B.297
G2EDH3,9.B.297.2,9.B.297.3,0.9070534,4657,9.B.297,9.B.297
PIU21855,9.B.297.3,9.B.297.2,0.72508574,4660,9.B.297,9.B.297
PAW60084,9.B.297.4,9.B.297.4,0.92860574,4665,9.B.297,9.B.297
WP_332355618,9.B.297.4,9.B.297.4,0.997341,4666,9.B.297,9.B.297
WP_044035693,9.B.299.1,9.B.299.1,0.99963474,4669,9.B.299,9.B.299
WP_006828861,9.B.300.1,9.B.300.1,0.9999783,4672,9.B.300,9.B.300
RJQ44302,9.B.301.1,9.B.301.1,0.99997103,4675,9.B.301,9.B.301
WP_069909221,9.B.302.1,9.B.302.1,0.9999958,4680,9.B.302,9.B.302
WP_069116643,9.B.302.1,9.B.302.1,0.99996495,4681,9.B.302,9.B.302
YP_294138,9.B.309.1,9.B.309.1,0.9999869,4686,9.B.309,9.B.309
Q45064,9.B.31.1,9.B.31.1,0.99999714,4688,9.B.31,9.B.31
WP_018247222,9.B.310.1,9.B.310.1,0.9999573,4692,9.B.310,9.B.310
XP_012651217,9.B.314.1,9.B.314.1,0.9999851,4699,9.B.314,9.B.314
GBE61450,9.B.314.1,9.B.314.1,0.99992275,4700,9.B.314,9.B.314
P47026,9.B.315.1,9.B.315.1,0.9999361,4705,9.B.315,9.B.315
OEH80241,9.B.315.1,9.B.315.1,0.99994993,4706,9.B.315,9.B.315
XP_007269378,9.B.316.1,9.B.316.1,0.9999634,4710,9.B.316,9.B.316
RNA04992,9.B.317.1,9.B.317.2,0.7254824,4715,9.B.317,9.B.317
RJW66591,9.B.317.1,9.B.317.2,0.22978625,4716,9.B.317,9.B.317
RCN37802,9.B.317.2,9.B.317.2,0.6570308,4718,9.B.317,9.B.317
B9QYG9,9.B.32.1,9.B.32.2,0.9999889,4723,9.B.32,9.B.32
Q0K0R7,9.B.32.1,9.B.32.2,0.9999906,4724,9.B.32,9.B.32
C7RSB7,9.B.32.2,9.B.32.2,0.9999217,4725,9.B.32,9.B.32
AKB47484,9.B.323.1,9.B.323.1,0.66953486,4730,9.B.323,9.B.323
G0LIE5,9.B.323.1,9.B.323.1,0.801531,4731,9.B.323,9.B.323
Q97YM6,9.B.323.2,9.B.323.3,0.6459328,4732,9.B.323,9.B.323
TXT58066,9.B.323.3,9.B.323.3,0.68955654,4733,9.B.323,9.B.323
XP_014717418,9.B.329.1,9.B.329.1,0.999385,4738,9.B.329,9.B.329
XP_008709693,9.B.329.1,9.B.329.1,0.9993162,4739,9.B.329,9.B.329
OPY34595,9.B.33.1,9.B.33.1,0.99975365,4744,9.B.33,9.B.33
WP_141687139,9.B.33.1,9.B.33.1,0.9999844,4745,9.B.33,9.B.33
OPY17395,9.B.331.1,9.B.331.1,0.9999801,4750,9.B.331,9.B.331
WP_011249992,9.B.333.1,9.B.333.1,0.99999976,4754,9.B.333,9.B.333
WP_128121392,9.B.34.1,9.B.34.1,0.9999862,4761,9.B.34,9.B.34
EHB50236,9.B.34.1,9.B.34.1,0.999972,4762,9.B.34,9.B.34
BAI61771,9.B.349.1,9.B.349.1,0.7893444,4768,9.B.349,9.B.349
TFF86251,9.B.349.1,9.B.349.1,0.6747559,4769,9.B.349,9.B.349
PWI46967,9.B.349.2,9.B.349.1,0.747304,4771,9.B.349,9.B.349
Q9LVM5,9.B.35.1,1.A.55.3,0.2868084,4774,9.B.35,1.A.55
F7ZL37,9.B.35.2,9.B.35.2,0.9387979,4776,9.B.35,9.B.35
YP_009042119,9.B.350.1,9.B.350.1,0.99998546,4780,9.B.350,9.B.350
XP_016890459,9.B.360.1,9.B.360.1,0.99998474,4787,9.B.360,9.B.360
XP_015767335,9.B.360.1,9.B.360.1,0.9999745,4788,9.B.360,9.B.360
TTE66793,9.B.362.1,1.A.55.3,0.31325987,4794,9.B.362,1.A.55
TGZ58939,9.B.362.1,9.B.362.1,0.99997365,4795,9.B.362,9.B.362
XP_025610126,9.B.363.1,9.B.363.1,0.99995327,4800,9.B.363,9.B.363
PIN75864,9.B.363.1,9.B.363.1,0.9986436,4801,9.B.363,9.B.363
XP_028885247,9.B.366.1,9.B.366.1,0.9999695,4806,9.B.366,9.B.366
OLP91653,9.B.366.1,9.B.366.1,0.9999764,4807,9.B.366,9.B.366
XP_014528649,9.B.368.1,9.B.368.1,0.99987745,4815,9.B.368,9.B.368
CBN75028,9.B.368.1,9.B.368.1,0.99995565,4816,9.B.368,9.B.368
VEL21795,9.B.369.1,9.B.369.1,0.99998605,4821,9.B.369,9.B.369
VZI30569,9.B.369.1,9.B.369.1,0.9999788,4822,9.B.369,9.B.369
WP_148791740,9.B.370.1,9.B.370.1,0.99991834,4831,9.B.370,9.B.370
WP_066759509,9.B.370.1,9.B.370.1,0.9998827,4832,9.B.370,9.B.370
WP_163572643,9.B.370.1,9.B.370.1,0.9999565,4833,9.B.370,9.B.370
WP_221563781,9.B.371.1,9.B.371.1,0.99840254,4840,9.B.371,9.B.371
P0ADP2,9.B.371.1,9.B.371.1,0.999153,4841,9.B.371,9.B.371
WP_143505982,9.B.371.2,1.A.55.3,0.2663857,4846,9.B.371,1.A.55
WP_119313807,9.B.371.2,1.A.55.3,0.26981106,4847,9.B.371,1.A.55
AIA62279,9.B.375.1,9.B.375.1,0.99998546,4849,9.B.375,9.B.375
AVP78050,9.B.376.1,9.B.376.1,0.9999869,4852,9.B.376,9.B.376
AWH65912,9.B.378.1,9.B.378.1,0.99998474,4855,9.B.378,9.B.378
YP_001039965,9.B.379.1,9.B.379.1,0.99984884,4858,9.B.379,9.B.379
P60201,9.B.38.1,9.B.38.1,0.99998,4862,9.B.38,9.B.38
A0E9B5,9.B.38.2,9.B.38.2,1.0,4863,9.B.38,9.B.38
VFS91205,9.B.381.1,9.B.381.1,0.9999635,4868,9.B.381,9.B.381
OAT24401,9.B.381.1,9.B.381.1,0.99983335,4869,9.B.381,9.B.381
WP_144901851,9.B.382.1,9.B.382.1,0.99915934,4872,9.B.382,9.B.382
WP_123670180,9.B.383.1,9.B.383.1,0.99995005,4875,9.B.383,9.B.383
KAF0742818,9.B.385.1,9.B.385.1,0.9999716,4880,9.B.385,9.B.385
OGO15652,9.B.386.1,9.B.386.1,0.99998534,4885,9.B.386,9.B.386
WP_075072024,9.B.386.1,9.B.386.1,0.9999795,4886,9.B.386,9.B.386
AOV16085,9.B.398.1,9.B.398.1,0.999931,4891,9.B.398,9.B.398
NEV64173,9.B.398.1,9.B.398.1,0.9999969,4892,9.B.398,9.B.398
P0A8S5,9.B.4.1,9.B.4.1,0.9999995,4893,9.B.4,9.B.4
WP_061358437,9.B.40.1,9.B.40.1,0.99997723,4897,9.B.40,9.B.40
WP_147581693,9.B.401.1,9.B.401.1,0.9999809,4901,9.B.401,9.B.401
OLS18358,9.B.402.1,9.B.402.1,0.999997,4904,9.B.402,9.B.402
WP_139066557,9.B.404.1,9.B.404.1,0.99998593,4908,9.B.404,9.B.404
WP_147664736,9.B.405.1,9.B.405.1,0.9992687,4909,9.B.405,9.B.405
OQB95506,9.B.405.2,9.B.405.3,0.64070874,4911,9.B.405,9.B.405
PNY01650,9.B.405.3,9.B.405.3,0.7125551,4912,9.B.405,9.B.405
MEM0111568,9.B.408.1,9.B.408.1,0.99995434,4919,9.B.408,9.B.408
GAK50019,9.B.408.1,9.B.408.1,0.99996924,4920,9.B.408,9.B.408
XP_001611203,9.B.409.1,9.B.409.1,0.9996877,4927,9.B.409,9.B.409
XP_001609170,9.B.409.1,9.B.409.1,0.99994826,4928,9.B.409,9.B.409
H2SME2,9.B.41.1,9.B.41.1,0.9982262,4932,9.B.41,9.B.41
H9H2J6,9.B.41.2,9.B.41.1,0.9990447,4934,9.B.41,9.B.41
Q6QPG7,9.B.410.1,9.B.410.2,0.6762837,4937,9.B.410,9.B.410
P16743,9.B.410.2,9.B.410.2,0.9719426,4942,9.B.410,9.B.410
KPM02837,9.B.411.1,9.B.411.1,0.9999963,4947,9.B.411,9.B.411
XP_031425709,9.B.413.1,9.B.413.1,0.9999826,4950,9.B.413,9.B.413
WP_035807909,9.B.415.1,9.B.415.1,0.6226779,4953,9.B.415,9.B.415
WP_085622568,9.B.415.2,9.B.415.1,0.93974674,4956,9.B.415,9.B.415
WP_157897187,9.B.418.1,9.B.418.1,0.9994941,4962,9.B.418,9.B.418
KAF4589549,9.B.418.1,9.B.418.1,0.9995425,4963,9.B.418,9.B.418
CAF1434434,9.B.422.1,9.B.422.1,0.999897,4972,9.B.422,9.B.422
XP_021346624,9.B.422.1,9.B.422.1,0.9999516,4973,9.B.422,9.B.422
XP_009021174,9.B.422.1,9.B.422.1,0.9999511,4974,9.B.422,9.B.422
P40126,9.B.423.1,9.B.423.1,0.99999166,4977,9.B.423,9.B.423
WP_050659402,9.B.429.1,9.B.429.1,0.9998603,4981,9.B.429,9.B.429
WP_031370192,9.B.43.1,9.B.43.2,0.9993413,4983,9.B.43,9.B.43
Q0EZ69,9.B.43.2,9.B.43.2,0.9998599,4985,9.B.43,9.B.43
MBP2646560,9.B.430.1,9.B.430.1,0.9999628,4990,9.B.430,9.B.430
MPZ73731,9.B.430.1,9.B.430.1,0.99975795,4991,9.B.430,9.B.430
XP_029039495,9.B.432.1,9.B.432.1,0.99972445,4997,9.B.432,9.B.432
AHL30243,9.B.432.1,9.B.432.1,0.9997917,4998,9.B.432,9.B.432
KPJ06551,9.B.432.2,9.B.432.2,0.99976045,4999,9.B.432,9.B.432
O00264,9.B.433.1,9.B.433.1,0.53100795,5004,9.B.433,9.B.433
XP_017077840,9.B.433.2,9.B.433.1,0.57597625,5005,9.B.433,9.B.433
XP_021391155,9.B.434.1,9.B.434.1,0.99997306,5008,9.B.434,9.B.434
CAD7941936,9.B.440.1,9.B.440.1,0.9999198,5015,9.B.440,9.B.440
XP_011131634,9.B.440.1,9.B.440.1,0.9999896,5016,9.B.440,9.B.440
MPZ51052,9.B.443.1,9.B.443.1,0.86873704,5024,9.B.443,9.B.443
WP_018894818,9.B.443.1,1.A.55.3,0.31985745,5025,9.B.443,1.A.55
AHG20698,9.B.444.1,9.B.444.1,0.9997372,5030,9.B.444,9.B.444
XP_049438914,9.B.445.1,9.B.445.2,0.99797887,5036,9.B.445,9.B.445
XP_051576024,9.B.445.1,9.B.445.2,0.9491965,5037,9.B.445,9.B.445
XP_012821900,9.B.445.2,9.B.445.2,0.999584,5042,9.B.445,9.B.445
XP_020261152,9.B.446.1,9.B.446.1,0.99999356,5048,9.B.446,9.B.446
MCO5232536,9.B.446.1,9.B.446.1,0.99997425,5049,9.B.446,9.B.446
KAJ6224412,9.B.447.1,9.B.447.1,0.9998191,5054,9.B.447,9.B.447
MAD56197,9.B.450.1,9.B.450.1,0.99999833,5057,9.B.450,9.B.450
XP_020357351,9.B.452.1,9.B.452.1,0.9999931,5061,9.B.452,9.B.452
SVE85553,9.B.453.1,9.B.453.1,0.5256775,5070,9.B.453,9.B.453
XP_002738061,9.B.453.1,9.B.453.1,0.9999682,5071,9.B.453,9.B.453
XP_005764538,9.B.456.1,9.B.456.1,0.9999341,5076,9.B.456,9.B.456
XP_004341655,9.B.457.1,9.B.457.1,0.99998236,5081,9.B.457,9.B.457
XP_056038692,9.B.459.1,9.B.459.1,0.99997866,5085,9.B.459,9.B.459
Q8NVK5,9.B.46.1,9.B.46.1,0.9999981,5086,9.B.46,9.B.46
O00244,9.B.462.1,9.B.462.1,0.999962,5091,9.B.462,9.B.462
Q04NU6,9.B.50.1,9.B.50.1,0.98073876,5099,9.B.50,9.B.50
Q72TA0,9.B.50.1,9.B.50.1,0.9992138,5100,9.B.50,9.B.50
F7NHB4,9.B.50.2,9.B.50.2,0.9960549,5101,9.B.50,9.B.50
A8IKM0,9.B.51.1,9.B.51.1,0.9999865,5109,9.B.51,9.B.51
A8J7Z7,9.B.51.1,9.B.51.1,0.9997693,5110,9.B.51,9.B.51
I4EGF2,9.B.54.1,9.B.54.1,0.9999311,5115,9.B.54,9.B.54
E1ZTI3,9.B.55.1,9.B.55.2,0.9977811,5118,9.B.55,9.B.55
B3S9N4,9.B.55.2,9.B.55.2,0.9996383,5120,9.B.55,9.B.55
OAJ10018,9.B.57.1,9.B.57.1,0.99999154,5125,9.B.57,9.B.57
Q8WVF1,9.B.68.1,9.B.68.1,0.9999999,5126,9.B.68,9.B.68
P75028,9.B.73.1,9.B.73.1,0.9999318,5128,9.B.73,9.B.73
Q93NG7,9.B.75.1,9.B.75.1,1.0,5129,9.B.75,9.B.75
P76555,9.B.75.2,9.B.75.2,0.99998105,5130,9.B.75,9.B.75
B2JQU6,9.B.75.3,9.B.75.3,0.99995685,5131,9.B.75,9.B.75
P23157,9.B.75.4,9.B.75.4,0.999998,5132,9.B.75,9.B.75
Q3C2E8,9.B.76.1,9.B.76.1,0.99999976,5133,9.B.76,9.B.76
ORY52361,9.B.77.1,9.B.77.1,0.9998348,5138,9.B.77,9.B.77
PWU93445,9.B.77.1,9.B.77.1,0.99996233,5139,9.B.77,9.B.77
A0CS82,9.B.82.1,9.B.82.1,0.9939008,5144,9.B.82,9.B.82
A4HCA2,9.B.82.2,9.B.82.2,0.999746,5145,9.B.82,9.B.82
Q9RFR9,9.B.83.1,9.B.83.1,1.0,5146,9.B.83,9.B.83
M1EV50,9.B.88.1,9.B.88.1,0.9986125,5149,9.B.88,9.B.88
WP_011390608,9.B.90.1,9.B.90.1,0.99988174,5155,9.B.90,9.B.90
WP_092927329,9.B.90.1,9.B.90.1,0.9999702,5156,9.B.90,9.B.90
C3Z5S0,9.B.92.1,9.B.92.2,0.9926502,5160,9.B.92,9.B.92
K7E4M5,9.B.92.2,9.B.92.2,0.9408068,5162,9.B.92,9.B.92
C7T873,9.B.98.1,9.B.98.1,0.817382,5170,9.B.98,9.B.98
WP_138772272,9.B.98.1,9.B.98.1,0.93291765,5171,9.B.98,9.B.98
P37873,9.B.98.2,9.B.98.1,0.51327705,5172,9.B.98,9.B.98
