Family,TP,FP,TN,FN,Precision,Recall,Specificity,F1_Score,Accuracy_Original_Test_Set,Accuracy_incl_Negative_Controls,Test_Samples,Negative_Controls
8.A.1,4,0,5,1,1.0,0.8,1.0,0.888888888888889,80.00%,90.0000,5,5
1.B.34,4,0,5,0,1.0,1.0,1.0,1.0,100.00%,100.0000,4,5
1.A.46,4,0,5,0,1.0,1.0,1.0,1.0,100.00%,100.0000,4,5
1.E.14,4,0,5,0,1.0,1.0,1.0,1.0,100.00%,100.0000,4,5
1.W.9,4,0,5,0,1.0,1.0,1.0,1.0,100.00%,100.0000,4,5
1.C.2,4,0,5,0,1.0,1.0,1.0,1.0,100.00%,100.0000,4,5
8.A.115,4,0,5,0,1.0,1.0,1.0,1.0,100.00%,100.0000,4,5
8.A.58,4,0,5,0,1.0,1.0,1.0,1.0,100.00%,100.0000,4,5
1.B.16,1,0,5,3,1.0,0.25,1.0,0.4,25.00%,66.6667,4,5
2.A.119,4,0,5,0,1.0,1.0,1.0,1.0,100.00%,100.0000,4,5
2.A.16,2,0,5,2,1.0,0.5,1.0,0.6666666666666666,50.00%,77.7778,4,5
5.B.2,4,0,5,0,1.0,1.0,1.0,1.0,100.00%,100.0000,4,5
1.B.81,4,0,5,0,1.0,1.0,1.0,1.0,100.00%,100.0000,4,5
1.A.21,4,0,5,0,1.0,1.0,1.0,1.0,100.00%,100.0000,4,5
1.E.6,4,0,5,0,1.0,1.0,1.0,1.0,100.00%,100.0000,4,5
1.A.13,2,0,5,2,1.0,0.5,1.0,0.6666666666666666,50.00%,77.7778,4,5
1.B.95,4,0,5,0,1.0,1.0,1.0,1.0,100.00%,100.0000,4,5
1.C.111,4,0,5,0,1.0,1.0,1.0,1.0,100.00%,100.0000,4,5
8.A.68,4,0,5,0,1.0,1.0,1.0,1.0,100.00%,100.0000,4,5
2.A.76,4,0,5,0,1.0,1.0,1.0,1.0,100.00%,100.0000,4,5
1.C.38,4,0,5,0,1.0,1.0,1.0,1.0,100.00%,100.0000,4,5
1.C.47,4,0,5,0,1.0,1.0,1.0,1.0,100.00%,100.0000,4,5
2.A.133,4,0,5,0,1.0,1.0,1.0,1.0,100.00%,100.0000,4,5
8.B.1,3,0,5,1,1.0,0.75,1.0,0.8571428571428571,75.00%,88.8889,4,5
8.B.4,4,0,5,0,1.0,1.0,1.0,1.0,100.00%,100.0000,4,5
1.B.5,3,0,5,1,1.0,0.75,1.0,0.8571428571428571,75.00%,88.8889,4,5
8.B.32,4,0,5,0,1.0,1.0,1.0,1.0,100.00%,100.0000,4,5
2.A.15,2,0,5,2,1.0,0.5,1.0,0.6666666666666666,50.00%,77.7778,4,5
9.B.20,4,0,5,0,1.0,1.0,1.0,1.0,100.00%,100.0000,4,5
2.A.117,4,0,5,0,1.0,1.0,1.0,1.0,100.00%,100.0000,4,5
2.A.72,4,0,5,0,1.0,1.0,1.0,1.0,100.00%,100.0000,4,5
2.A.96,4,0,5,0,1.0,1.0,1.0,1.0,100.00%,100.0000,4,5
1.A.106,4,0,5,0,1.0,1.0,1.0,1.0,100.00%,100.0000,4,5
1.C.24,4,0,5,0,1.0,1.0,1.0,1.0,100.00%,100.0000,4,5
4.F.1,4,0,5,0,1.0,1.0,1.0,1.0,100.00%,100.0000,4,5
1.A.67,4,0,5,0,1.0,1.0,1.0,1.0,100.00%,100.0000,4,5
1.B.35,4,0,5,0,1.0,1.0,1.0,1.0,100.00%,100.0000,4,5
1.B.27,4,0,5,0,1.0,1.0,1.0,1.0,100.00%,100.0000,4,5
2.A.74,4,0,5,0,1.0,1.0,1.0,1.0,100.00%,100.0000,4,5
2.A.41,4,0,5,0,1.0,1.0,1.0,1.0,100.00%,100.0000,4,5
9.B.297,4,0,5,0,1.0,1.0,1.0,1.0,100.00%,100.0000,4,5
2.A.58,3,0,5,1,1.0,0.75,1.0,0.8571428571428571,75.00%,88.8889,4,5
9.B.160,4,0,5,0,1.0,1.0,1.0,1.0,100.00%,100.0000,4,5
9.A.43,3,0,5,0,1.0,1.0,1.0,1.0,100.00%,100.0000,3,5
1.C.113,3,0,5,0,1.0,1.0,1.0,1.0,100.00%,100.0000,3,5
8.A.104,0,0,5,3,0.0,0.0,1.0,0.0,0.00%,62.5000,3,5
9.B.221,3,0,5,0,1.0,1.0,1.0,1.0,100.00%,100.0000,3,5
1.W.3,3,0,5,0,1.0,1.0,1.0,1.0,100.00%,100.0000,3,5
2.A.129,3,0,5,0,1.0,1.0,1.0,1.0,100.00%,100.0000,3,5
2.A.122,2,0,5,1,1.0,0.6666666666666666,1.0,0.8,66.67%,87.5000,3,5
2.A.8,3,0,5,0,1.0,1.0,1.0,1.0,100.00%,100.0000,3,5
2.A.52,1,0,5,2,1.0,0.3333333333333333,1.0,0.5,33.33%,75.0000,3,5
9.B.135,3,0,5,0,1.0,1.0,1.0,1.0,100.00%,100.0000,3,5
1.E.29,3,0,5,0,1.0,1.0,1.0,1.0,100.00%,100.0000,3,5
1.A.37,3,0,5,0,1.0,1.0,1.0,1.0,100.00%,100.0000,3,5
1.B.70,3,0,5,0,1.0,1.0,1.0,1.0,100.00%,100.0000,3,5
8.A.131,3,0,5,0,1.0,1.0,1.0,1.0,100.00%,100.0000,3,5
1.B.18,3,0,5,0,1.0,1.0,1.0,1.0,100.00%,100.0000,3,5
2.A.87,3,0,5,0,1.0,1.0,1.0,1.0,100.00%,100.0000,3,5
8.A.102,3,0,5,0,1.0,1.0,1.0,1.0,100.00%,100.0000,3,5
9.A.32,3,0,5,0,1.0,1.0,1.0,1.0,100.00%,100.0000,3,5
8.A.17,3,0,5,0,1.0,1.0,1.0,1.0,100.00%,100.0000,3,5
1.B.77,3,0,5,0,1.0,1.0,1.0,1.0,100.00%,100.0000,3,5
8.A.46,3,0,5,0,1.0,1.0,1.0,1.0,100.00%,100.0000,3,5
1.A.22,3,0,5,0,1.0,1.0,1.0,1.0,100.00%,100.0000,3,5
1.B.13,3,0,5,0,1.0,1.0,1.0,1.0,100.00%,100.0000,3,5
9.B.371,1,0,5,2,1.0,0.3333333333333333,1.0,0.5,33.33%,75.0000,3,5
2.A.120,3,0,5,0,1.0,1.0,1.0,1.0,100.00%,100.0000,3,5
1.A.141,3,0,5,0,1.0,1.0,1.0,1.0,100.00%,100.0000,3,5
9.B.210,3,0,5,0,1.0,1.0,1.0,1.0,100.00%,100.0000,3,5
1.C.64,3,0,5,0,1.0,1.0,1.0,1.0,100.00%,100.0000,3,5
1.C.104,3,0,5,0,1.0,1.0,1.0,1.0,100.00%,100.0000,3,5
8.A.103,3,0,5,0,1.0,1.0,1.0,1.0,100.00%,100.0000,3,5
9.B.126,3,0,5,0,1.0,1.0,1.0,1.0,100.00%,100.0000,3,5
8.A.91,2,0,5,1,1.0,0.6666666666666666,1.0,0.8,66.67%,87.5000,3,5
8.A.159,2,0,5,1,1.0,0.6666666666666666,1.0,0.8,66.67%,87.5000,3,5
8.A.133,1,0,5,2,1.0,0.3333333333333333,1.0,0.5,33.33%,75.0000,3,5
1.B.69,2,0,5,1,1.0,0.6666666666666666,1.0,0.8,66.67%,87.5000,3,5
8.A.136,3,0,5,0,1.0,1.0,1.0,1.0,100.00%,100.0000,3,5
9.B.214,3,0,5,0,1.0,1.0,1.0,1.0,100.00%,100.0000,3,5
9.B.124,3,0,5,0,1.0,1.0,1.0,1.0,100.00%,100.0000,3,5
2.A.42,3,0,5,0,1.0,1.0,1.0,1.0,100.00%,100.0000,3,5
2.A.116,3,0,5,0,1.0,1.0,1.0,1.0,100.00%,100.0000,3,5
1.C.95,3,0,5,0,1.0,1.0,1.0,1.0,100.00%,100.0000,3,5
1.C.37,3,0,5,0,1.0,1.0,1.0,1.0,100.00%,100.0000,3,5
2.A.71,3,0,5,0,1.0,1.0,1.0,1.0,100.00%,100.0000,3,5
2.A.35,3,0,5,0,1.0,1.0,1.0,1.0,100.00%,100.0000,3,5
1.E.25,3,0,5,0,1.0,1.0,1.0,1.0,100.00%,100.0000,3,5
9.B.445,3,0,5,0,1.0,1.0,1.0,1.0,100.00%,100.0000,3,5
1.E.56,3,0,5,0,1.0,1.0,1.0,1.0,100.00%,100.0000,3,5
9.B.191,3,0,5,0,1.0,1.0,1.0,1.0,100.00%,100.0000,3,5
9.B.154,3,0,5,0,1.0,1.0,1.0,1.0,100.00%,100.0000,3,5
2.A.103,2,0,5,1,1.0,0.6666666666666666,1.0,0.8,66.67%,87.5000,3,5
1.E.53,3,0,5,0,1.0,1.0,1.0,1.0,100.00%,100.0000,3,5
9.B.15,3,0,5,0,1.0,1.0,1.0,1.0,100.00%,100.0000,3,5
9.B.223,3,0,5,0,1.0,1.0,1.0,1.0,100.00%,100.0000,3,5
8.A.88,3,0,5,0,1.0,1.0,1.0,1.0,100.00%,100.0000,3,5
1.B.21,3,0,5,0,1.0,1.0,1.0,1.0,100.00%,100.0000,3,5
9.A.49,3,0,5,0,1.0,1.0,1.0,1.0,100.00%,100.0000,3,5
8.A.77,3,0,5,0,1.0,1.0,1.0,1.0,100.00%,100.0000,3,5
1.A.26,3,0,5,0,1.0,1.0,1.0,1.0,100.00%,100.0000,3,5
8.A.166,3,0,5,0,1.0,1.0,1.0,1.0,100.00%,100.0000,3,5
1.B.39,2,0,5,1,1.0,0.6666666666666666,1.0,0.8,66.67%,87.5000,3,5
9.B.163,3,0,5,0,1.0,1.0,1.0,1.0,100.00%,100.0000,3,5
1.E.9,3,0,5,0,1.0,1.0,1.0,1.0,100.00%,100.0000,3,5
1.C.81,3,0,5,0,1.0,1.0,1.0,1.0,100.00%,100.0000,3,5
1.S.1,3,0,5,0,1.0,1.0,1.0,1.0,100.00%,100.0000,3,5
1.E.18,3,0,5,0,1.0,1.0,1.0,1.0,100.00%,100.0000,3,5
4.H.1,3,0,5,0,1.0,1.0,1.0,1.0,100.00%,100.0000,3,5
2.A.109,3,0,5,0,1.0,1.0,1.0,1.0,100.00%,100.0000,3,5
9.A.57,3,0,5,0,1.0,1.0,1.0,1.0,100.00%,100.0000,3,5
9.A.76,1,0,5,2,1.0,0.3333333333333333,1.0,0.5,33.33%,75.0000,3,5
9.B.12,3,0,5,0,1.0,1.0,1.0,1.0,100.00%,100.0000,3,5
2.A.45,3,0,5,0,1.0,1.0,1.0,1.0,100.00%,100.0000,3,5
1.C.33,3,0,5,0,1.0,1.0,1.0,1.0,100.00%,100.0000,3,5
1.A.55,3,0,5,0,1.0,1.0,1.0,1.0,100.00%,100.0000,3,5
9.B.130,3,0,5,0,1.0,1.0,1.0,1.0,100.00%,100.0000,3,5
8.B.5,3,0,5,0,1.0,1.0,1.0,1.0,100.00%,100.0000,3,5
8.A.172,1,0,5,2,1.0,0.3333333333333333,1.0,0.5,33.33%,75.0000,3,5
9.B.226,3,0,5,0,1.0,1.0,1.0,1.0,100.00%,100.0000,3,5
8.A.169,3,0,5,0,1.0,1.0,1.0,1.0,100.00%,100.0000,3,5
1.A.119,3,0,5,0,1.0,1.0,1.0,1.0,100.00%,100.0000,3,5
8.A.61,3,0,5,0,1.0,1.0,1.0,1.0,100.00%,100.0000,3,5
8.A.98,0,0,5,3,0.0,0.0,1.0,0.0,0.00%,62.5000,3,5
8.B.25,3,0,5,0,1.0,1.0,1.0,1.0,100.00%,100.0000,3,5
9.B.422,3,0,5,0,1.0,1.0,1.0,1.0,100.00%,100.0000,3,5
9.B.370,3,0,5,0,1.0,1.0,1.0,1.0,100.00%,100.0000,3,5
1.B.75,3,0,5,0,1.0,1.0,1.0,1.0,100.00%,100.0000,3,5
1.E.7,3,0,5,0,1.0,1.0,1.0,1.0,100.00%,100.0000,3,5
1.A.12,3,0,5,0,1.0,1.0,1.0,1.0,100.00%,100.0000,3,5
1.W.10,3,0,5,0,1.0,1.0,1.0,1.0,100.00%,100.0000,3,5
9.B.232,3,0,5,0,1.0,1.0,1.0,1.0,100.00%,100.0000,3,5
9.B.23,3,0,5,0,1.0,1.0,1.0,1.0,100.00%,100.0000,3,5
9.A.54,3,0,5,0,1.0,1.0,1.0,1.0,100.00%,100.0000,3,5
2.A.46,2,0,5,1,1.0,0.6666666666666666,1.0,0.8,66.67%,87.5000,3,5
1.A.126,3,0,5,0,1.0,1.0,1.0,1.0,100.00%,100.0000,3,5
9.B.98,2,0,5,0,1.0,1.0,1.0,1.0,100.00%,100.0000,2,5
8.A.73,2,0,5,0,1.0,1.0,1.0,1.0,100.00%,100.0000,2,5
8.A.201,2,0,5,0,1.0,1.0,1.0,1.0,100.00%,100.0000,2,5
1.B.65,2,0,5,0,1.0,1.0,1.0,1.0,100.00%,100.0000,2,5
1.B.60,2,0,5,0,1.0,1.0,1.0,1.0,100.00%,100.0000,2,5
1.A.110,2,0,5,0,1.0,1.0,1.0,1.0,100.00%,100.0000,2,5
1.A.41,2,0,5,0,1.0,1.0,1.0,1.0,100.00%,100.0000,2,5
8.A.188,2,0,5,0,1.0,1.0,1.0,1.0,100.00%,100.0000,2,5
8.A.192,2,0,5,0,1.0,1.0,1.0,1.0,100.00%,100.0000,2,5
8.B.19,2,0,5,0,1.0,1.0,1.0,1.0,100.00%,100.0000,2,5
1.B.162,2,0,5,0,1.0,1.0,1.0,1.0,100.00%,100.0000,2,5
9.B.453,2,0,5,0,1.0,1.0,1.0,1.0,100.00%,100.0000,2,5
1.A.121,2,0,5,0,1.0,1.0,1.0,1.0,100.00%,100.0000,2,5
1.G.2,2,0,5,0,1.0,1.0,1.0,1.0,100.00%,100.0000,2,5
9.B.50,2,0,5,0,1.0,1.0,1.0,1.0,100.00%,100.0000,2,5
1.A.147,2,0,5,0,1.0,1.0,1.0,1.0,100.00%,100.0000,2,5
2.A.25,2,0,5,0,1.0,1.0,1.0,1.0,100.00%,100.0000,2,5
8.A.118,2,0,5,0,1.0,1.0,1.0,1.0,100.00%,100.0000,2,5
2.A.92,2,0,5,0,1.0,1.0,1.0,1.0,100.00%,100.0000,2,5
3.E.3,2,0,5,0,1.0,1.0,1.0,1.0,100.00%,100.0000,2,5
2.A.26,2,0,5,0,1.0,1.0,1.0,1.0,100.00%,100.0000,2,5
9.B.188,2,0,5,0,1.0,1.0,1.0,1.0,100.00%,100.0000,2,5
9.B.263,2,0,5,0,1.0,1.0,1.0,1.0,100.00%,100.0000,2,5
9.B.241,2,0,5,0,1.0,1.0,1.0,1.0,100.00%,100.0000,2,5
1.B.49,2,0,5,0,1.0,1.0,1.0,1.0,100.00%,100.0000,2,5
9.A.16,2,0,5,0,1.0,1.0,1.0,1.0,100.00%,100.0000,2,5
8.B.8,2,0,5,0,1.0,1.0,1.0,1.0,100.00%,100.0000,2,5
8.A.221,2,0,5,0,1.0,1.0,1.0,1.0,100.00%,100.0000,2,5
8.A.83,2,0,5,0,1.0,1.0,1.0,1.0,100.00%,100.0000,2,5
1.A.131,2,0,5,0,1.0,1.0,1.0,1.0,100.00%,100.0000,2,5
8.A.27,2,0,5,0,1.0,1.0,1.0,1.0,100.00%,100.0000,2,5
1.A.111,2,0,5,0,1.0,1.0,1.0,1.0,100.00%,100.0000,2,5
1.A.33,1,0,5,1,1.0,0.5,1.0,0.6666666666666666,50.00%,85.7143,2,5
1.A.88,2,0,5,0,1.0,1.0,1.0,1.0,100.00%,100.0000,2,5
1.B.10,2,0,5,0,1.0,1.0,1.0,1.0,100.00%,100.0000,2,5
8.A.191,2,0,5,0,1.0,1.0,1.0,1.0,100.00%,100.0000,2,5
8.A.177,2,0,5,0,1.0,1.0,1.0,1.0,100.00%,100.0000,2,5
8.A.208,2,0,5,0,1.0,1.0,1.0,1.0,100.00%,100.0000,2,5
1.A.65,2,0,5,0,1.0,1.0,1.0,1.0,100.00%,100.0000,2,5
8.B.28,0,0,5,2,0.0,0.0,1.0,0.0,0.00%,71.4286,2,5
9.B.368,2,0,5,0,1.0,1.0,1.0,1.0,100.00%,100.0000,2,5
1.B.163,2,0,5,0,1.0,1.0,1.0,1.0,100.00%,100.0000,2,5
1.B.165,2,0,5,0,1.0,1.0,1.0,1.0,100.00%,100.0000,2,5
8.A.120,1,0,5,1,1.0,0.5,1.0,0.6666666666666666,50.00%,85.7143,2,5
1.B.19,2,0,5,0,1.0,1.0,1.0,1.0,100.00%,100.0000,2,5
1.B.62,2,0,5,0,1.0,1.0,1.0,1.0,100.00%,100.0000,2,5
2.A.11,2,0,5,0,1.0,1.0,1.0,1.0,100.00%,100.0000,2,5
1.C.20,2,0,5,0,1.0,1.0,1.0,1.0,100.00%,100.0000,2,5
1.C.40,1,0,5,1,1.0,0.5,1.0,0.6666666666666666,50.00%,85.7143,2,5
1.C.11,2,0,5,0,1.0,1.0,1.0,1.0,100.00%,100.0000,2,5
9.B.120,2,0,5,0,1.0,1.0,1.0,1.0,100.00%,100.0000,2,5
9.B.349,2,0,5,0,1.0,1.0,1.0,1.0,100.00%,100.0000,2,5
2.D.1,2,0,5,0,1.0,1.0,1.0,1.0,100.00%,100.0000,2,5
8.A.111,2,0,5,0,1.0,1.0,1.0,1.0,100.00%,100.0000,2,5
8.A.113,2,0,5,0,1.0,1.0,1.0,1.0,100.00%,100.0000,2,5
8.A.108,2,0,5,0,1.0,1.0,1.0,1.0,100.00%,100.0000,2,5
2.A.24,0,0,5,2,0.0,0.0,1.0,0.0,0.00%,71.4286,2,5
1.B.92,2,0,5,0,1.0,1.0,1.0,1.0,100.00%,100.0000,2,5
9.B.116,2,0,5,0,1.0,1.0,1.0,1.0,100.00%,100.0000,2,5
9.B.183,2,0,5,0,1.0,1.0,1.0,1.0,100.00%,100.0000,2,5
9.B.18,2,0,5,0,1.0,1.0,1.0,1.0,100.00%,100.0000,2,5
9.B.139,2,0,5,0,1.0,1.0,1.0,1.0,100.00%,100.0000,2,5
1.E.1,2,0,5,0,1.0,1.0,1.0,1.0,100.00%,100.0000,2,5
9.B.136,2,0,5,0,1.0,1.0,1.0,1.0,100.00%,100.0000,2,5
1.W.8,2,0,5,0,1.0,1.0,1.0,1.0,100.00%,100.0000,2,5
2.A.100,2,0,5,0,1.0,1.0,1.0,1.0,100.00%,100.0000,2,5
1.W.5,1,0,5,1,1.0,0.5,1.0,0.6666666666666666,50.00%,85.7143,2,5
9.B.225,2,0,5,0,1.0,1.0,1.0,1.0,100.00%,100.0000,2,5
1.W.1,2,0,5,0,1.0,1.0,1.0,1.0,100.00%,100.0000,2,5
9.B.204,2,0,5,0,1.0,1.0,1.0,1.0,100.00%,100.0000,2,5
1.G.9,2,0,5,0,1.0,1.0,1.0,1.0,100.00%,100.0000,2,5
1.C.90,2,0,5,0,1.0,1.0,1.0,1.0,100.00%,100.0000,2,5
9.B.174,1,0,5,1,1.0,0.5,1.0,0.6666666666666666,50.00%,85.7143,2,5
9.B.51,2,0,5,0,1.0,1.0,1.0,1.0,100.00%,100.0000,2,5
9.B.443,1,0,5,1,1.0,0.5,1.0,0.6666666666666666,50.00%,85.7143,2,5
8.A.25,2,0,5,0,1.0,1.0,1.0,1.0,100.00%,100.0000,2,5
9.B.146,2,0,5,0,1.0,1.0,1.0,1.0,100.00%,100.0000,2,5
9.B.156,2,0,5,0,1.0,1.0,1.0,1.0,100.00%,100.0000,2,5
1.E.62,2,0,5,0,1.0,1.0,1.0,1.0,100.00%,100.0000,2,5
8.A.93,2,0,5,0,1.0,1.0,1.0,1.0,100.00%,100.0000,2,5
9.B.408,2,0,5,0,1.0,1.0,1.0,1.0,100.00%,100.0000,2,5
8.A.227,2,0,5,0,1.0,1.0,1.0,1.0,100.00%,100.0000,2,5
9.B.409,2,0,5,0,1.0,1.0,1.0,1.0,100.00%,100.0000,2,5
8.A.41,2,0,5,0,1.0,1.0,1.0,1.0,100.00%,100.0000,2,5
1.A.48,2,0,5,0,1.0,1.0,1.0,1.0,100.00%,100.0000,2,5
8.B.13,2,0,5,0,1.0,1.0,1.0,1.0,100.00%,100.0000,2,5
9.B.206,2,0,5,0,1.0,1.0,1.0,1.0,100.00%,100.0000,2,5
1.E.17,2,0,5,0,1.0,1.0,1.0,1.0,100.00%,100.0000,2,5
9.B.229,2,0,5,0,1.0,1.0,1.0,1.0,100.00%,100.0000,2,5
1.D.24,2,0,5,0,1.0,1.0,1.0,1.0,100.00%,100.0000,2,5
1.C.99,2,0,5,0,1.0,1.0,1.0,1.0,100.00%,100.0000,2,5
1.E.27,2,0,5,0,1.0,1.0,1.0,1.0,100.00%,100.0000,2,5
8.A.178,1,0,5,1,1.0,0.5,1.0,0.6666666666666666,50.00%,85.7143,2,5
8.A.194,1,0,5,1,1.0,0.5,1.0,0.6666666666666666,50.00%,85.7143,2,5
9.B.410,2,0,5,0,1.0,1.0,1.0,1.0,100.00%,100.0000,2,5
9.B.199,2,0,5,0,1.0,1.0,1.0,1.0,100.00%,100.0000,2,5
8.B.17,2,0,5,0,1.0,1.0,1.0,1.0,100.00%,100.0000,2,5
2.A.81,2,0,5,0,1.0,1.0,1.0,1.0,100.00%,100.0000,2,5
9.B.317,2,0,5,0,1.0,1.0,1.0,1.0,100.00%,100.0000,2,5
9.B.360,2,0,5,0,1.0,1.0,1.0,1.0,100.00%,100.0000,2,5
9.B.34,2,0,5,0,1.0,1.0,1.0,1.0,100.00%,100.0000,2,5
9.B.323,2,0,5,0,1.0,1.0,1.0,1.0,100.00%,100.0000,2,5
9.B.432,2,0,5,0,1.0,1.0,1.0,1.0,100.00%,100.0000,2,5
8.A.48,2,0,5,0,1.0,1.0,1.0,1.0,100.00%,100.0000,2,5
9.B.440,2,0,5,0,1.0,1.0,1.0,1.0,100.00%,100.0000,2,5
8.A.45,2,0,5,0,1.0,1.0,1.0,1.0,100.00%,100.0000,2,5
2.A.61,1,0,5,1,1.0,0.5,1.0,0.6666666666666666,50.00%,85.7143,2,5
3.A.12,2,0,5,0,1.0,1.0,1.0,1.0,100.00%,100.0000,2,5
2.A.99,2,0,5,0,1.0,1.0,1.0,1.0,100.00%,100.0000,2,5
2.A.97,2,0,5,0,1.0,1.0,1.0,1.0,100.00%,100.0000,2,5
2.A.95,1,0,5,1,1.0,0.5,1.0,0.6666666666666666,50.00%,85.7143,2,5
8.A.66,0,0,5,2,0.0,0.0,1.0,0.0,0.00%,71.4286,2,5
9.B.314,2,0,5,0,1.0,1.0,1.0,1.0,100.00%,100.0000,2,5
1.B.84,2,0,5,0,1.0,1.0,1.0,1.0,100.00%,100.0000,2,5
8.A.135,2,0,5,0,1.0,1.0,1.0,1.0,100.00%,100.0000,2,5
1.B.24,2,0,5,0,1.0,1.0,1.0,1.0,100.00%,100.0000,2,5
8.A.123,2,0,5,0,1.0,1.0,1.0,1.0,100.00%,100.0000,2,5
8.A.127,2,0,5,0,1.0,1.0,1.0,1.0,100.00%,100.0000,2,5
1.B.7,2,0,5,0,1.0,1.0,1.0,1.0,100.00%,100.0000,2,5
2.A.124,2,0,5,0,1.0,1.0,1.0,1.0,100.00%,100.0000,2,5
1.C.71,2,0,5,0,1.0,1.0,1.0,1.0,100.00%,100.0000,2,5
1.C.75,2,0,5,0,1.0,1.0,1.0,1.0,100.00%,100.0000,2,5
1.C.74,2,0,5,0,1.0,1.0,1.0,1.0,100.00%,100.0000,2,5
1.A.82,2,0,5,0,1.0,1.0,1.0,1.0,100.00%,100.0000,2,5
2.A.118,2,0,5,0,1.0,1.0,1.0,1.0,100.00%,100.0000,2,5
9.A.19,2,0,5,0,1.0,1.0,1.0,1.0,100.00%,100.0000,2,5
9.A.1,0,0,5,2,0.0,0.0,1.0,0.0,0.00%,71.4286,2,5
8.A.175,2,0,5,0,1.0,1.0,1.0,1.0,100.00%,100.0000,2,5
8.B.43,2,0,5,0,1.0,1.0,1.0,1.0,100.00%,100.0000,2,5
8.B.3,0,0,5,2,0.0,0.0,1.0,0.0,0.00%,71.4286,2,5
8.B.23,0,0,5,2,0.0,0.0,1.0,0.0,0.00%,71.4286,2,5
8.A.185,2,0,5,0,1.0,1.0,1.0,1.0,100.00%,100.0000,2,5
9.B.218,2,0,5,0,1.0,1.0,1.0,1.0,100.00%,100.0000,2,5
9.B.185,2,0,5,0,1.0,1.0,1.0,1.0,100.00%,100.0000,2,5
9.B.182,2,0,5,0,1.0,1.0,1.0,1.0,100.00%,100.0000,2,5
9.B.208,0,0,5,2,0.0,0.0,1.0,0.0,0.00%,71.4286,2,5
8.A.205,2,0,5,0,1.0,1.0,1.0,1.0,100.00%,100.0000,2,5
8.A.204,2,0,5,0,1.0,1.0,1.0,1.0,100.00%,100.0000,2,5
1.E.24,2,0,5,0,1.0,1.0,1.0,1.0,100.00%,100.0000,2,5
1.E.42,2,0,5,0,1.0,1.0,1.0,1.0,100.00%,100.0000,2,5
1.E.33,2,0,5,0,1.0,1.0,1.0,1.0,100.00%,100.0000,2,5
1.N.3,2,0,5,0,1.0,1.0,1.0,1.0,100.00%,100.0000,2,5
1.N.5,2,0,5,0,1.0,1.0,1.0,1.0,100.00%,100.0000,2,5
9.B.418,2,0,5,0,1.0,1.0,1.0,1.0,100.00%,100.0000,2,5
8.A.20,2,0,5,0,1.0,1.0,1.0,1.0,100.00%,100.0000,2,5
1.E.23,2,0,5,0,1.0,1.0,1.0,1.0,100.00%,100.0000,2,5
1.G.1,2,0,5,0,1.0,1.0,1.0,1.0,100.00%,100.0000,2,5
8.A.26,2,0,5,0,1.0,1.0,1.0,1.0,100.00%,100.0000,2,5
9.B.446,2,0,5,0,1.0,1.0,1.0,1.0,100.00%,100.0000,2,5
9.B.90,2,0,5,0,1.0,1.0,1.0,1.0,100.00%,100.0000,2,5
1.A.116,2,0,5,0,1.0,1.0,1.0,1.0,100.00%,100.0000,2,5
1.G.18,2,0,5,0,1.0,1.0,1.0,1.0,100.00%,100.0000,2,5
1.G.20,2,0,5,0,1.0,1.0,1.0,1.0,100.00%,100.0000,2,5
1.E.65,2,0,5,0,1.0,1.0,1.0,1.0,100.00%,100.0000,2,5
8.A.9,0,0,5,2,0.0,0.0,1.0,0.0,0.00%,71.4286,2,5
8.A.8,2,0,5,0,1.0,1.0,1.0,1.0,100.00%,100.0000,2,5
9.B.170,2,0,5,0,1.0,1.0,1.0,1.0,100.00%,100.0000,2,5
9.B.26,2,0,5,0,1.0,1.0,1.0,1.0,100.00%,100.0000,2,5
9.B.265,1,0,5,1,1.0,0.5,1.0,0.6666666666666666,50.00%,85.7143,2,5
1.B.76,2,0,5,0,1.0,1.0,1.0,1.0,100.00%,100.0000,2,5
2.A.107,2,0,5,0,1.0,1.0,1.0,1.0,100.00%,100.0000,2,5
1.B.61,2,0,5,0,1.0,1.0,1.0,1.0,100.00%,100.0000,2,5
1.B.73,2,0,5,0,1.0,1.0,1.0,1.0,100.00%,100.0000,2,5
1.C.19,2,0,5,0,1.0,1.0,1.0,1.0,100.00%,100.0000,2,5
2.A.27,2,0,5,0,1.0,1.0,1.0,1.0,100.00%,100.0000,2,5
2.A.33,2,0,5,0,1.0,1.0,1.0,1.0,100.00%,100.0000,2,5
2.A.48,2,0,5,0,1.0,1.0,1.0,1.0,100.00%,100.0000,2,5
1.C.14,2,0,5,0,1.0,1.0,1.0,1.0,100.00%,100.0000,2,5
9.A.4,2,0,5,0,1.0,1.0,1.0,1.0,100.00%,100.0000,2,5
9.A.36,2,0,5,0,1.0,1.0,1.0,1.0,100.00%,100.0000,2,5
1.B.31,2,0,5,0,1.0,1.0,1.0,1.0,100.00%,100.0000,2,5
8.B.9,1,0,5,1,1.0,0.5,1.0,0.6666666666666666,50.00%,85.7143,2,5
2.A.13,1,0,5,1,1.0,0.5,1.0,0.6666666666666666,50.00%,85.7143,2,5
2.A.131,2,0,5,0,1.0,1.0,1.0,1.0,100.00%,100.0000,2,5
9.A.35,2,0,5,0,1.0,1.0,1.0,1.0,100.00%,100.0000,2,5
1.C.5,2,0,5,0,1.0,1.0,1.0,1.0,100.00%,100.0000,2,5
2.A.94,2,0,5,0,1.0,1.0,1.0,1.0,100.00%,100.0000,2,5
9.B.362,1,0,5,1,1.0,0.5,1.0,0.6666666666666666,50.00%,85.7143,2,5
9.B.32,2,0,5,0,1.0,1.0,1.0,1.0,100.00%,100.0000,2,5
1.C.132,2,0,5,0,1.0,1.0,1.0,1.0,100.00%,100.0000,2,5
9.A.7,2,0,5,0,1.0,1.0,1.0,1.0,100.00%,100.0000,2,5
9.A.5,2,0,5,0,1.0,1.0,1.0,1.0,100.00%,100.0000,2,5
1.C.10,2,0,5,0,1.0,1.0,1.0,1.0,100.00%,100.0000,2,5
8.A.129,2,0,5,0,1.0,1.0,1.0,1.0,100.00%,100.0000,2,5
8.A.10,2,0,5,0,1.0,1.0,1.0,1.0,100.00%,100.0000,2,5
1.A.117,2,0,5,0,1.0,1.0,1.0,1.0,100.00%,100.0000,2,5
2.A.62,2,0,5,0,1.0,1.0,1.0,1.0,100.00%,100.0000,2,5
8.A.65,2,0,5,0,1.0,1.0,1.0,1.0,100.00%,100.0000,2,5
8.A.52,1,0,5,1,1.0,0.5,1.0,0.6666666666666666,50.00%,85.7143,2,5
8.A.5,0,0,5,2,0.0,0.0,1.0,0.0,0.00%,71.4286,2,5
1.A.36,2,0,5,0,1.0,1.0,1.0,1.0,100.00%,100.0000,2,5
9.B.433,2,0,5,0,1.0,1.0,1.0,1.0,100.00%,100.0000,2,5
9.B.430,2,0,5,0,1.0,1.0,1.0,1.0,100.00%,100.0000,2,5
1.A.15,1,0,5,1,1.0,0.5,1.0,0.6666666666666666,50.00%,85.7143,2,5
4.E.1,2,0,5,0,1.0,1.0,1.0,1.0,100.00%,100.0000,2,5
1.A.140,2,0,5,0,1.0,1.0,1.0,1.0,100.00%,100.0000,2,5
8.A.42,2,0,5,0,1.0,1.0,1.0,1.0,100.00%,100.0000,2,5
9.B.77,2,0,5,0,1.0,1.0,1.0,1.0,100.00%,100.0000,2,5
8.A.63,2,0,5,0,1.0,1.0,1.0,1.0,100.00%,100.0000,2,5
8.A.57,2,0,5,0,1.0,1.0,1.0,1.0,100.00%,100.0000,2,5
1.A.29,2,0,5,0,1.0,1.0,1.0,1.0,100.00%,100.0000,2,5
8.A.51,2,0,5,0,1.0,1.0,1.0,1.0,100.00%,100.0000,2,5
1.C.119,2,0,5,0,1.0,1.0,1.0,1.0,100.00%,100.0000,2,5
9.B.329,2,0,5,0,1.0,1.0,1.0,1.0,100.00%,100.0000,2,5
9.B.33,2,0,5,0,1.0,1.0,1.0,1.0,100.00%,100.0000,2,5
1.C.115,2,0,5,0,1.0,1.0,1.0,1.0,100.00%,100.0000,2,5
8.A.44,2,0,5,0,1.0,1.0,1.0,1.0,100.00%,100.0000,2,5
1.C.124,2,0,5,0,1.0,1.0,1.0,1.0,100.00%,100.0000,2,5
9.B.237,2,0,5,0,1.0,1.0,1.0,1.0,100.00%,100.0000,2,5
9.B.302,2,0,5,0,1.0,1.0,1.0,1.0,100.00%,100.0000,2,5
8.A.122,2,0,5,0,1.0,1.0,1.0,1.0,100.00%,100.0000,2,5
9.B.248,2,0,5,0,1.0,1.0,1.0,1.0,100.00%,100.0000,2,5
8.A.117,2,0,5,0,1.0,1.0,1.0,1.0,100.00%,100.0000,2,5
1.B.63,2,0,5,0,1.0,1.0,1.0,1.0,100.00%,100.0000,2,5
1.C.42,1,0,5,1,1.0,0.5,1.0,0.6666666666666666,50.00%,85.7143,2,5
2.A.14,1,0,5,1,1.0,0.5,1.0,0.6666666666666666,50.00%,85.7143,2,5
9.B.231,2,0,5,0,1.0,1.0,1.0,1.0,100.00%,100.0000,2,5
1.C.13,2,0,5,0,1.0,1.0,1.0,1.0,100.00%,100.0000,2,5
9.B.108,2,0,5,0,1.0,1.0,1.0,1.0,100.00%,100.0000,2,5
1.B.85,2,0,5,0,1.0,1.0,1.0,1.0,100.00%,100.0000,2,5
9.B.118,2,0,5,0,1.0,1.0,1.0,1.0,100.00%,100.0000,2,5
9.B.119,2,0,5,0,1.0,1.0,1.0,1.0,100.00%,100.0000,2,5
1.C.106,2,0,5,0,1.0,1.0,1.0,1.0,100.00%,100.0000,2,5
1.C.108,2,0,5,0,1.0,1.0,1.0,1.0,100.00%,100.0000,2,5
1.C.109,2,0,5,0,1.0,1.0,1.0,1.0,100.00%,100.0000,2,5
9.B.315,2,0,5,0,1.0,1.0,1.0,1.0,100.00%,100.0000,2,5
1.E.21,2,0,5,0,1.0,1.0,1.0,1.0,100.00%,100.0000,2,5
8.A.226,2,0,5,0,1.0,1.0,1.0,1.0,100.00%,100.0000,2,5
8.A.216,2,0,5,0,1.0,1.0,1.0,1.0,100.00%,100.0000,2,5
8.A.213,2,0,5,0,1.0,1.0,1.0,1.0,100.00%,100.0000,2,5
1.G.4,2,0,5,0,1.0,1.0,1.0,1.0,100.00%,100.0000,2,5
1.E.8,2,0,5,0,1.0,1.0,1.0,1.0,100.00%,100.0000,2,5
9.B.82,2,0,5,0,1.0,1.0,1.0,1.0,100.00%,100.0000,2,5
8.A.75,2,0,5,0,1.0,1.0,1.0,1.0,100.00%,100.0000,2,5
8.A.70,2,0,5,0,1.0,1.0,1.0,1.0,100.00%,100.0000,2,5
1.A.40,2,0,5,0,1.0,1.0,1.0,1.0,100.00%,100.0000,2,5
9.B.92,2,0,5,0,1.0,1.0,1.0,1.0,100.00%,100.0000,2,5
1.A.114,2,0,5,0,1.0,1.0,1.0,1.0,100.00%,100.0000,2,5
1.A.138,2,0,5,0,1.0,1.0,1.0,1.0,100.00%,100.0000,2,5
8.A.7,2,0,5,0,1.0,1.0,1.0,1.0,100.00%,100.0000,2,5
9.B.145,2,0,5,0,1.0,1.0,1.0,1.0,100.00%,100.0000,2,5
9.B.398,2,0,5,0,1.0,1.0,1.0,1.0,100.00%,100.0000,2,5
2.A.10,2,0,5,0,1.0,1.0,1.0,1.0,100.00%,100.0000,2,5
1.E.52,2,0,5,0,1.0,1.0,1.0,1.0,100.00%,100.0000,2,5
8.A.155,2,0,5,0,1.0,1.0,1.0,1.0,100.00%,100.0000,2,5
8.A.174,2,0,5,0,1.0,1.0,1.0,1.0,100.00%,100.0000,2,5
1.B.41,2,0,5,0,1.0,1.0,1.0,1.0,100.00%,100.0000,2,5
9.B.363,2,0,5,0,1.0,1.0,1.0,1.0,100.00%,100.0000,2,5
9.B.369,2,0,5,0,1.0,1.0,1.0,1.0,100.00%,100.0000,2,5
9.B.381,2,0,5,0,1.0,1.0,1.0,1.0,100.00%,100.0000,2,5
9.B.366,2,0,5,0,1.0,1.0,1.0,1.0,100.00%,100.0000,2,5
1.B.30,0,0,5,2,0.0,0.0,1.0,0.0,0.00%,71.4286,2,5
8.A.140,2,0,5,0,1.0,1.0,1.0,1.0,100.00%,100.0000,2,5
8.A.153,2,0,5,0,1.0,1.0,1.0,1.0,100.00%,100.0000,2,5
9.B.386,2,0,5,0,1.0,1.0,1.0,1.0,100.00%,100.0000,2,5
1.A.89,2,0,5,0,1.0,1.0,1.0,1.0,100.00%,100.0000,2,5
1.E.20,2,0,5,0,1.0,1.0,1.0,1.0,100.00%,100.0000,2,5
8.A.183,2,0,5,0,1.0,1.0,1.0,1.0,100.00%,100.0000,2,5
8.A.18,2,0,5,0,1.0,1.0,1.0,1.0,100.00%,100.0000,2,5
1.W.4,2,0,5,0,1.0,1.0,1.0,1.0,100.00%,100.0000,2,5
9.B.415,2,0,5,0,1.0,1.0,1.0,1.0,100.00%,100.0000,2,5
9.B.41,2,0,5,0,1.0,1.0,1.0,1.0,100.00%,100.0000,2,5
8.A.90,2,0,5,0,1.0,1.0,1.0,1.0,100.00%,100.0000,2,5
8.A.94,2,0,5,0,1.0,1.0,1.0,1.0,100.00%,100.0000,2,5
1.R.2,2,0,5,0,1.0,1.0,1.0,1.0,100.00%,100.0000,2,5
1.M.7,2,0,5,0,1.0,1.0,1.0,1.0,100.00%,100.0000,2,5
9.B.176,2,0,5,0,1.0,1.0,1.0,1.0,100.00%,100.0000,2,5
9.B.216,2,0,5,0,1.0,1.0,1.0,1.0,100.00%,100.0000,2,5
9.B.228,2,0,5,0,1.0,1.0,1.0,1.0,100.00%,100.0000,2,5
9.B.331,1,0,5,0,1.0,1.0,1.0,1.0,100.00%,100.0000,1,5
9.B.35,1,0,5,0,1.0,1.0,1.0,1.0,100.00%,100.0000,1,5
9.B.457,1,0,5,0,1.0,1.0,1.0,1.0,100.00%,100.0000,1,5
8.A.67,1,0,5,0,1.0,1.0,1.0,1.0,100.00%,100.0000,1,5
8.A.55,1,0,5,0,1.0,1.0,1.0,1.0,100.00%,100.0000,1,5
1.A.107,1,0,5,0,1.0,1.0,1.0,1.0,100.00%,100.0000,1,5
1.A.19,1,0,5,0,1.0,1.0,1.0,1.0,100.00%,100.0000,1,5
5.B.6,1,0,5,0,1.0,1.0,1.0,1.0,100.00%,100.0000,1,5
9.A.80,1,0,5,0,1.0,1.0,1.0,1.0,100.00%,100.0000,1,5
3.A.28,1,0,5,0,1.0,1.0,1.0,1.0,100.00%,100.0000,1,5
9.B.444,1,0,5,0,1.0,1.0,1.0,1.0,100.00%,100.0000,1,5
1.C.114,1,0,5,0,1.0,1.0,1.0,1.0,100.00%,100.0000,1,5
2.A.68,1,0,5,0,1.0,1.0,1.0,1.0,100.00%,100.0000,1,5
9.B.54,1,0,5,0,1.0,1.0,1.0,1.0,100.00%,100.0000,1,5
9.B.55,1,0,5,0,1.0,1.0,1.0,1.0,100.00%,100.0000,1,5
9.B.57,1,0,5,0,1.0,1.0,1.0,1.0,100.00%,100.0000,1,5
9.B.462,1,0,5,0,1.0,1.0,1.0,1.0,100.00%,100.0000,1,5
9.B.456,1,0,5,0,1.0,1.0,1.0,1.0,100.00%,100.0000,1,5
9.B.309,1,0,5,0,1.0,1.0,1.0,1.0,100.00%,100.0000,1,5
9.A.81,1,0,5,0,1.0,1.0,1.0,1.0,100.00%,100.0000,1,5
1.C.101,1,0,5,0,1.0,1.0,1.0,1.0,100.00%,100.0000,1,5
8.B.7,1,0,5,0,1.0,1.0,1.0,1.0,100.00%,100.0000,1,5
8.A.154,1,0,5,0,1.0,1.0,1.0,1.0,100.00%,100.0000,1,5
9.B.385,1,0,5,0,1.0,1.0,1.0,1.0,100.00%,100.0000,1,5
9.B.38,0,0,5,1,0.0,0.0,1.0,0.0,0.00%,83.3333,1,5
9.A.18,1,0,5,0,1.0,1.0,1.0,1.0,100.00%,100.0000,1,5
1.C.65,1,0,5,0,1.0,1.0,1.0,1.0,100.00%,100.0000,1,5
8.A.157,1,0,5,0,1.0,1.0,1.0,1.0,100.00%,100.0000,1,5
8.A.145,1,0,5,0,1.0,1.0,1.0,1.0,100.00%,100.0000,1,5
1.B.15,1,0,5,0,1.0,1.0,1.0,1.0,100.00%,100.0000,1,5
1.A.93,1,0,5,0,1.0,1.0,1.0,1.0,100.00%,100.0000,1,5
1.B.50,1,0,5,0,1.0,1.0,1.0,1.0,100.00%,100.0000,1,5
1.C.70,1,0,5,0,1.0,1.0,1.0,1.0,100.00%,100.0000,1,5
2.A.125,1,0,5,0,1.0,1.0,1.0,1.0,100.00%,100.0000,1,5
2.A.111,1,0,5,0,1.0,1.0,1.0,1.0,100.00%,100.0000,1,5
9.B.287,1,0,5,0,1.0,1.0,1.0,1.0,100.00%,100.0000,1,5
9.B.286,1,0,5,0,1.0,1.0,1.0,1.0,100.00%,100.0000,1,5
8.A.144,1,0,5,0,1.0,1.0,1.0,1.0,100.00%,100.0000,1,5
8.A.134,1,0,5,0,1.0,1.0,1.0,1.0,100.00%,100.0000,1,5
8.A.141,1,0,5,0,1.0,1.0,1.0,1.0,100.00%,100.0000,1,5
8.A.143,1,0,5,0,1.0,1.0,1.0,1.0,100.00%,100.0000,1,5
9.B.110,1,0,5,0,1.0,1.0,1.0,1.0,100.00%,100.0000,1,5
9.B.111,1,0,5,0,1.0,1.0,1.0,1.0,100.00%,100.0000,1,5
9.B.122,1,0,5,0,1.0,1.0,1.0,1.0,100.00%,100.0000,1,5
2.A.77,1,0,5,0,1.0,1.0,1.0,1.0,100.00%,100.0000,1,5
1.B.78,1,0,5,0,1.0,1.0,1.0,1.0,100.00%,100.0000,1,5
9.A.78,1,0,5,0,1.0,1.0,1.0,1.0,100.00%,100.0000,1,5
8.A.125,1,0,5,0,1.0,1.0,1.0,1.0,100.00%,100.0000,1,5
8.A.121,1,0,5,0,1.0,1.0,1.0,1.0,100.00%,100.0000,1,5
9.B.250,1,0,5,0,1.0,1.0,1.0,1.0,100.00%,100.0000,1,5
2.A.104,1,0,5,0,1.0,1.0,1.0,1.0,100.00%,100.0000,1,5
1.C.46,1,0,5,0,1.0,1.0,1.0,1.0,100.00%,100.0000,1,5
9.B.123,1,0,5,0,1.0,1.0,1.0,1.0,100.00%,100.0000,1,5
1.A.74,1,0,5,0,1.0,1.0,1.0,1.0,100.00%,100.0000,1,5
1.A.57,1,0,5,0,1.0,1.0,1.0,1.0,100.00%,100.0000,1,5
9.B.411,1,0,5,0,1.0,1.0,1.0,1.0,100.00%,100.0000,1,5
1.A.81,1,0,5,0,1.0,1.0,1.0,1.0,100.00%,100.0000,1,5
1.J.1,1,0,5,0,1.0,1.0,1.0,1.0,100.00%,100.0000,1,5
8.A.202,1,0,5,0,1.0,1.0,1.0,1.0,100.00%,100.0000,1,5
8.A.196,1,0,5,0,1.0,1.0,1.0,1.0,100.00%,100.0000,1,5
1.A.20,1,0,5,0,1.0,1.0,1.0,1.0,100.00%,100.0000,1,5
1.G.8,1,0,5,0,1.0,1.0,1.0,1.0,100.00%,100.0000,1,5
8.B.12,1,0,5,0,1.0,1.0,1.0,1.0,100.00%,100.0000,1,5
8.A.19,1,0,5,0,1.0,1.0,1.0,1.0,100.00%,100.0000,1,5
8.A.189,0,0,5,1,0.0,0.0,1.0,0.0,0.00%,83.3333,1,5
9.B.127,1,0,5,0,1.0,1.0,1.0,1.0,100.00%,100.0000,1,5
1.N.4,1,0,5,0,1.0,1.0,1.0,1.0,100.00%,100.0000,1,5
9.B.172,1,0,5,0,1.0,1.0,1.0,1.0,100.00%,100.0000,1,5
8.A.81,0,0,5,1,0.0,0.0,1.0,0.0,0.00%,83.3333,1,5
8.A.35,1,0,5,0,1.0,1.0,1.0,1.0,100.00%,100.0000,1,5
8.A.37,1,0,5,0,1.0,1.0,1.0,1.0,100.00%,100.0000,1,5
1.S.2,0,0,5,1,0.0,0.0,1.0,0.0,0.00%,83.3333,1,5
1.E.71,1,0,5,0,1.0,1.0,1.0,1.0,100.00%,100.0000,1,5
1.G.12,1,0,5,0,1.0,1.0,1.0,1.0,100.00%,100.0000,1,5
8.A.230,1,0,5,0,1.0,1.0,1.0,1.0,100.00%,100.0000,1,5
8.A.214,1,0,5,0,1.0,1.0,1.0,1.0,100.00%,100.0000,1,5
8.A.76,1,0,5,0,1.0,1.0,1.0,1.0,100.00%,100.0000,1,5
1.A.139,1,0,5,0,1.0,1.0,1.0,1.0,100.00%,100.0000,1,5
8.A.33,0,0,5,1,0.0,0.0,1.0,0.0,0.00%,83.3333,1,5
8.A.32,1,0,5,0,1.0,1.0,1.0,1.0,100.00%,100.0000,1,5
1.A.134,1,0,5,0,1.0,1.0,1.0,1.0,100.00%,100.0000,1,5
1.A.38,1,0,5,0,1.0,1.0,1.0,1.0,100.00%,100.0000,1,5
1.A.42,1,0,5,0,1.0,1.0,1.0,1.0,100.00%,100.0000,1,5
1.A.115,0,0,5,1,0.0,0.0,1.0,0.0,0.00%,83.3333,1,5
9.B.447,1,0,5,0,1.0,1.0,1.0,1.0,100.00%,100.0000,1,5
9.B.40,1,0,5,0,1.0,1.0,1.0,1.0,100.00%,100.0000,1,5
9.B.404,1,0,5,0,1.0,1.0,1.0,1.0,100.00%,100.0000,1,5
9.B.405,1,0,5,0,1.0,1.0,1.0,1.0,100.00%,100.0000,1,5
8.A.212,1,0,5,0,1.0,1.0,1.0,1.0,100.00%,100.0000,1,5
8.A.31,1,0,5,0,1.0,1.0,1.0,1.0,100.00%,100.0000,1,5
8.A.22,1,0,5,0,1.0,1.0,1.0,1.0,100.00%,100.0000,1,5
9.B.401,1,0,5,0,1.0,1.0,1.0,1.0,100.00%,100.0000,1,5
8.A.225,1,0,5,0,1.0,1.0,1.0,1.0,100.00%,100.0000,1,5
8.A.223,1,0,5,0,1.0,1.0,1.0,1.0,100.00%,100.0000,1,5
8.A.168,1,0,5,0,1.0,1.0,1.0,1.0,100.00%,100.0000,1,5
8.A.171,1,0,5,0,1.0,1.0,1.0,1.0,100.00%,100.0000,1,5
8.A.99,1,0,5,0,1.0,1.0,1.0,1.0,100.00%,100.0000,1,5
8.A.84,1,0,5,0,1.0,1.0,1.0,1.0,100.00%,100.0000,1,5
8.A.193,1,0,5,0,1.0,1.0,1.0,1.0,100.00%,100.0000,1,5
8.B.11,1,0,5,0,1.0,1.0,1.0,1.0,100.00%,100.0000,1,5
8.A.197,1,0,5,0,1.0,1.0,1.0,1.0,100.00%,100.0000,1,5
8.A.206,1,0,5,0,1.0,1.0,1.0,1.0,100.00%,100.0000,1,5
8.A.62,1,0,5,0,1.0,1.0,1.0,1.0,100.00%,100.0000,1,5
8.A.71,1,0,5,0,1.0,1.0,1.0,1.0,100.00%,100.0000,1,5
1.A.58,1,0,5,0,1.0,1.0,1.0,1.0,100.00%,100.0000,1,5
1.A.47,1,0,5,0,1.0,1.0,1.0,1.0,100.00%,100.0000,1,5
8.A.181,1,0,5,0,1.0,1.0,1.0,1.0,100.00%,100.0000,1,5
8.A.190,1,0,5,0,1.0,1.0,1.0,1.0,100.00%,100.0000,1,5
8.A.210,1,0,5,0,1.0,1.0,1.0,1.0,100.00%,100.0000,1,5
8.A.176,1,0,5,0,1.0,1.0,1.0,1.0,100.00%,100.0000,1,5
9.B.310,1,0,5,0,1.0,1.0,1.0,1.0,100.00%,100.0000,1,5
1.C.138,1,0,5,0,1.0,1.0,1.0,1.0,100.00%,100.0000,1,5
1.G.5,1,0,5,0,1.0,1.0,1.0,1.0,100.00%,100.0000,1,5
9.B.13,1,0,5,0,1.0,1.0,1.0,1.0,100.00%,100.0000,1,5
9.B.133,1,0,5,0,1.0,1.0,1.0,1.0,100.00%,100.0000,1,5
9.B.138,1,0,5,0,1.0,1.0,1.0,1.0,100.00%,100.0000,1,5
9.B.128,1,0,5,0,1.0,1.0,1.0,1.0,100.00%,100.0000,1,5
9.B.296,1,0,5,0,1.0,1.0,1.0,1.0,100.00%,100.0000,1,5
1.B.26,1,0,5,0,1.0,1.0,1.0,1.0,100.00%,100.0000,1,5
9.B.333,1,0,5,0,1.0,1.0,1.0,1.0,100.00%,100.0000,1,5
5.B.7,1,0,5,0,1.0,1.0,1.0,1.0,100.00%,100.0000,1,5
8.A.101,1,0,5,0,1.0,1.0,1.0,1.0,100.00%,100.0000,1,5
9.A.79,1,0,5,0,1.0,1.0,1.0,1.0,100.00%,100.0000,1,5
9.B.316,1,0,5,0,1.0,1.0,1.0,1.0,100.00%,100.0000,1,5
9.B.350,1,0,5,0,1.0,1.0,1.0,1.0,100.00%,100.0000,1,5
1.B.53,1,0,5,0,1.0,1.0,1.0,1.0,100.00%,100.0000,1,5
1.B.68,1,0,5,0,1.0,1.0,1.0,1.0,100.00%,100.0000,1,5
9.A.26,1,0,5,0,1.0,1.0,1.0,1.0,100.00%,100.0000,1,5
8.A.116,1,0,5,0,1.0,1.0,1.0,1.0,100.00%,100.0000,1,5
8.A.150,1,0,5,0,1.0,1.0,1.0,1.0,100.00%,100.0000,1,5
8.A.15,0,0,5,1,0.0,0.0,1.0,0.0,0.00%,83.3333,1,5
8.A.14,1,0,5,0,1.0,1.0,1.0,1.0,100.00%,100.0000,1,5
9.A.28,1,0,5,0,1.0,1.0,1.0,1.0,100.00%,100.0000,1,5
8.A.139,1,0,5,0,1.0,1.0,1.0,1.0,100.00%,100.0000,1,5
1.A.94,1,0,5,0,1.0,1.0,1.0,1.0,100.00%,100.0000,1,5
1.A.86,1,0,5,0,1.0,1.0,1.0,1.0,100.00%,100.0000,1,5
1.C.8,1,0,5,0,1.0,1.0,1.0,1.0,100.00%,100.0000,1,5
1.C.78,0,0,5,1,0.0,0.0,1.0,0.0,0.00%,83.3333,1,5
1.C.48,1,0,5,0,1.0,1.0,1.0,1.0,100.00%,100.0000,1,5
9.B.230,1,0,5,0,1.0,1.0,1.0,1.0,100.00%,100.0000,1,5
9.B.213,1,0,5,0,1.0,1.0,1.0,1.0,100.00%,100.0000,1,5
9.B.254,1,0,5,0,1.0,1.0,1.0,1.0,100.00%,100.0000,1,5
9.B.239,1,0,5,0,1.0,1.0,1.0,1.0,100.00%,100.0000,1,5
1.A.102,1,0,5,0,1.0,1.0,1.0,1.0,100.00%,100.0000,1,5
9.B.459,1,0,5,0,1.0,1.0,1.0,1.0,100.00%,100.0000,1,5
1.A.144,1,0,5,0,1.0,1.0,1.0,1.0,100.00%,100.0000,1,5
9.B.43,1,0,5,0,1.0,1.0,1.0,1.0,100.00%,100.0000,1,5
9.B.75,0,0,5,1,0.0,0.0,1.0,0.0,0.00%,83.3333,1,5
9.B.429,1,0,5,0,1.0,1.0,1.0,1.0,100.00%,100.0000,1,5
9.B.452,1,0,5,0,1.0,1.0,1.0,1.0,100.00%,100.0000,1,5
1.A.104,1,0,5,0,1.0,1.0,1.0,1.0,100.00%,100.0000,1,5
1.C.62,1,0,5,0,1.0,1.0,1.0,1.0,100.00%,100.0000,1,5
1.C.56,1,0,5,0,1.0,1.0,1.0,1.0,100.00%,100.0000,1,5
1.C.50,1,0,5,0,1.0,1.0,1.0,1.0,100.00%,100.0000,1,5
1.C.7,1,0,5,0,1.0,1.0,1.0,1.0,100.00%,100.0000,1,5
9.B.200,1,0,5,0,1.0,1.0,1.0,1.0,100.00%,100.0000,1,5
1.E.16,1,0,5,0,1.0,1.0,1.0,1.0,100.00%,100.0000,1,5
9.B.19,1,0,5,0,1.0,1.0,1.0,1.0,100.00%,100.0000,1,5
1.D.194,1,0,5,0,1.0,1.0,1.0,1.0,100.00%,100.0000,1,5
1.E.10,1,0,5,0,1.0,1.0,1.0,1.0,100.00%,100.0000,1,5
9.B.150,1,0,5,0,1.0,1.0,1.0,1.0,100.00%,100.0000,1,5
1.G.15,1,0,5,0,1.0,1.0,1.0,1.0,100.00%,100.0000,1,5
1.C.31,1,0,5,0,1.0,1.0,1.0,1.0,100.00%,100.0000,1,5
1.C.126,1,0,5,0,1.0,1.0,1.0,1.0,100.00%,100.0000,1,5
2.A.75,1,0,5,0,1.0,1.0,1.0,1.0,100.00%,100.0000,1,5
9.B.113,0,0,5,1,0.0,0.0,1.0,0.0,0.00%,83.3333,1,5
1.S.7,1,0,5,0,1.0,1.0,1.0,1.0,100.00%,100.0000,1,5
1.C.130,1,0,5,0,1.0,1.0,1.0,1.0,100.00%,100.0000,1,5
1.E.4,1,0,5,0,1.0,1.0,1.0,1.0,100.00%,100.0000,1,5
9.B.125,1,0,5,0,1.0,1.0,1.0,1.0,100.00%,100.0000,1,5
1.C.61,1,0,5,0,1.0,1.0,1.0,1.0,100.00%,100.0000,1,5
1.C.80,1,0,5,0,1.0,1.0,1.0,1.0,100.00%,100.0000,1,5
9.B.379,1,0,5,0,1.0,1.0,1.0,1.0,100.00%,100.0000,1,5
9.B.382,1,0,5,0,1.0,1.0,1.0,1.0,100.00%,100.0000,1,5
8.A.180,1,0,5,0,1.0,1.0,1.0,1.0,100.00%,100.0000,1,5
8.A.211,1,0,5,0,1.0,1.0,1.0,1.0,100.00%,100.0000,1,5
8.B.42,1,0,5,0,1.0,1.0,1.0,1.0,100.00%,100.0000,1,5
8.A.182,1,0,5,0,1.0,1.0,1.0,1.0,100.00%,100.0000,1,5
9.B.383,1,0,5,0,1.0,1.0,1.0,1.0,100.00%,100.0000,1,5
1.A.49,1,0,5,0,1.0,1.0,1.0,1.0,100.00%,100.0000,1,5
1.A.59,1,0,5,0,1.0,1.0,1.0,1.0,100.00%,100.0000,1,5
8.B.30,1,0,5,0,1.0,1.0,1.0,1.0,100.00%,100.0000,1,5
8.A.238,1,0,5,0,1.0,1.0,1.0,1.0,100.00%,100.0000,1,5
8.A.72,1,0,5,0,1.0,1.0,1.0,1.0,100.00%,100.0000,1,5
1.A.68,1,0,5,0,1.0,1.0,1.0,1.0,100.00%,100.0000,1,5
1.A.73,1,0,5,0,1.0,1.0,1.0,1.0,100.00%,100.0000,1,5
9.B.413,1,0,5,0,1.0,1.0,1.0,1.0,100.00%,100.0000,1,5
8.A.215,1,0,5,0,1.0,1.0,1.0,1.0,100.00%,100.0000,1,5
1.A.32,1,0,5,0,1.0,1.0,1.0,1.0,100.00%,100.0000,1,5
1.A.39,1,0,5,0,1.0,1.0,1.0,1.0,100.00%,100.0000,1,5
1.A.132,1,0,5,0,1.0,1.0,1.0,1.0,100.00%,100.0000,1,5
9.B.402,1,0,5,0,1.0,1.0,1.0,1.0,100.00%,100.0000,1,5
8.A.4,1,0,5,0,1.0,1.0,1.0,1.0,100.00%,100.0000,1,5
8.A.39,1,0,5,0,1.0,1.0,1.0,1.0,100.00%,100.0000,1,5
8.A.237,1,0,5,0,1.0,1.0,1.0,1.0,100.00%,100.0000,1,5
8.A.79,0,0,5,1,0.0,0.0,1.0,0.0,0.00%,83.3333,1,5
8.A.2,1,0,5,0,1.0,1.0,1.0,1.0,100.00%,100.0000,1,5
8.A.69,1,0,5,0,1.0,1.0,1.0,1.0,100.00%,100.0000,1,5
1.C.100,1,0,5,0,1.0,1.0,1.0,1.0,100.00%,100.0000,1,5
1.B.36,1,0,5,0,1.0,1.0,1.0,1.0,100.00%,100.0000,1,5
1.K.3,1,0,5,0,1.0,1.0,1.0,1.0,100.00%,100.0000,1,5
1.L.1,1,0,5,0,1.0,1.0,1.0,1.0,100.00%,100.0000,1,5
9.B.141,1,0,5,0,1.0,1.0,1.0,1.0,100.00%,100.0000,1,5
1.C.18,1,0,5,0,1.0,1.0,1.0,1.0,100.00%,100.0000,1,5
9.B.301,1,0,5,0,1.0,1.0,1.0,1.0,100.00%,100.0000,1,5
9.B.300,1,0,5,0,1.0,1.0,1.0,1.0,100.00%,100.0000,1,5
9.B.299,1,0,5,0,1.0,1.0,1.0,1.0,100.00%,100.0000,1,5
1.S.11,1,0,5,0,1.0,1.0,1.0,1.0,100.00%,100.0000,1,5
9.B.103,1,0,5,0,1.0,1.0,1.0,1.0,100.00%,100.0000,1,5
2.A.34,1,0,5,0,1.0,1.0,1.0,1.0,100.00%,100.0000,1,5
1.S.3,1,0,5,0,1.0,1.0,1.0,1.0,100.00%,100.0000,1,5
2.A.73,1,0,5,0,1.0,1.0,1.0,1.0,100.00%,100.0000,1,5
3.A.13,1,0,5,0,1.0,1.0,1.0,1.0,100.00%,100.0000,1,5
4.C.2,1,0,5,0,1.0,1.0,1.0,1.0,100.00%,100.0000,1,5
1.C.110,1,0,5,0,1.0,1.0,1.0,1.0,100.00%,100.0000,1,5
1.C.26,1,0,5,0,1.0,1.0,1.0,1.0,100.00%,100.0000,1,5
1.B.82,1,0,5,0,1.0,1.0,1.0,1.0,100.00%,100.0000,1,5
1.C.129,1,0,5,0,1.0,1.0,1.0,1.0,100.00%,100.0000,1,5
9.B.378,1,0,5,0,1.0,1.0,1.0,1.0,100.00%,100.0000,1,5
1.A.99,1,0,5,0,1.0,1.0,1.0,1.0,100.00%,100.0000,1,5
1.A.96,1,0,5,0,1.0,1.0,1.0,1.0,100.00%,100.0000,1,5
8.A.124,1,0,5,0,1.0,1.0,1.0,1.0,100.00%,100.0000,1,5
1.B.37,1,0,5,0,1.0,1.0,1.0,1.0,100.00%,100.0000,1,5
9.B.376,1,0,5,0,1.0,1.0,1.0,1.0,100.00%,100.0000,1,5
8.A.147,1,0,5,0,1.0,1.0,1.0,1.0,100.00%,100.0000,1,5
8.A.126,1,0,5,0,1.0,1.0,1.0,1.0,100.00%,100.0000,1,5
9.A.66,1,0,5,0,1.0,1.0,1.0,1.0,100.00%,100.0000,1,5
8.A.11,1,0,5,0,1.0,1.0,1.0,1.0,100.00%,100.0000,1,5
8.A.105,1,0,5,0,1.0,1.0,1.0,1.0,100.00%,100.0000,1,5
9.A.59,1,0,5,0,1.0,1.0,1.0,1.0,100.00%,100.0000,1,5
9.B.158,1,0,5,0,1.0,1.0,1.0,1.0,100.00%,100.0000,1,5
1.G.14,1,0,5,0,1.0,1.0,1.0,1.0,100.00%,100.0000,1,5
1.D.118,1,0,5,0,1.0,1.0,1.0,1.0,100.00%,100.0000,1,5
1.C.63,1,0,5,0,1.0,1.0,1.0,1.0,100.00%,100.0000,1,5
1.C.77,1,0,5,0,1.0,1.0,1.0,1.0,100.00%,100.0000,1,5
9.B.203,1,0,5,0,1.0,1.0,1.0,1.0,100.00%,100.0000,1,5
1.G.21,1,0,5,0,1.0,1.0,1.0,1.0,100.00%,100.0000,1,5
1.E.50,1,0,5,0,1.0,1.0,1.0,1.0,100.00%,100.0000,1,5
1.C.92,1,0,5,0,1.0,1.0,1.0,1.0,100.00%,100.0000,1,5
1.S.8,1,0,5,0,1.0,1.0,1.0,1.0,100.00%,100.0000,1,5
9.B.167,1,0,5,0,1.0,1.0,1.0,1.0,100.00%,100.0000,1,5
9.B.168,1,0,5,0,1.0,1.0,1.0,1.0,100.00%,100.0000,1,5
1.E.44,1,0,5,0,1.0,1.0,1.0,1.0,100.00%,100.0000,1,5
9.B.164,1,0,5,0,1.0,1.0,1.0,1.0,100.00%,100.0000,1,5
1.G.16,1,0,5,0,1.0,1.0,1.0,1.0,100.00%,100.0000,1,5
9.B.211,1,0,5,0,1.0,1.0,1.0,1.0,100.00%,100.0000,1,5
9.B.245,1,0,5,0,1.0,1.0,1.0,1.0,100.00%,100.0000,1,5
9.B.234,1,0,5,0,1.0,1.0,1.0,1.0,100.00%,100.0000,1,5
9.B.88,1,0,5,0,1.0,1.0,1.0,1.0,100.00%,100.0000,1,5
1.A.105,1,0,5,0,1.0,1.0,1.0,1.0,100.00%,100.0000,1,5
1.C.9,1,0,5,0,1.0,1.0,1.0,1.0,100.00%,100.0000,1,5
1.C.89,1,0,5,0,1.0,1.0,1.0,1.0,100.00%,100.0000,1,5
9.B.21,1,0,5,0,1.0,1.0,1.0,1.0,100.00%,100.0000,1,5
9.B.423,1,0,5,0,1.0,1.0,1.0,1.0,100.00%,100.0000,1,5
9.B.450,1,0,5,0,1.0,1.0,1.0,1.0,100.00%,100.0000,1,5
9.B.434,1,0,5,0,1.0,1.0,1.0,1.0,100.00%,100.0000,1,5
1.A.143,1,0,5,0,1.0,1.0,1.0,1.0,100.00%,100.0000,1,5
1.A.145,1,0,5,0,1.0,1.0,1.0,1.0,100.00%,100.0000,1,5
8.A.60,1,0,5,0,1.0,1.0,1.0,1.0,100.00%,100.0000,1,5
8.A.59,1,0,5,0,1.0,1.0,1.0,1.0,100.00%,100.0000,1,5
8.A.49,1,0,5,0,1.0,1.0,1.0,1.0,100.00%,100.0000,1,5
8.A.53,1,0,5,0,1.0,1.0,1.0,1.0,100.00%,100.0000,1,5
1.A.127,1,0,5,0,1.0,1.0,1.0,1.0,100.00%,100.0000,1,5
1.A.108,1,0,5,0,1.0,1.0,1.0,1.0,100.00%,100.0000,1,5
1.A.109,1,0,5,0,1.0,1.0,1.0,1.0,100.00%,100.0000,1,5
1.A.18,1,0,5,0,1.0,1.0,1.0,1.0,100.00%,100.0000,1,5
1.C.82,1,0,5,0,1.0,1.0,1.0,1.0,100.00%,100.0000,1,5
1.A.149,1,0,5,0,1.0,1.0,1.0,1.0,100.00%,100.0000,1,5
9.B.73,1,0,5,0,1.0,1.0,1.0,1.0,100.00%,100.0000,1,5
1.C.83,1,0,5,0,1.0,1.0,1.0,1.0,100.00%,100.0000,1,5
1.C.67,1,0,5,0,1.0,1.0,1.0,1.0,100.00%,100.0000,1,5
9.B.177,1,0,5,0,1.0,1.0,1.0,1.0,100.00%,100.0000,1,5
1.C.49,1,0,5,0,1.0,1.0,1.0,1.0,100.00%,100.0000,1,5
9.B.261,1,0,5,0,1.0,1.0,1.0,1.0,100.00%,100.0000,1,5
9.B.243,1,0,5,0,1.0,1.0,1.0,1.0,100.00%,100.0000,1,5
9.B.209,1,0,5,0,1.0,1.0,1.0,1.0,100.00%,100.0000,1,5
1.C.84,1,0,5,0,1.0,1.0,1.0,1.0,100.00%,100.0000,1,5
9.B.276,1,0,5,0,1.0,1.0,1.0,1.0,100.00%,100.0000,1,5
9.B.273,1,0,5,0,1.0,1.0,1.0,1.0,100.00%,100.0000,1,5
1.C.136,1,0,5,0,1.0,1.0,1.0,1.0,100.00%,100.0000,1,5
1.S.5,1,0,5,0,1.0,1.0,1.0,1.0,100.00%,100.0000,1,5
1.B.79,1,0,5,0,1.0,1.0,1.0,1.0,100.00%,100.0000,1,5
1.C.121,0,0,5,1,0.0,0.0,1.0,0.0,0.00%,83.3333,1,5
1.C.44,1,0,5,0,1.0,1.0,1.0,1.0,100.00%,100.0000,1,5
2.A.83,1,0,5,0,1.0,1.0,1.0,1.0,100.00%,100.0000,1,5
9.B.31,1,0,5,0,1.0,1.0,1.0,1.0,100.00%,100.0000,1,5
1.C.122,1,0,5,0,1.0,1.0,1.0,1.0,100.00%,100.0000,1,5
9.B.132,1,0,5,0,1.0,1.0,1.0,1.0,100.00%,100.0000,1,5
9.B.134,1,0,5,0,1.0,1.0,1.0,1.0,100.00%,100.0000,1,5
2.A.101,1,0,5,0,1.0,1.0,1.0,1.0,100.00%,100.0000,1,5
1.E.61,1,0,5,0,1.0,1.0,1.0,1.0,100.00%,100.0000,1,5
1.C.68,1,0,5,0,1.0,1.0,1.0,1.0,100.00%,100.0000,1,5
9.B.207,1,0,5,0,1.0,1.0,1.0,1.0,100.00%,100.0000,1,5
8.A.209,1,0,5,0,1.0,1.0,1.0,1.0,100.00%,100.0000,1,5
8.A.78,1,0,5,0,1.0,1.0,1.0,1.0,100.00%,100.0000,1,5
8.A.229,1,0,5,0,1.0,1.0,1.0,1.0,100.00%,100.0000,1,5
8.A.228,1,0,5,0,1.0,1.0,1.0,1.0,100.00%,100.0000,1,5
8.A.240,1,0,5,0,1.0,1.0,1.0,1.0,100.00%,100.0000,1,5
8.A.239,1,0,5,0,1.0,1.0,1.0,1.0,100.00%,100.0000,1,5
1.A.71,1,0,5,0,1.0,1.0,1.0,1.0,100.00%,100.0000,1,5
8.A.38,1,0,5,0,1.0,1.0,1.0,1.0,100.00%,100.0000,1,5
1.A.137,1,0,5,0,1.0,1.0,1.0,1.0,100.00%,100.0000,1,5
8.A.12,1,0,5,0,1.0,1.0,1.0,1.0,100.00%,100.0000,1,5
1.A.61,1,0,5,0,1.0,1.0,1.0,1.0,100.00%,100.0000,1,5
9.B.375,1,0,5,0,1.0,1.0,1.0,1.0,100.00%,100.0000,1,5
9.A.21,1,0,5,0,1.0,1.0,1.0,1.0,100.00%,100.0000,1,5
9.A.23,1,0,5,0,1.0,1.0,1.0,1.0,100.00%,100.0000,1,5
9.B.11,1,0,5,0,1.0,1.0,1.0,1.0,100.00%,100.0000,1,5
9.A.9,1,0,5,0,1.0,1.0,1.0,1.0,100.00%,100.0000,1,5
9.A.45,1,0,5,0,1.0,1.0,1.0,1.0,100.00%,100.0000,1,5
9.A.6,1,0,5,0,1.0,1.0,1.0,1.0,100.00%,100.0000,1,5
1.B.52,1,0,5,0,1.0,1.0,1.0,1.0,100.00%,100.0000,1,5
1.C.102,0,0,5,1,0.0,0.0,1.0,0.0,0.00%,83.3333,1,5
2.B.93,0,0,5,1,0.0,0.0,1.0,0.0,0.00%,83.3333,1,5
8.A.173,1,0,5,0,1.0,1.0,1.0,1.0,100.00%,100.0000,1,5
1.C.51,1,0,5,0,1.0,1.0,1.0,1.0,100.00%,100.0000,1,5
9.B.212,1,0,5,0,1.0,1.0,1.0,1.0,100.00%,100.0000,1,5
9.B.68,1,0,5,0,1.0,1.0,1.0,1.0,100.00%,100.0000,1,5
9.B.46,1,0,5,0,1.0,1.0,1.0,1.0,100.00%,100.0000,1,5
1.A.129,1,0,5,0,1.0,1.0,1.0,1.0,100.00%,100.0000,1,5
1.A.128,1,0,5,0,1.0,1.0,1.0,1.0,100.00%,100.0000,1,5
8.A.50,1,0,5,0,1.0,1.0,1.0,1.0,100.00%,100.0000,1,5
9.B.76,1,0,5,0,1.0,1.0,1.0,1.0,100.00%,100.0000,1,5
1.C.54,1,0,5,0,1.0,1.0,1.0,1.0,100.00%,100.0000,1,5
9.B.83,1,0,5,0,1.0,1.0,1.0,1.0,100.00%,100.0000,1,5
1.C.93,1,0,5,0,1.0,1.0,1.0,1.0,100.00%,100.0000,1,5
9.B.275,1,0,5,0,1.0,1.0,1.0,1.0,100.00%,100.0000,1,5
1.C.66,1,0,5,0,1.0,1.0,1.0,1.0,100.00%,100.0000,1,5
1.C.55,1,0,5,0,1.0,1.0,1.0,1.0,100.00%,100.0000,1,5
9.A.71,1,0,5,0,1.0,1.0,1.0,1.0,100.00%,100.0000,1,5
9.A.70,1,0,5,0,1.0,1.0,1.0,1.0,100.00%,100.0000,1,5
1.B.51,1,0,5,0,1.0,1.0,1.0,1.0,100.00%,100.0000,1,5
8.A.13,1,0,5,0,1.0,1.0,1.0,1.0,100.00%,100.0000,1,5
1.C.91,1,0,5,0,1.0,1.0,1.0,1.0,100.00%,100.0000,1,5
9.B.277,1,0,5,0,1.0,1.0,1.0,1.0,100.00%,100.0000,1,5
1.G.6,1,0,5,0,1.0,1.0,1.0,1.0,100.00%,100.0000,1,5
9.B.166,1,0,5,0,1.0,1.0,1.0,1.0,100.00%,100.0000,1,5
9.B.114,1,0,5,0,1.0,1.0,1.0,1.0,100.00%,100.0000,1,5
9.B.100,1,0,5,0,1.0,1.0,1.0,1.0,100.00%,100.0000,1,5
1.S.4,1,0,5,0,1.0,1.0,1.0,1.0,100.00%,100.0000,1,5
1.N.7,1,0,5,0,1.0,1.0,1.0,1.0,100.00%,100.0000,1,5
8.A.164,1,0,5,0,1.0,1.0,1.0,1.0,100.00%,100.0000,1,5
8.A.161,1,0,5,0,1.0,1.0,1.0,1.0,100.00%,100.0000,1,5
8.B.31,1,0,5,0,1.0,1.0,1.0,1.0,100.00%,100.0000,1,5
8.A.187,1,0,5,0,1.0,1.0,1.0,1.0,100.00%,100.0000,1,5
8.A.151,1,0,5,0,1.0,1.0,1.0,1.0,100.00%,100.0000,1,5
5.B.15,1,0,5,0,1.0,1.0,1.0,1.0,100.00%,100.0000,1,5
9.A.33,1,0,5,0,1.0,1.0,1.0,1.0,100.00%,100.0000,1,5
9.A.37,1,0,5,0,1.0,1.0,1.0,1.0,100.00%,100.0000,1,5
5.B.10,1,0,5,0,1.0,1.0,1.0,1.0,100.00%,100.0000,1,5
8.A.170,1,0,5,0,1.0,1.0,1.0,1.0,100.00%,100.0000,1,5
8.A.203,1,0,5,0,1.0,1.0,1.0,1.0,100.00%,100.0000,1,5
8.A.29,1,0,5,0,1.0,1.0,1.0,1.0,100.00%,100.0000,1,5
1.A.66,1,0,5,0,1.0,1.0,1.0,1.0,100.00%,100.0000,1,5
8.A.222,1,0,5,0,1.0,1.0,1.0,1.0,100.00%,100.0000,1,5
9.B.4,1,0,5,0,1.0,1.0,1.0,1.0,100.00%,100.0000,1,5
1.A.44,1,0,5,0,1.0,1.0,1.0,1.0,100.00%,100.0000,1,5
