Protein,True_Family,Predicted_Family,Confidence,Index
AFH41240,1.A.102,1.A.102,0.99999964,3
WP_189658242,1.A.104,1.A.104,0.99999905,7
XP_022087427,1.A.105,1.A.105,0.9999988,10
W8PP26,1.A.106,1.A.106,0.99998176,23
A5UL63,1.A.106,1.A.106,0.99997556,24
M0E5W6,1.A.106,1.A.106,0.99999404,25
D3RXV6,1.A.106,1.A.106,0.99998915,26
Q8WWM9,1.A.107,1.A.107,0.9999566,31
Q92915,1.A.108,1.A.108,0.9999957,34
P01584,1.A.109,1.A.109,1.0,36
A9JTM7,1.A.110,1.A.110,0.99999475,45
R4GK65,1.A.110,1.A.110,0.9999926,46
Q4U8M1,1.A.111,1.A.111,0.9999956,54
Q8IDG4,1.A.111,1.A.111,0.99999595,55
XP_007903208,1.A.114,1.A.114,0.9999981,60
H3CYV8,1.A.114,1.A.114,0.999998,61
WP_062382148,1.A.115,1.W.9,0.06546565,66
Q91DM1,1.A.116,1.A.116,0.99998033,72
AGA19094,1.A.116,1.A.116,0.99996495,73
QII89021,1.A.117,1.A.117,0.95012987,79
Q9J3N8,1.A.117,1.A.117,0.99359787,80
PRW60447,1.A.119,1.A.119,0.999846,89
RYG54403,1.A.119,1.A.119,0.9999027,90
XP_005851849,1.A.119,1.A.119,0.9999578,91
Q8F2Y8,1.A.12,1.A.12,0.9999039,100
P0ACA3,1.A.12,1.A.12,0.99994814,101
B7LBF5,1.A.12,1.A.12,0.9994294,102
KAF2073363,1.A.121,1.A.121,0.999997,111
KNE65670,1.A.121,1.A.121,0.999997,112
XP_005847969,1.A.126,1.A.126,0.9999937,121
OLP87777,1.A.126,1.A.126,0.9979997,122
CAD7625038,1.A.126,1.A.126,0.99999714,123
Q3LZX6,1.A.127,1.A.127,0.99999666,126
YP_009725255,1.A.128,1.A.128,1.0,127
P30405,1.A.129,1.A.129,1.0,128
A9WIT9,1.A.13,1.W.9,0.06522268,143
F8CM01,1.A.13,1.A.13,0.99999285,144
E7RS17,1.A.13,1.A.13,0.9999851,145
B3QY78,1.A.13,8.A.18,0.77460414,146
KAI2464759,1.A.131,1.A.131,0.9999969,154
KKY14299,1.A.131,1.A.131,0.9999907,155
RCL04097,1.A.132,1.A.132,1.0,158
P31845,1.A.134,1.A.134,0.9999975,163
Q03105,1.A.137,1.A.137,0.99999106,165
XP_001687221,1.A.138,1.A.138,0.9999962,170
KAJ9467172,1.A.138,1.A.138,0.9999895,171
XP_025967337,1.A.139,1.A.139,0.9999993,176
CAC5415462,1.A.140,1.A.140,0.9999162,181
KNC21563,1.A.140,1.A.140,0.99998796,182
QCR16160,1.A.141,1.A.141,0.99986863,194
AXG08322,1.A.141,1.A.141,0.9999695,195
WP_248910494,1.A.141,1.A.141,0.9999666,196
NP_044070,1.A.143,1.A.143,0.99999917,199
YP_009448007,1.A.144,1.A.144,0.9999999,203
YP_784320,1.A.145,1.A.145,0.9999974,206
VVB63523,1.A.147,1.A.147,0.9999956,215
NVM01300,1.A.147,1.A.147,0.99999034,216
BBF24341,1.A.149,1.A.149,0.9999863,218
E1Z497,1.A.15,1.W.9,0.06522268,223
Q99442,1.A.15,1.A.15,0.9999987,224
M1V6H9,1.A.18,1.A.18,1.0,226
YP_009165879,1.A.19,1.A.19,0.9999881,231
E5S402,1.A.20,1.A.20,0.9997532,236
XP_020790974,1.A.21,1.A.21,0.9999938,251
XP_015208495,1.A.21,1.A.21,0.9999906,252
NP_001187,1.A.21,1.A.21,0.99999297,253
XP_032502729,1.A.21,1.A.21,0.9999964,254
R7QNM6,1.A.22,1.A.22,0.99999213,266
AUF82136,1.A.22,1.A.22,0.99996996,267
YP_003969926,1.A.22,1.A.22,0.9999498,268
Q96GZ6,1.A.26,1.A.26,0.9999484,278
O44196,1.A.26,1.A.26,0.9999951,279
L9YYI5,1.A.26,1.A.26,0.9999701,280
Q93PJ3,1.A.29,1.A.29,0.9999894,285
Q814I5,1.A.29,1.A.29,0.9999783,286
A4JYY8,1.A.32,1.A.32,0.994865,289
F7WTS9,1.A.33,1.A.33,0.99999106,297
Q5YNG4,1.A.33,1.W.9,0.06522268,298
Q8I132,1.A.36,1.A.36,0.99998355,304
J0DPD5,1.A.36,1.A.36,0.99999535,305
Q96HP8,1.A.37,1.A.37,0.9999937,318
XP_026139054,1.A.37,1.A.37,0.9999939,319
C3ZEE2,1.A.37,1.A.37,0.9999677,320
Q7RQA4,1.A.38,1.A.38,0.99999845,325
I6T2J8,1.A.39,1.A.39,0.99990034,328
AJT49618,1.A.40,1.A.40,0.9999802,333
Q6Y8U3,1.A.40,1.A.40,0.9999801,334
PIN02799,1.A.41,1.A.41,0.9999938,343
R0EUA4,1.A.41,1.A.41,0.9998054,344
ADO34202,1.A.42,1.A.42,0.999995,349
Q7Y5E2,1.A.44,1.A.44,1.0,350
A4S185,1.A.46,1.A.46,0.99697816,367
M2Y919,1.A.46,1.A.46,0.99997914,368
D8UGV3,1.A.46,1.A.46,0.999972,369
GAQ79686,1.A.46,1.A.46,0.999979,370
Q9LVA7,1.A.47,1.A.47,0.9999999,374
K3WTZ9,1.A.48,1.A.48,0.9999907,381
KAF1786581,1.A.48,1.A.48,0.9999988,382
YP_009113027,1.A.49,1.A.49,0.9999933,385
D8LKG3,1.A.55,1.A.55,0.99997425,395
F4PIU2,1.A.55,1.A.55,0.9999472,396
Q54CR4,1.A.55,1.A.55,0.9999597,397
P0DTC3,1.A.57,1.A.57,0.9999896,402
AVM87627,1.A.58,1.A.58,0.99999917,406
R9RZY4,1.A.59,1.A.59,0.99999464,409
P12870,1.A.61,1.A.61,0.99999976,411
ATP66790,1.A.65,1.A.65,0.99997985,419
H9AA36,1.A.65,1.A.65,0.99998474,420
P81861,1.A.66,1.A.66,1.0,421
S9VKR5,1.A.67,1.A.67,0.99995315,434
Q9NLB0,1.A.67,1.A.67,0.999956,435
XP_022811540,1.A.67,1.A.67,0.9999639,436
XP_034420108,1.A.67,1.A.67,0.99996066,437
O36632,1.A.68,1.A.68,0.99999976,440
P17677,1.A.71,1.A.71,0.9999832,442
Q03709,1.A.73,1.A.73,0.99999523,445
H3D9P2,1.A.74,1.A.74,0.9999982,450
TGO16390,1.A.81,1.A.81,0.9999939,455
Q7Z7J7,1.A.82,1.A.82,0.99997556,462
CAF0733683,1.A.82,1.A.82,0.9984503,463
CRH77963,1.A.86,1.A.86,0.9999738,467
I2K324,1.A.88,1.A.88,0.99949026,475
G8YEP6,1.A.88,1.A.88,0.9999969,476
ANA96049,1.A.89,1.A.89,0.99999964,481
ADX59459,1.A.89,1.A.89,0.99999654,482
E1AA99,1.A.93,1.A.93,0.9998512,487
UKG23804,1.A.94,1.A.94,0.9999864,491
L0N2B4,1.A.96,1.A.96,0.9999995,494
B2BW34,1.A.99,1.A.99,0.99999905,497
P45564,1.B.10,1.B.10,0.9999689,505
H8JS16,1.B.10,1.B.10,0.9998739,506
Q01UI3,1.B.13,1.B.13,0.9999435,518
C9U574,1.B.13,1.B.13,0.9999865,519
J4K5X9,1.B.13,1.B.13,0.9999583,520
A1T0X2,1.B.15,1.B.15,0.9999918,525
I3ZGF0,1.B.16,1.B.5,0.57071155,541
O66915,1.B.16,1.B.5,0.5440813,542
D8PHW0,1.B.16,1.B.5,0.5664506,543
Q7UGJ0,1.B.16,1.B.5,0.5806816,544
WP_152053851,1.B.162,1.B.162,0.99997675,553
WP_160129378,1.B.162,1.B.162,0.9999882,554
M2YRU5,1.B.163,1.B.163,0.9999585,562
A0QP93,1.B.163,1.B.163,0.9999908,563
WP_231666935,1.B.165,1.B.165,0.9999852,571
I1SBC9,1.B.165,1.B.165,0.9999573,572
B0RRH7,1.B.18,1.B.18,0.99999464,585
P0A932,1.B.18,1.B.18,0.9999752,586
Q1CVQ0,1.B.18,1.B.18,0.99998987,587
C1F9P1,1.B.19,1.B.19,0.9999975,595
H8FL42,1.B.19,1.B.19,0.99999166,596
E8M3M3,1.B.21,1.B.21,0.9999857,606
D0X4R0,1.B.21,1.B.21,0.9999865,607
B8K3G3,1.B.21,1.B.21,0.9999869,608
Q0SBX7,1.B.24,1.B.24,0.9999976,615
Q0RYN1,1.B.24,1.B.24,0.9999893,616
H2IWN4,1.B.26,1.B.26,0.99999845,620
A0PAQ8,1.B.27,1.B.27,0.99998593,633
Q7VHZ9,1.B.27,1.B.27,0.9998995,634
Q7VFJ9,1.B.27,1.B.27,0.9999583,635
R4Q7V2,1.B.27,1.B.27,0.99997795,636
K4D2B1,1.B.30,1.B.30,0.9008219,641
M2X828,1.B.30,1.B.30,0.5924522,642
B9D0I1,1.B.31,1.B.31,0.9999876,648
B9KFF7,1.B.31,1.B.31,0.99998665,649
SQI24628,1.B.34,1.B.34,0.9999542,666
WP_075469225,1.B.34,1.B.34,0.99998915,667
SEB47250,1.B.34,1.B.34,0.9999831,668
SIQ09903,1.B.34,1.B.34,0.99993896,669
M4U9K6,1.B.35,1.B.35,0.999995,682
Q6LL41,1.B.35,1.B.35,0.9999839,683
Q1Z3D7,1.B.35,1.B.35,0.9999807,684
C9QGR6,1.B.35,1.B.35,0.99999225,685
F0RWP8,1.B.36,1.B.36,0.9999988,688
D0LRV8,1.B.37,1.B.37,0.999997,691
A5GAN4,1.B.39,1.W.9,0.0654449,701
B9M7K9,1.B.39,1.B.39,0.99999297,702
B0VUV8,1.B.39,1.B.39,0.99999654,703
Q8FQT0,1.B.41,1.B.41,0.99999714,708
C0XRQ2,1.B.41,1.B.41,0.9999876,709
Q6GZ99,1.B.49,1.B.49,0.99999607,717
Q8G8H4,1.B.49,1.B.49,0.9999862,718
G6XK71,1.B.5,1.B.5,0.57693624,732
F5SXN1,1.B.5,1.B.5,0.5572077,733
D5CMQ7,1.B.5,1.B.5,0.56173366,734
D3SLU1,1.B.5,1.B.5,0.5723797,735
S0EUI6,1.B.50,1.B.50,0.9999993,740
Q44881,1.B.51,1.B.51,1.0,741
B8F2P1,1.B.52,1.B.52,0.99999845,743
A7ZLV9,1.B.53,1.B.53,0.9999752,747
D0LXF9,1.B.60,1.B.60,0.99998784,756
Q6MQH3,1.B.60,1.B.60,0.9999484,757
Q1DFS2,1.B.61,1.B.61,0.99999917,763
Q72DY0,1.B.61,1.B.61,0.9999896,764
Q07KZ2,1.B.62,1.B.62,0.9999963,772
A6DTR9,1.B.62,1.B.62,0.9999939,773
D2QNK6,1.B.63,1.B.63,0.9999888,778
B2RL31,1.B.63,1.B.63,0.9999782,779
F9EV82,1.B.65,1.B.65,0.99999547,788
I3DIB8,1.B.65,1.B.65,0.9999957,789
F6D908,1.B.68,1.B.68,0.9999844,793
W9WL67,1.B.69,1.B.69,0.9978403,804
E9BDN5,1.B.69,1.B.69,0.7686085,805
Q6GQ39,1.B.69,1.B.30,0.68927336,806
A4WXA3,1.B.7,1.B.7,0.99998176,813
Q5HB83,1.B.7,1.B.7,0.99999535,814
Q2K0Q0,1.B.70,1.B.70,0.99995434,827
Q9L7A9,1.B.70,1.B.70,0.99994695,828
Q44665,1.B.70,1.B.70,0.999948,829
C6W3T8,1.B.73,1.B.73,0.99990857,835
E4T302,1.B.73,1.B.73,0.99995697,836
F8CR23,1.B.75,1.B.75,0.9999795,845
Q7U678,1.B.75,1.B.75,0.99998796,846
Q7VAD5,1.B.75,1.B.75,0.99998736,847
Q4KCN5,1.B.76,1.B.76,0.9999889,853
P36649,1.B.76,1.B.76,0.9987368,854
B7FZU1,1.B.77,1.B.77,0.99998856,866
R1E3Q5,1.B.77,1.B.77,0.9999703,867
W7TBY2,1.B.77,1.B.77,0.99998164,868
A5G7L3,1.B.78,1.B.78,0.9999924,873
L1L857,1.B.79,1.B.79,0.9993936,875
W0A8H9,1.B.81,1.B.81,0.99996734,890
F8GDI1,1.B.81,1.B.81,0.9999633,891
KER09053,1.B.81,1.B.81,0.9999702,892
WP_054039809,1.B.81,1.B.81,0.9999012,893
A5C9I8,1.B.82,1.B.82,0.9999769,896
OGR70538,1.B.84,1.B.84,0.9999926,903
NLW31479,1.B.84,1.B.84,0.9999664,904
S2XLX4,1.B.85,1.B.85,0.99998415,909
WP_094626014,1.B.85,1.B.85,0.9999889,910
WP_132308094,1.B.92,1.B.92,0.99998355,918
WP_101656401,1.B.92,1.B.92,0.9999925,919
WP_068467660,1.B.95,1.B.95,0.999944,934
TET05321,1.B.95,1.B.95,0.999985,935
WP_146917420,1.B.95,1.B.95,0.9999846,936
WP_105313043,1.B.95,1.B.95,0.99998343,937
K7JEL9,1.C.10,1.C.10,0.9999726,943
B3MQ48,1.C.10,1.C.10,0.9999484,944
EKF9241902,1.C.100,1.C.100,0.9998518,947
AZY88389,1.C.101,1.C.101,0.99999464,952
C6SS71,1.C.102,1.C.26,0.9992391,954
XP_008081830,1.C.104,1.C.104,0.9999436,966
RDI86773,1.C.104,1.C.104,0.9999832,967
XP_007925356,1.C.104,1.C.104,0.99999607,968
Q51449,1.C.106,1.C.106,0.99999714,973
Q9I788,1.C.106,1.C.106,0.9999995,974
XP_014317300,1.C.108,1.C.108,0.99999106,979
Q6UXR3,1.C.108,1.C.108,0.9999931,980
J8IXD8,1.C.109,1.C.109,0.99999833,985
C7BYV0,1.C.109,1.C.109,0.99999344,986
A1YKW7,1.C.11,1.C.11,0.99996567,994
AEH33294,1.C.11,1.C.11,0.99999523,995
G3WS63,1.C.110,1.C.110,1.0,998
Q9H2X3,1.C.111,1.C.111,0.9999875,1013
Q5QGZ9,1.C.111,1.C.111,0.99998224,1014
P05451,1.C.111,1.C.111,0.9999424,1015
Q07108,1.C.111,1.C.111,0.9999788,1016
Q15546,1.C.113,1.C.113,0.9999794,1029
B0XDW7,1.C.113,1.C.113,0.99999535,1030
Q8IY49,1.C.113,1.C.113,0.9999814,1031
Q7YZB4,1.C.114,1.C.114,0.9999819,1036
K4PXJ9,1.C.115,1.C.115,0.99999404,1041
P45884,1.C.115,1.C.115,0.9999918,1042
E9EKK1,1.C.119,1.C.119,0.9999956,1047
M5N9T8,1.C.119,1.C.119,0.99999404,1048
P04347,1.C.121,1.C.121,0.6543176,1050
Q56CZ9,1.C.122,1.C.122,0.9999484,1052
P82427,1.C.124,1.C.124,0.9999759,1057
AEX09222,1.C.124,1.C.124,0.9999666,1058
AHN67314,1.C.126,1.C.126,0.9999912,1062
AAA32327,1.C.129,1.C.129,0.99999905,1065
B7PSG2,1.C.13,1.C.13,0.99999917,1070
J9HUA3,1.C.13,1.C.13,0.9999989,1071
WP_072053873,1.C.130,1.C.130,1.0,1075
XP_039042682,1.C.132,1.C.132,0.9999862,1081
WP_168566867,1.C.132,1.C.132,0.9999697,1082
WP_241450605,1.C.136,1.C.136,0.99999774,1084
Q1ELU4,1.C.138,1.C.138,0.99999976,1088
WP_047703972,1.C.14,1.C.14,0.99999297,1094
D1J6Q5,1.C.14,1.C.14,0.9999957,1095
CAC42164,1.C.18,1.C.18,0.9999995,1098
P82270,1.C.19,1.C.19,0.9860508,1104
Q6EZF9,1.C.19,1.C.19,0.9999951,1105
Q9ZIU5,1.C.2,1.C.2,0.99994457,1122
Q45755,1.C.2,1.C.2,0.99997175,1123
R4I3J1,1.C.2,1.C.2,0.99989176,1124
P56955,1.C.2,1.C.2,0.99988425,1125
Q57312,1.C.20,1.C.20,0.99999166,1133
WWQ01948,1.C.20,1.C.20,0.99998057,1134
P84962,1.C.24,1.C.24,0.9999006,1147
P83002,1.C.24,1.C.24,0.9998287,1148
Q6TGQ7,1.C.24,1.C.24,0.999984,1149
WP_080375718,1.C.24,1.C.24,0.99998295,1150
WP_098856434,1.C.26,1.C.26,0.9992466,1153
A7GJP5,1.C.31,1.C.31,0.99999964,1157
P49913,1.C.33,1.C.33,0.99998045,1167
P54228,1.C.33,1.C.33,0.99998426,1168
ASN73764,1.C.33,1.C.33,0.99997675,1169
WP_121688872,1.C.37,1.C.37,0.9999908,1180
WP_142504358,1.C.37,1.C.37,0.99997675,1181
CRH85725,1.C.37,1.C.37,0.9999635,1182
XP_010767831,1.C.38,1.C.38,0.999966,1196
Q5UCA8,1.C.38,1.C.38,0.99983346,1197
P07845,1.C.38,1.C.38,0.9998368,1198
P0DQV7,1.C.38,1.C.38,0.9999813,1199
P11597,1.C.40,1.C.40,0.99999964,1207
B5ABT1,1.C.40,1.W.9,0.0656579,1208
B2LWZ1,1.C.42,1.C.42,0.97433823,1213
O06498,1.C.42,1.C.42,0.9999988,1214
P08943,1.C.44,1.C.44,0.99991834,1216
P01160,1.C.46,1.C.46,0.99999714,1221
Q9NJC6,1.C.47,1.C.47,0.9999651,1235
H2CYQ1,1.C.47,1.C.47,0.9999713,1236
F6LCB3,1.C.47,1.C.47,0.9998379,1237
Q07A30,1.C.47,1.C.47,0.9999672,1238
Q9UKY0,1.C.48,1.C.48,0.9999962,1242
P06881,1.C.49,1.C.49,0.997405,1244
R7ZEE7,1.C.5,1.C.5,0.9986872,1250
Q45728,1.C.5,1.C.5,0.9877032,1251
T2MFP9,1.C.50,1.C.50,0.9999999,1255
Q07932,1.C.51,1.C.51,1.0,1256
P69178,1.C.54,1.C.54,1.0,1257
P0A3W8,1.C.55,1.C.55,1.0,1258
F2JTE2,1.C.56,1.C.56,0.9999901,1262
WP_089964624,1.C.61,1.C.61,0.99999905,1266
L0CMD2,1.C.62,1.C.62,0.99999905,1270
XP_015918646,1.C.63,1.C.63,0.9999999,1273
Q6BF25,1.C.64,1.C.64,0.99999964,1285
MBA8650993,1.C.64,1.C.64,0.999974,1286
WP_141754689,1.C.64,1.C.64,0.99997365,1287
Q9L6W3,1.C.65,1.C.65,0.9999969,1292
P33432,1.C.66,1.C.66,1.0,1293
C4M9N5,1.C.67,1.C.67,0.9999999,1295
P83250,1.C.68,1.C.68,1.0,1297
KID84774,1.C.7,1.C.7,0.9999938,1301
WP_062552397,1.C.70,1.C.70,0.9999845,1306
T1WIB6,1.C.71,1.C.71,0.9999945,1313
S8E3M3,1.C.71,1.C.71,0.9999932,1314
P01382,1.C.74,1.C.74,0.89869297,1321
Q8QGR0,1.C.74,1.C.74,0.9908199,1322
B1Z6U1,1.C.75,1.C.75,0.9978629,1329
AKC96038,1.C.75,1.C.75,0.9999987,1330
O76070,1.C.77,1.C.77,0.99999845,1333
A7IZR5,1.C.78,1.C.78,0.8530991,1337
P46081,1.C.8,1.C.8,0.9999995,1341
B7LAC5,1.C.80,1.C.80,0.9999913,1345
Q9Y287,1.C.81,1.C.81,0.9999951,1355
O43736,1.C.81,1.C.81,0.9999949,1356
Q9NQX7,1.C.81,1.C.81,0.9999949,1357
WP_078474522,1.C.82,1.C.82,0.99999833,1359
Q9ZGP5,1.C.83,1.C.83,0.9999455,1361
F9P995,1.C.84,1.C.84,0.99996626,1363
Q13519,1.C.89,1.C.89,0.99999976,1366
WP_013023010,1.C.9,1.C.9,0.99999774,1369
C9BRP5,1.C.90,1.C.90,0.9999951,1377
A5MY21,1.C.90,1.C.90,0.9999945,1378
P04080,1.C.91,1.C.91,1.0,1379
Q15818,1.C.92,1.C.92,0.99999785,1382
A4UVR2,1.C.93,1.C.93,1.0,1383
WP_084614884,1.C.95,1.C.95,0.99998975,1394
WP_006059095,1.C.95,1.C.95,0.9999634,1395
WP_018802519,1.C.95,1.C.95,0.9999622,1396
YP_009724395,1.C.99,1.C.99,0.9989819,1403
QCX35176,1.C.99,1.C.99,0.9999908,1404
XP_004616922,1.D.118,1.D.118,0.9999845,1407
XP_045930465,1.D.194,1.D.194,0.99999654,1411
NIM52277,1.D.24,1.D.24,0.99999654,1418
KUH88733,1.D.24,1.D.24,0.99999964,1419
TKY80222,1.E.1,1.E.1,0.9999974,1427
ECY3018204,1.E.1,1.E.1,0.99999464,1428
Q37895,1.E.10,1.E.10,0.7941664,1432
P94515,1.E.14,1.E.14,0.9999783,1449
C9RFW8,1.E.14,1.E.14,0.99998856,1450
C9RG44,1.E.14,1.E.14,0.99998856,1451
D3S646,1.E.14,1.E.14,0.99999726,1452
F9LWA6,1.E.16,1.E.16,0.9979735,1456
I0FEC7,1.E.17,1.E.17,0.999997,1463
WP_080684304,1.E.17,1.E.17,0.99999475,1464
M9MU75,1.E.18,1.E.18,0.99999034,1474
ERG63474,1.E.18,1.E.18,0.99995995,1475
WP_298535700,1.E.18,1.E.18,0.9999957,1476
PIN93264,1.E.20,1.E.20,0.9999635,1481
EJG08371,1.E.20,1.E.20,0.99998343,1482
Q37975,1.E.21,1.E.21,0.99999547,1487
B1S807,1.E.21,1.E.21,0.9999881,1488
I0JPG6,1.E.23,1.E.23,0.99998677,1494
WP_068445074,1.E.23,1.E.23,0.9999695,1495
E7MNX8,1.E.24,1.E.24,0.9999912,1501
G1WGA3,1.E.24,1.E.24,0.9999987,1502
WP_087770102,1.E.25,1.E.25,0.9999746,1513
RYC38893,1.E.25,1.E.25,0.99997735,1514
ALA46464,1.E.25,1.E.25,0.999982,1515
C3GBU6,1.E.27,1.E.27,0.99998426,1522
CRG98304,1.E.27,1.E.27,0.99999416,1523
F7TY91,1.E.29,1.E.29,0.999982,1536
WP_076238539,1.E.29,1.E.29,0.9999882,1537
WP_116059751,1.E.29,1.E.29,0.9999434,1538
D5CT34,1.E.33,1.E.33,0.999892,1544
G4FVE2,1.E.33,1.E.33,0.999997,1545
R4JJW4,1.E.4,1.E.4,0.99999976,1549
ESK64892,1.E.42,1.E.42,0.9999794,1555
QDX55601,1.E.42,1.E.42,0.9999864,1556
WP_081276159,1.E.44,1.E.44,0.9999999,1559
W7Wfe7,1.E.50,1.E.50,0.9999987,1562
B3R344,1.E.52,1.E.52,0.9999968,1567
B8JFG0,1.E.52,1.E.52,0.99999857,1568
E7J6N6,1.E.53,1.E.53,0.9999716,1578
P13970,1.E.53,1.E.53,0.999992,1579
E9U5S4,1.E.53,1.E.53,0.9999927,1580
M4K1R4,1.E.56,1.E.56,0.9999933,1590
B0VUM9,1.E.56,1.E.56,0.9999876,1591
K4PA82,1.E.56,1.E.56,0.99998534,1592
A9C1R0,1.E.6,1.E.6,0.99996185,1607
H1RRJ5,1.E.6,1.E.6,0.99996126,1608
C1D8E7,1.E.6,1.E.6,0.9999629,1609
WLJ89320,1.E.6,1.E.6,0.99996674,1610
WP_080520514,1.E.61,1.E.61,0.9999989,1612
WP_006300053,1.E.62,1.E.62,0.9999813,1619
WP_072024012,1.E.62,1.E.62,0.9999894,1620
WP_033100758,1.E.65,1.E.65,0.9999964,1626
WP_221178964,1.E.65,1.E.65,0.9999987,1627
WP_184711133,1.E.7,1.E.7,0.9999728,1636
WP_097540830,1.E.7,1.E.7,0.9999645,1637
WP_055414402,1.E.7,1.E.7,0.9999814,1638
MDI6753459,1.E.71,1.E.71,0.9999689,1643
K7NTM2,1.E.8,1.E.8,0.99999607,1648
AZU98589,1.E.8,1.E.8,0.9999958,1649
C1A5F4,1.E.9,1.E.9,0.9999937,1659
Q8KCM5,1.E.9,1.E.9,0.99998903,1660
B3QMN8,1.E.9,1.E.9,0.9999883,1661
AMQ26458,1.G.1,1.G.1,0.99999857,1667
AFV53227,1.G.1,1.G.1,0.99999857,1668
Q1PDC7,1.G.12,1.G.12,0.99999154,1673
AVM87398,1.G.14,1.G.14,0.9999981,1676
P28977,1.G.15,1.G.15,0.9999988,1680
P04578,1.G.16,1.G.16,0.9999933,1683
YP_009724390,1.G.18,1.G.18,0.9999974,1689
YP_007188579,1.G.18,1.G.18,0.9999976,1690
Q9IH63,1.G.2,1.G.2,0.9999864,1699
WP_150375648,1.G.2,1.G.2,0.99969935,1700
J3S7E1,1.G.20,1.G.20,0.9999957,1706
B8PWH4,1.G.20,1.G.20,0.9999968,1707
O36400,1.G.21,1.G.21,0.99999964,1710
AFJ15605,1.G.4,1.G.4,0.9999999,1715
G0LWX4,1.G.4,1.G.4,0.993032,1716
U5YDR4,1.G.5,1.G.5,0.9999995,1720
A7XED7,1.G.6,1.G.6,1.0,1721
YP_002929490,1.G.8,1.G.8,0.99999774,1726
Q7ZFT7,1.G.9,1.G.9,0.9999113,1734
M4HM10,1.G.9,1.G.9,0.9999596,1735
YP_010771824,1.J.1,1.J.1,0.9999958,1740
Q2LM93,1.K.3,1.K.3,0.99999833,1743
U3IYW3,1.L.1,1.L.1,0.9999988,1746
WP_250671306,1.M.7,1.M.7,0.9999764,1751
WP_200664041,1.M.7,1.M.7,0.99997354,1752
A4GRC6,1.N.3,1.N.3,0.99994516,1758
Q4YCF6,1.N.3,1.N.3,0.9999702,1759
E5S3P2,1.N.4,1.N.4,0.99999475,1764
Q99287,1.N.5,1.N.5,0.9999349,1770
Q6DD88,1.N.5,1.N.5,0.99999547,1771
O00291,1.N.7,1.N.7,1.0,1772
A1Z713,1.R.2,1.R.2,0.9999968,1777
Q96RL7,1.R.2,1.R.2,0.9999976,1778
WP_094276346,1.S.1,1.S.1,0.99999154,1788
6NER_A,1.S.1,1.S.1,0.99941134,1789
MBT6724251,1.S.1,1.S.1,1.0,1790
Q8U2E0,1.S.11,1.S.11,0.9999925,1793
AAD39019,1.S.2,1.W.9,0.06544605,1798
GCA95139,1.S.3,1.S.3,1.0,1801
4OLP_A,1.S.4,1.S.4,1.0,1802
P41792,1.S.5,1.S.5,0.9999039,1804
D0LZ73,1.S.7,1.S.7,0.99999654,1808
V5SGX5,1.S.8,1.S.8,0.999997,1811
WP_039622912,1.W.1,1.W.1,0.9999802,1819
WP_073187488,1.W.1,1.W.1,0.9999542,1820
AUR96941,1.W.10,1.W.10,0.9997191,1829
MBO00979,1.W.10,1.W.10,0.99996305,1830
AXP07702,1.W.10,1.W.10,0.9999864,1831
RLE91336,1.W.3,1.W.3,0.999926,1844
RLG54911,1.W.3,1.W.3,0.9999136,1845
WP_155320278,1.W.3,1.W.3,0.9998524,1846
WP_140461085,1.W.4,1.W.4,0.9999881,1851
Q76RH0,1.W.4,1.W.4,0.99999094,1852
MAG24778,1.W.5,1.W.5,0.9999902,1860
WP_077072253,1.W.5,1.W.9,0.06522268,1861
RLG01344,1.W.8,1.W.8,0.9999994,1869
TXH14527,1.W.8,1.W.8,0.9999968,1870
RLD10056,1.W.9,1.W.9,0.99997103,1887
HBY62778,1.W.9,1.W.9,0.9999676,1888
AXH46464,1.W.9,1.W.9,0.9999502,1889
HAM56808,1.W.9,1.W.9,0.9998996,1890
F5X5Y2,2.A.10,2.A.10,0.9998642,1895
S4H275,2.A.10,2.A.10,0.9999937,1896
Q6MLJ0,2.A.100,2.A.100,0.99998283,1904
XP_012758493,2.A.100,2.A.100,0.99999726,1905
C6B3K0,2.A.101,2.A.101,0.9999995,1907
WP_076734059,2.A.103,1.W.9,0.06522268,1917
WP_082139284,2.A.103,2.A.103,0.9999813,1918
WP_071389592,2.A.103,2.A.103,0.9999831,1919
KKP64473,2.A.104,2.A.104,0.99999666,1924
E4RIT5,2.A.107,2.A.107,0.9999902,1930
L8Q2C2,2.A.107,2.A.107,0.9999484,1931
L5DDD7,2.A.109,2.A.109,0.9999752,1941
C9RH03,2.A.109,2.A.109,0.9999075,1942
L7KNF9,2.A.109,2.A.109,0.9996824,1943
U2LY02,2.A.11,2.A.11,0.99996006,1951
D7AXM6,2.A.11,2.A.11,0.9999598,1952
Q821X2,2.A.111,2.A.111,0.99999964,1957
J7LI01,2.A.116,2.A.116,0.999848,1968
B7HXY3,2.A.116,2.A.116,0.9999918,1969
B8I848,2.A.116,2.A.116,0.9999938,1970
Q3J286,2.A.117,2.A.117,0.99996865,1984
MBA4130033,2.A.117,2.A.117,0.9999651,1985
MBK8180943,2.A.117,2.A.117,0.99993205,1986
WP_203595623,2.A.117,2.A.117,0.9998312,1987
Q38YQ0,2.A.118,2.A.118,0.99998796,1994
P39263,2.A.118,2.A.118,0.99998367,1995
WP_057569963,2.A.119,2.A.119,0.9999089,2011
WP_062660767,2.A.119,2.A.119,0.9999887,2012
WP_092498738,2.A.119,2.A.119,0.999992,2013
OIO63212,2.A.119,2.A.119,0.99999106,2014
J6H8T7,2.A.120,2.A.120,0.99996924,2026
A8MA30,2.A.120,2.A.120,0.9999651,2027
ARG45194,2.A.120,2.A.120,0.99995136,2028
B8CB30,2.A.122,2.A.122,0.9999938,2041
B5YN56,2.A.122,1.W.9,0.06522268,2042
KKP01475,2.A.122,2.A.122,0.99999154,2043
C3MTK1,2.A.124,2.A.124,0.99996436,2050
X2JQJ2,2.A.124,2.A.124,0.9999665,2051
D2VY17,2.A.125,2.A.125,0.9999962,2056
OLS23552,2.A.129,2.A.129,0.9999809,2069
WP_111865303,2.A.129,2.A.129,0.9999943,2070
WP_086951747,2.A.129,2.A.129,0.9999825,2071
Q0PAK3,2.A.13,1.W.9,0.06522268,2077
K0P0B6,2.A.13,2.A.13,0.999984,2078
RKY32654,2.A.131,2.A.131,0.9999865,2084
RZN41577,2.A.131,2.A.131,0.9999764,2085
Q8EH59,2.A.133,2.A.133,0.9999701,2099
WP_082814648,2.A.133,2.A.133,0.9999739,2100
KIC10202,2.A.133,2.A.133,0.99999297,2101
WP_022597737,2.A.133,2.A.133,0.99997437,2102
Q57251,2.A.14,1.W.9,0.065436326,2107
AOY58527,2.A.14,2.A.14,0.9999589,2108
AJH13638,2.A.15,2.A.15,0.99998426,2122
P31553,2.A.15,1.W.9,0.06522268,2123
B4EY22,2.A.15,1.W.9,0.06522268,2124
B7L6S9,2.A.15,2.A.15,0.9999701,2125
Q9FLV9,2.A.16,2.A.16,0.9999802,2141
Q9A061,2.A.16,2.A.16,0.999964,2142
C4IKV8,2.A.16,1.W.9,0.06528948,2143
WP_057757662,2.A.16,1.W.9,0.06522268,2144
P21608,2.A.24,1.W.9,0.06522268,2152
Q48769,2.A.24,1.W.9,0.06522268,2153
W0WFC6,2.A.25,2.A.25,0.99998915,2162
P30143,2.A.25,2.A.25,0.9999863,2163
F2HK99,2.A.26,2.A.26,0.99997866,2172
P0AD99,2.A.26,2.A.26,0.9999609,2173
B1XKD9,2.A.27,2.A.27,0.9999887,2179
M1QJN9,2.A.27,2.A.27,0.99999666,2180
Q9S1X8,2.A.33,2.A.33,0.9999889,2186
XP_003075324,2.A.33,2.A.33,0.99999964,2187
Q9I2S5,2.A.34,2.A.34,0.9999988,2190
Q8EI43,2.A.35,2.A.35,0.9999473,2201
Q0PHV8,2.A.35,2.A.35,0.99999344,2202
Q838P8,2.A.35,2.A.35,0.9999881,2203
P33021,2.A.41,2.A.41,0.9999212,2216
Q9KPL5,2.A.41,2.A.41,0.9999254,2217
A1Z7N3,2.A.41,2.A.41,0.999987,2218
O00337,2.A.41,2.A.41,0.99998295,2219
P37660,2.A.42,2.A.42,0.99997973,2230
P42628,2.A.42,2.A.42,0.999995,2231
P63340,2.A.42,2.A.42,0.99985707,2232
UYL04267,2.A.45,2.A.45,0.999587,2242
Q819S9,2.A.45,2.A.45,0.99994326,2243
A1SPN6,2.A.45,2.A.45,0.9999826,2244
P76103,2.A.46,2.A.46,0.99994767,2253
Q88I34,2.A.46,1.W.9,0.06522268,2254
7TAK_A,2.A.46,2.A.46,0.9998191,2255
A8BIM9,2.A.48,2.A.48,0.9999919,2261
O45166,2.A.48,2.A.48,0.9999654,2262
C1D347,2.A.52,2.A.52,0.9998977,2275
C7PI41,2.A.52,1.W.9,0.06522268,2276
Q7NN80,2.A.52,1.W.9,0.06522268,2277
A8LPG6,2.A.58,2.A.58,0.9993864,2290
P54463,2.A.58,1.W.9,0.06522268,2291
Q0W3W9,2.A.58,2.A.58,0.99983,2292
RLG13389,2.A.58,2.A.58,0.99989986,2293
G2HQN2,2.A.61,1.W.9,0.06533399,2300
C0QDE6,2.A.61,2.A.61,0.9999927,2301
A5F120,2.A.62,2.A.62,0.9999963,2307
WP_020086767,2.A.62,2.A.62,0.99999845,2308
Q183S2,2.A.68,2.A.68,0.99998844,2313
W2qlk8,2.A.71,2.A.71,0.99998343,2324
Q9XIQ7,2.A.71,2.A.71,0.99998033,2325
Q8IBB7,2.A.71,2.A.71,0.999985,2326
Q9M7K4,2.A.72,2.A.72,0.9999945,2340
Q9FE38,2.A.72,2.A.72,0.9999665,2341
Q19A13,2.A.72,2.A.72,0.9999931,2342
O49423,2.A.72,2.A.72,0.999998,2343
F8D4C5,2.A.73,2.A.73,0.9999995,2346
C3XY94,2.A.74,2.A.74,0.99997854,2359
C3XY89,2.A.74,2.A.74,0.99998796,2360
C3XYE5,2.A.74,2.A.74,0.99998415,2361
E2B9N7,2.A.74,2.A.74,0.9999639,2362
B5U2Z3,2.A.75,2.A.75,0.99999976,2366
Q8GMZ9,2.A.76,2.A.76,0.99976975,2380
Q6TNA0,2.A.76,2.A.76,0.9999968,2381
V9RYY0,2.A.76,2.A.76,0.9999963,2382
A3U6A7,2.A.76,2.A.76,0.99998415,2383
Q3IPU1,2.A.77,2.A.77,0.9999826,2388
Q8RFA1,2.A.8,2.A.8,0.99998903,2401
Q81E21,2.A.8,2.A.8,0.9999924,2402
H7C6B2,2.A.8,2.A.8,0.99999154,2403
O52005,2.A.81,2.A.81,0.99997675,2410
A6LP55,2.A.81,2.A.81,0.9999696,2411
A9DHE6,2.A.83,2.A.83,0.9999865,2413
WP_147663164,2.A.87,2.A.87,0.9999865,2426
TET29359,2.A.87,2.A.87,0.99998856,2427
AFN04413,2.A.87,2.A.87,0.9999894,2428
Q54IJ2,2.A.92,2.A.92,0.9999831,2437
Q94AN2,2.A.92,2.A.92,0.9999894,2438
Q9UBH6,2.A.94,2.A.94,0.9999976,2444
P16151,2.A.94,2.A.94,0.9999852,2445
P25743,2.A.95,1.W.9,0.06522268,2452
B8HLY6,2.A.95,2.A.95,0.9999962,2453
NLT21186,2.A.96,2.A.96,0.9999957,2467
Q460G9,2.A.96,2.A.96,0.9999752,2468
GAW00410,2.A.96,2.A.96,0.9999769,2469
KXS96282,2.A.96,2.A.96,0.99997485,2470
Q6P1Q0,2.A.97,2.A.97,0.9999981,2477
Q8I1R5,2.A.97,2.A.97,0.9999988,2478
WP_162301253,2.A.99,2.A.99,0.99996066,2485
WP_149777770,2.A.99,2.A.99,0.9999795,2486
Q9UP52,2.B.93,2.B.93,0.7905143,2488
A0BM91,2.D.1,2.D.1,0.99999845,2496
Q9VC05,2.D.1,2.D.1,0.9999938,2497
O70031,3.A.12,3.A.12,0.9999975,2504
Q3LAJ2,3.A.12,3.A.12,0.99999905,2505
YP_008130281,3.A.13,3.A.13,0.99999845,2508
Q9Y276,3.A.28,3.A.28,0.9999976,2513
KOO28456,3.E.3,3.E.3,0.99999464,2522
WP_055898914,3.E.3,3.E.3,0.9999851,2523
P50416,4.C.2,4.C.2,0.99999976,2526
S7VV85,4.E.1,4.E.1,0.9999975,2531
Q5CWX6,4.E.1,4.E.1,0.9999862,2532
E8V3S2,4.F.1,4.F.1,0.9999685,2545
D6I8Y6,4.F.1,4.F.1,0.9999664,2546
D8J2B2,4.F.1,4.F.1,0.999966,2547
OIO15329,4.F.1,4.F.1,0.9999299,2548
WP_046728225,4.H.1,4.H.1,0.9999925,2558
WP_083289127,4.H.1,4.H.1,0.99999714,2559
VDG77260,4.H.1,4.H.1,0.99999714,2560
Q9KV73,5.B.10,5.B.10,1.0,2561
RWX50390,5.B.15,5.B.15,0.99999964,2562
G9NAJ2,5.B.2,5.B.2,0.99998367,2578
EQK99033,5.B.2,5.B.2,0.9999658,2579
Q7SC62,5.B.2,5.B.2,0.99998045,2580
KHN35905,5.B.2,5.B.2,0.99994874,2581
PIY59600,5.B.6,5.B.6,0.999969,2586
D7C9K8,5.B.7,5.B.7,0.9999968,2590
P0AE06,8.A.1,1.W.9,0.06522811,2607
P76397,8.A.1,8.A.1,0.999936,2608
P37636,8.A.1,8.A.1,0.9999726,2609
Q7UZ72,8.A.1,8.A.1,0.9999615,2610
P46482,8.A.1,8.A.1,0.9999788,2611
Q9Y6H6,8.A.10,8.A.10,0.99999774,2617
Q9WTW3,8.A.10,8.A.10,0.99996305,2618
XP_020894714,8.A.101,8.A.101,0.9999896,2622
U6GPW6,8.A.102,8.A.102,0.9998846,2635
XP_004833479,8.A.102,8.A.102,0.9999236,2636
CUV07185,8.A.102,8.A.102,0.99982774,2637
PJF17748,8.A.103,8.A.103,0.9999372,2649
XP_010699644,8.A.103,8.A.103,0.99998784,2650
Q22DV9,8.A.103,8.A.103,0.9999455,2651
P53355,8.A.104,1.W.9,0.06522268,2664
Q9BXM7,8.A.104,1.W.9,0.06522268,2665
NP_001257414,8.A.104,1.W.9,0.06522268,2666
Q6MZM0,8.A.105,8.A.105,0.9999908,2669
Q9H902,8.A.108,8.A.108,0.99996376,2677
Q96HR9,8.A.108,8.A.108,0.99999213,2678
WP_130079951,8.A.11,8.A.11,0.9999987,2681
CBJ48530,8.A.111,8.A.111,0.99996686,2689
XP_022310796,8.A.111,8.A.111,0.9924183,2690
Q8N682,8.A.113,8.A.113,0.9999919,2698
Q6UX65,8.A.113,8.A.113,0.99998856,2699
KAF6005406,8.A.115,8.A.115,0.9997296,2716
XP_001748139,8.A.115,8.A.115,0.99997807,2717
TPX40645,8.A.115,8.A.115,0.99998534,2718
WBW72430,8.A.115,8.A.115,0.99997604,2719
Q9VIM4,8.A.116,8.A.116,0.99999464,2723
Q9XTG1,8.A.117,8.A.117,0.99997234,2728
Q9NZ94,8.A.117,8.A.117,0.99998665,2729
GAV02799,8.A.118,8.A.118,0.9999962,2738
XP_019853507,8.A.118,8.A.118,0.9999976,2739
P37249,8.A.12,8.A.12,0.9999975,2741
Q9W145,8.A.120,8.A.120,0.99986494,2749
Q96DR4,8.A.120,1.W.9,0.065439284,2750
Q20687,8.A.121,8.A.121,0.99999905,2755
XP_010568056,8.A.122,8.A.122,0.9999976,2760
XP_022318076,8.A.122,8.A.122,0.9999738,2761
Q9NQ34,8.A.123,8.A.123,0.9999831,2768
WP_031585819,8.A.123,8.A.123,0.9998123,2769
P57088,8.A.124,8.A.124,0.9999808,2772
Q96KA5,8.A.125,8.A.125,0.9999976,2777
XP_027796271,8.A.126,8.A.126,0.99999225,2780
XP_002606196,8.A.127,8.A.127,0.99998474,2787
XP_030900971,8.A.127,8.A.127,0.9999958,2788
XP_013349430,8.A.129,8.A.129,0.99999654,2794
GBG75892,8.A.129,8.A.129,0.999998,2795
O42668,8.A.13,8.A.13,1.0,2796
P83748,8.A.131,8.A.131,0.9998679,2809
P00738,8.A.131,8.A.131,0.99996793,2810
B0FXM1,8.A.131,8.A.131,0.9998921,2811
Q9BUZ4,8.A.133,8.A.133,0.9998491,2822
WGW18136,8.A.133,1.W.9,0.06522268,2823
Q9C039,8.A.133,1.W.9,0.06522268,2824
ORZ11951,8.A.134,8.A.134,0.99999595,2829
PSN51050,8.A.135,8.A.135,0.99998665,2836
MPD02914,8.A.135,8.A.135,0.999992,2837
Q96B67,8.A.136,8.A.136,0.9999443,2848
Q9H3M7,8.A.136,8.A.136,0.999944,2849
Q20232,8.A.136,8.A.136,0.94792366,2850
SMO36342,8.A.139,8.A.139,0.9999709,2854
Q9NPA1,8.A.14,8.A.14,0.9999987,2858
XP_027225662,8.A.140,8.A.140,0.9999813,2863
KAF5277533,8.A.140,8.A.140,0.99954236,2864
R1ELF4,8.A.141,8.A.141,0.9999982,2869
Q6IEE7,8.A.143,8.A.143,1.0,2874
WP_144051564,8.A.144,8.A.144,0.99998665,2879
KAF2077471,8.A.145,8.A.145,0.99999654,2884
P30041,8.A.147,8.A.147,0.9999944,2887
B8B381,8.A.15,1.W.9,0.065832056,2891
WP_008488490,8.A.150,8.A.150,0.99999654,2895
O43865,8.A.151,8.A.151,1.0,2896
WP_181340520,8.A.153,8.A.153,0.99999905,2901
MBC7395593,8.A.153,8.A.153,0.9999982,2902
XP_034038246,8.A.154,8.A.154,0.9996425,2907
WP_082825104,8.A.155,8.A.155,0.9999968,2912
KAF5827728,8.A.155,8.A.155,0.9999926,2913
XP_018009461,8.A.157,8.A.157,0.9999981,2918
XP_032802017,8.A.159,1.W.9,0.06522268,2929
XP_006478623,8.A.159,8.A.159,0.999997,2930
PWZ10394,8.A.159,8.A.159,0.99999475,2931
Q96GS6,8.A.161,8.A.161,1.0,2932
Q16790,8.A.164,8.A.164,1.0,2933
VDL89025,8.A.166,8.A.166,0.9999641,2943
CAF2143533,8.A.166,8.A.166,0.99997044,2944
XP_028411903,8.A.166,8.A.166,0.9999876,2945
XP_011530207,8.A.168,8.A.168,0.99999774,2949
GAW06118,8.A.169,8.A.169,0.99998343,2958
SSD60863,8.A.169,8.A.169,0.99997413,2959
XP_001229202,8.A.169,8.A.169,0.9999585,2960
XP_027863911,8.A.17,8.A.17,0.9999393,2972
AAO89003,8.A.17,8.A.17,0.99995863,2973
Q15116,8.A.17,8.A.17,0.99993515,2974
Q9NXB0,8.A.170,8.A.170,1.0,2975
CAF0816190,8.A.171,8.A.171,0.99999976,2979
RLG19162,8.A.172,1.W.9,0.06522268,2988
HHM12341,8.A.172,1.W.9,0.06522268,2989
WP_165159837,8.A.172,8.A.172,0.9999943,2990
Q9H4B7,8.A.173,8.A.173,0.99999833,2992
HFO91905,8.A.174,8.A.174,1.0,2997
MBT5252923,8.A.174,8.A.174,0.9999993,2998
KAG2726972,8.A.175,8.A.175,0.9999889,3004
XP_020163427,8.A.175,8.A.175,0.9999908,3005
WP_054576892,8.A.176,8.A.176,0.99999917,3009
UQL51144,8.A.177,8.A.177,0.9999945,3017
P50591,8.A.177,8.A.177,0.99999654,3018
KAG6546873,8.A.178,8.A.178,0.9999782,3025
XP_013762242,8.A.178,1.C.132,0.99999464,3026
Q8IZS8,8.A.18,8.A.18,0.999998,3031
Q7Z3S7,8.A.18,8.A.18,0.9999988,3032
WP_165133333,8.A.180,8.A.180,0.9997484,3035
VZI44309,8.A.181,8.A.181,0.9999999,3039
KAH8130706,8.A.182,8.A.182,0.9999993,3042
PSC71052,8.A.183,8.A.183,0.9999995,3047
ETW46879,8.A.183,8.A.183,0.99999046,3048
XP_020432384,8.A.185,8.A.185,0.99999416,3054
L0R6Q1,8.A.185,8.A.185,0.9999957,3055
O00592,8.A.187,8.A.187,1.0,3056
XP_001748040,8.A.188,8.A.188,0.9979498,3065
OMJ82451,8.A.188,8.A.188,0.9999974,3066
KJE94133,8.A.189,1.W.9,0.06532169,3071
Q4V5U6,8.A.19,8.A.19,0.9994778,3076
QID84842,8.A.190,8.A.190,0.99999785,3080
RMZ54818,8.A.191,8.A.191,0.9999957,3088
PXF60217,8.A.191,8.A.191,0.9999783,3089
NP_001286236,8.A.192,8.A.192,0.99998367,3098
F4IVL6,8.A.192,8.A.192,0.99998665,3099
KAG8010605,8.A.193,8.A.193,0.9999993,3103
XP_029997346,8.A.194,1.W.9,0.06522268,3110
KAG2487039,8.A.194,8.A.194,0.9999993,3111
XP_031756194,8.A.196,8.A.196,0.9999987,3116
CDW53771,8.A.197,8.A.197,0.9999877,3120
P0AA95,8.A.2,8.A.2,0.9999976,3123
E1ZNI7,8.A.20,8.A.20,0.99997604,3129
XP_005646384,8.A.20,8.A.20,0.99996305,3130
WP_075967942,8.A.201,8.A.201,0.9999387,3139
MBS4889330,8.A.201,8.A.201,0.999866,3140
TWW75268,8.A.202,8.A.202,0.99999917,3145
Q6PD74,8.A.203,8.A.203,1.0,3146
NP_001336488,8.A.204,8.A.204,0.9999827,3152
P32926,8.A.204,8.A.204,0.9999621,3153
OLP90965,8.A.205,8.A.205,0.99999917,3159
SCM17177,8.A.205,8.A.205,0.99994063,3160
XP_045182095,8.A.206,8.A.206,0.9999827,3164
XP_033734125,8.A.208,8.A.208,0.99993813,3172
XP_048394075,8.A.208,8.A.208,0.9999764,3173
Q9VKM7,8.A.209,8.A.209,0.9999441,3175
RHY26985,8.A.210,8.A.210,0.9984357,3179
XP_031323901,8.A.211,8.A.211,0.99999416,3182
WP_196367168,8.A.212,8.A.212,1.0,3186
MAH74360,8.A.213,8.A.213,0.9999174,3191
MBL4747290,8.A.213,8.A.213,0.9999976,3192
XP_028399918,8.A.214,8.A.214,0.9999982,3197
XP_035489110,8.A.215,8.A.215,0.99998045,3200
KAJ3260049,8.A.216,8.A.216,0.9999628,3205
P38736,8.A.216,8.A.216,0.9999658,3206
O00305,8.A.22,8.A.22,0.99976665,3210
EKF99199,8.A.221,8.A.221,0.99995947,3218
TFJ87285,8.A.221,8.A.221,0.9999919,3219
P42858,8.A.222,8.A.222,1.0,3220
AAG25642,8.A.223,8.A.223,0.9999982,3224
KAG7342390,8.A.225,8.A.225,0.9999976,3228
KAI6194636,8.A.226,8.A.226,0.9999844,3233
NP_651733,8.A.226,8.A.226,0.99999964,3234
GFO46191,8.A.227,8.A.227,0.99998903,3241
KAI8730524,8.A.227,8.A.227,0.99999774,3242
WP_076222359,8.A.228,8.A.228,0.99998975,3244
RAS33480,8.A.229,8.A.229,1.0,3246
KAF0027435,8.A.230,8.A.230,0.9989827,3251
XP_017548242,8.A.237,8.A.237,1.0,3254
Q9UBP9,8.A.238,8.A.238,0.99836534,3257
H3CPN3,8.A.239,8.A.239,0.9999988,3259
G3VXE4,8.A.240,8.A.240,0.99997973,3261
Q9Y4G6,8.A.25,8.A.25,0.99987924,3268
Q9BQL6,8.A.25,8.A.25,0.99999976,3269
ANK58183,8.A.26,8.A.26,0.9999099,3275
P56539,8.A.26,8.A.26,0.99998975,3276
H2L0H3,8.A.27,8.A.27,0.999985,3284
CZT62675,8.A.27,8.A.27,0.9999958,3285
Q9Z2Y3,8.A.29,8.A.29,1.0,3286
Q09098,8.A.31,8.A.31,0.9999963,3290
Q8I6Z5,8.A.32,8.A.32,0.9999949,3295
AGZ86590,8.A.33,1.W.9,0.06580371,3300
CCE37669,8.A.35,8.A.35,1.0,3305
POE55702,8.A.37,8.A.37,0.9999912,3310
P91193,8.A.38,8.A.38,0.9999976,3312
XP_012918761,8.A.39,8.A.39,0.99997187,3315
P43111,8.A.4,8.A.4,0.9983455,3318
Q10063,8.A.41,8.A.41,0.9999857,3325
B9WHV4,8.A.41,8.A.41,0.99999416,3326
R4G5U4,8.A.42,8.A.42,0.9999778,3331
R5LHN3,8.A.42,8.A.42,0.9933407,3332
E9AL21,8.A.44,8.A.44,0.9999751,3337
A8JGI1,8.A.44,8.A.44,0.9999746,3338
A9UTZ4,8.A.45,8.A.45,0.9999908,3345
F2U0C1,8.A.45,8.A.45,0.99995434,3346
G8TGS7,8.A.46,8.A.46,0.9999895,3358
D1JJ68,8.A.46,8.A.46,0.99997365,3359
BAE20200,8.A.46,8.A.46,0.99998426,3360
I9WSV7,8.A.48,8.A.48,0.99998295,3367
MBV8416225,8.A.48,8.A.48,0.99998534,3368
AKM80894,8.A.49,8.A.49,0.99996996,3371
P77735,8.A.5,1.W.9,0.06546465,3377
P76187,8.A.5,1.W.9,0.06544303,3378
P0AAW9,8.A.50,8.A.50,1.0,3379
P27487,8.A.51,8.A.51,0.99998903,3384
Q12884,8.A.51,8.A.51,0.99998856,3385
Q7XZ04,8.A.52,8.A.52,0.9999993,3391
O60260,8.A.52,1.W.9,0.06522268,3392
V8NZN5,8.A.53,8.A.53,0.99999666,3395
Q1ZYL8,8.A.55,8.A.55,0.99999034,3400
KAG7176625,8.A.57,8.A.57,0.999998,3405
XP_023218887,8.A.57,8.A.57,0.99999666,3406
T1FSM0,8.A.58,8.A.58,0.9999038,3422
D5T4Y6,8.A.58,8.A.58,0.99982697,3423
Q9H7V2,8.A.58,8.A.58,0.9999765,3424
O35449,8.A.58,8.A.58,0.9999771,3425
OLS30636,8.A.59,8.A.59,0.99999964,3428
F7FKR6,8.A.60,8.A.60,0.9999975,3431
Q9C7D7,8.A.61,8.A.61,0.99995685,3440
Q8TBE1,8.A.61,8.A.61,0.9999727,3441
L7ILZ6,8.A.61,8.A.61,0.99996567,3442
W6UD82,8.A.62,8.A.62,0.99997795,3446
O02109,8.A.63,8.A.63,0.9999908,3451
E6TG36,8.A.63,8.A.63,0.99998,3452
Q4UF74,8.A.65,8.A.65,0.999998,3458
V7PSH7,8.A.65,8.A.65,0.9999969,3459
Q9UPN3,8.A.66,1.W.9,0.06530214,3466
Q01082,8.A.66,1.W.9,0.065379106,3467
Q99220,8.A.67,8.A.67,0.9999926,3472
NP_001122097,8.A.68,8.A.68,0.9999807,3486
KAF7834676,8.A.68,8.A.68,0.99987006,3487
XP_020044853,8.A.68,8.A.68,0.9999937,3488
XP_022972624,8.A.68,8.A.68,0.99986446,3489
V9L7R9,8.A.69,8.A.69,0.99999905,3492
H1XXY9,8.A.7,8.A.7,0.99999404,3497
A1RZ61,8.A.7,8.A.7,0.99997747,3498
KND87996,8.A.70,8.A.70,0.99997604,3503
A9V5D8,8.A.70,8.A.70,0.99990284,3504
E3M513,8.A.71,8.A.71,0.9999993,3508
AIA09566,8.A.72,8.A.72,0.9999943,3511
G3AKL2,8.A.73,8.A.73,0.99997485,3520
P81450,8.A.73,8.A.73,0.9999765,3521
O14894,8.A.75,8.A.75,0.9999901,3526
P30408,8.A.75,8.A.75,0.99999,3527
M0ZJN1,8.A.76,8.A.76,0.99999166,3532
Q14TH3,8.A.77,8.A.77,0.9999974,3542
NP_080609,8.A.77,8.A.77,0.99999714,3543
P01057,8.A.77,8.A.77,0.99999666,3544
XP_054180400,8.A.78,8.A.78,0.99999905,3546
A2SGV2,8.A.79,1.W.9,0.06545863,3549
A1RZ60,8.A.8,8.A.8,0.99998975,3555
O50515,8.A.8,8.A.8,0.9999832,3556
P28783,8.A.81,1.W.9,0.06522268,3561
XP_055072748,8.A.83,8.A.83,0.9999976,3569
XP_017264102,8.A.83,8.A.83,0.99998975,3570
Q9BXS4,8.A.84,8.A.84,0.9999975,3574
NP_648847,8.A.88,8.A.88,0.99996996,3584
P30101,8.A.88,8.A.88,0.9999751,3585
AAH93062,8.A.88,8.A.88,0.9999927,3586
Q9VHX9,8.A.9,1.W.9,0.06522268,3592
Q5DDT5,8.A.9,1.W.9,0.06522268,3593
Q9BT76,8.A.90,8.A.90,0.99998236,3598
T2F9S8,8.A.90,8.A.90,0.9999802,3599
Q12846,8.A.91,8.A.91,0.9999596,3611
A0AVG3,8.A.91,8.A.91,0.99984765,3612
P93654,8.A.91,1.W.9,0.06522268,3613
G3X0R8,8.A.93,8.A.93,0.99999774,3620
Q9BZW5,8.A.93,8.A.93,0.99999845,3621
SBP60566,8.A.94,8.A.94,0.9999745,3626
Q7Z5L3,8.A.94,8.A.94,0.99998426,3627
P62258,8.A.98,1.W.9,0.06522268,3636
P61981,8.A.98,1.W.9,0.06522268,3637
V4QS44,8.A.98,1.W.9,0.06522268,3638
WP_026610930,8.A.99,8.A.99,0.9999752,3642
P45667,8.B.1,8.B.1,0.99993813,3656
P60266,8.B.1,8.B.1,0.99996614,3657
TKW02011,8.B.1,8.B.1,0.99998844,3658
AME17663,8.B.1,1.W.9,0.06544555,3659
P84919,8.B.11,8.B.11,0.99999833,3663
P86716,8.B.12,8.B.12,1.0,3668
XP_020356628,8.B.13,8.B.13,0.9999883,3675
O43291,8.B.13,8.B.13,0.9998641,3676
C3TS07,8.B.17,8.B.17,0.99999654,3683
B1B5I9,8.B.17,8.B.17,0.9999976,3684
C0HKG8,8.B.19,8.B.19,0.9999676,3693
P81790,8.B.19,8.B.19,0.9999918,3694
AED89561,8.B.23,1.C.74,0.90332925,3700
P81782,8.B.23,1.C.74,0.8822569,3701
G3CKQ5,8.B.25,8.B.25,0.99998486,3710
G8XTD4,8.B.25,8.B.25,0.99997306,3711
Q80KL8,8.B.25,8.B.25,0.9999827,3712
ATF27819,8.B.28,8.B.28,0.64769566,3720
AXL93751,8.B.28,8.B.4,0.5011118,3721
B1P1H2,8.B.3,8.B.5,0.9867964,3727
Q7YT39,8.B.3,8.B.5,0.8342715,3728
P55817,8.B.30,8.B.30,0.9999888,3731
Q09470,8.B.31,8.B.31,0.99999976,3732
P0CY81,8.B.32,8.B.32,0.99992526,3746
P0CAQ2,8.B.32,8.B.32,0.99952435,3747
P0C1X0,8.B.32,8.B.32,0.9999151,3748
P0C2C5,8.B.32,8.B.32,0.9997664,3749
P0C666,8.B.4,8.B.28,0.61571443,3763
ATF27565,8.B.4,8.B.28,0.6195419,3764
Q9BP53,8.B.4,8.B.28,0.6211223,3765
WEQ50348,8.B.4,8.B.28,0.62317383,3766
AKZ19080,8.B.42,8.B.42,0.9999944,3769
WP_125548623,8.B.43,8.B.43,0.9999919,3775
WP_137635425,8.B.43,8.B.43,0.9999908,3776
P56852,8.B.5,8.B.3,0.54336804,3785
P60590,8.B.5,8.B.5,0.72570497,3786
M5AY63,8.B.5,8.B.3,0.6292043,3787
B8XH25,8.B.7,8.B.7,0.99999905,3792
P0C194,8.B.8,8.B.8,0.99999225,3800
P0C8R1,8.B.8,8.B.8,0.9999839,3801
B0X6A3,8.B.9,1.W.9,0.06522268,3807
P48060,8.B.9,8.B.9,0.99999833,3808
XP_005472026,9.A.1,1.W.9,0.06522268,3815
X2JDY8,9.A.1,1.W.9,0.06522268,3816
Q9V9S0,9.A.16,9.A.16,0.9999925,3824
Q9UQV4,9.A.16,9.A.16,0.9999974,3825
Q986E2,9.A.18,9.A.18,0.9999939,3830
XP_044548243,9.A.19,9.A.19,0.9999659,3837
PYI33190,9.A.19,9.A.19,0.9999901,3838
Q9HVM8,9.A.21,9.A.21,0.99962735,3840
A9NFH9,9.A.23,9.A.23,0.9999993,3842
Q59Q40,9.A.26,9.A.26,0.99999917,3846
A4XHF2,9.A.28,9.A.28,0.99999416,3850
WP_093835186,9.A.32,9.A.32,0.9999733,3863
WP_173774957,9.A.32,9.A.32,0.9998785,3864
WP_090409123,9.A.32,9.A.32,0.99996257,3865
Q9KW03,9.A.33,9.A.33,0.9999995,3866
CAF0919544,9.A.35,9.A.35,0.9999875,3872
Q8I4H9,9.A.35,9.A.35,0.99998784,3873
Q9NRY6,9.A.36,9.A.36,0.9999839,3879
Q8IJH8,9.A.36,9.A.36,0.9999852,3880
Q1WF75,9.A.37,9.A.37,0.9999995,3881
S6A3A3,9.A.4,9.A.4,0.99947196,3887
Q73GS7,9.A.4,9.A.4,0.9999987,3888
KQJ85610,9.A.43,9.A.43,0.9999795,3901
Q8LPS2,9.A.43,9.A.43,0.9999932,3902
XP_015973699,9.A.43,9.A.43,0.9999827,3903
D4GQY8,9.A.45,9.A.45,0.9999949,3905
Q54NS7,9.A.49,9.A.49,0.9999752,3915
Q5CW48,9.A.49,9.A.49,0.9999956,3916
P53633,9.A.49,9.A.49,0.9999924,3917
D2YRH2,9.A.5,9.A.5,0.9999658,3923
P39379,9.A.5,9.A.5,0.99992883,3924
M1V9R7,9.A.54,9.A.54,0.9999939,3933
Q00X06,9.A.54,9.A.54,0.99999726,3934
Q68DH5,9.A.54,9.A.54,0.9999925,3935
Q12466,9.A.57,9.A.57,0.9999808,3945
P48231,9.A.57,9.A.57,0.9999813,3946
Q03640,9.A.57,9.A.57,0.99997973,3947
H1A8I6,9.A.59,9.A.59,0.99999976,3950
A0DG78,9.A.6,9.A.6,0.99992514,3952
I8AJB9,9.A.66,9.A.66,1.0,3955
WP_101143913,9.A.7,9.A.7,0.9999951,3961
WP_061080484,9.A.7,9.A.7,0.99999046,3962
P00505,9.A.70,9.A.70,1.0,3963
Q99445,9.A.71,9.A.71,1.0,3964
RJU95109,9.A.76,1.W.9,0.06546803,3974
KAE8977401,9.A.76,9.A.76,0.9999994,3975
RLT34927,9.A.76,1.W.9,0.06522268,3976
KAF4923135,9.A.78,9.A.78,0.9999982,3981
XP_002765820,9.A.79,9.A.79,0.99996305,3985
XP_011674862,9.A.80,9.A.80,0.999998,3990
NBO37220,9.A.81,9.A.81,0.9999975,3995
Q9HFE1,9.A.9,9.A.9,0.99999845,3997
E8XKQ3,9.B.100,9.B.100,1.0,3998
KMZ66701,9.B.103,9.B.103,0.9999987,4001
D8IUH5,9.B.108,9.B.108,0.99992085,4006
A3TJM9,9.B.108,9.B.108,0.9999958,4007
F0VLB1,9.B.11,9.B.11,0.99999833,4009
WP_042258648,9.B.110,9.B.110,0.99994934,4014
WP_121250785,9.B.111,9.B.111,0.97630197,4019
Q96PC5,9.B.113,9.B.113,0.5894327,4023
P0AFY2,9.B.114,9.B.114,0.99999905,4024
WP_124789456,9.B.116,9.B.116,0.9999945,4032
TFH37055,9.B.116,9.B.116,0.9999839,4033
WP_051287091,9.B.118,9.B.118,0.99997747,4038
WP_089971100,9.B.118,9.B.118,0.99997115,4039
Q8LPI6,9.B.119,9.B.119,0.99921024,4044
QIR82081,9.B.119,9.B.119,0.9999943,4045
Q07549,9.B.12,9.B.12,0.9999033,4055
P56508,9.B.12,9.B.12,0.9995517,4056
Q20516,9.B.12,9.B.12,0.99999,4057
SDO08619,9.B.120,9.B.120,0.9999926,4065
NYE48519,9.B.120,9.B.120,0.9999889,4066
Q82QI0,9.B.122,9.B.122,0.9999995,4071
C4M797,9.B.123,9.B.123,0.9999995,4076
F4QRL0,9.B.124,9.B.124,0.99998355,4087
B7MI53,9.B.124,9.B.124,0.99997544,4088
V4PBP8,9.B.124,9.B.124,0.99997234,4089
Q8PVB2,9.B.125,9.B.125,0.9999982,4093
R5HFF1,9.B.126,9.B.126,0.99999046,4105
Q72HC9,9.B.126,9.B.126,0.99997556,4106
AUZ87169,9.B.126,9.B.126,0.99999475,4107
WP_014620776,9.B.127,9.B.127,0.9999355,4112
P0A236,9.B.128,9.B.128,0.9999989,4116
K9HWE0,9.B.13,9.B.13,0.99999964,4120
U6J488,9.B.130,9.B.130,0.9987404,4129
M7B5M6,9.B.130,9.B.130,0.99995196,4130
O55100,9.B.130,9.B.130,0.9999378,4131
E7KKW7,9.B.132,9.B.132,0.99960893,4133
E4UA69,9.B.133,9.B.133,0.9999976,4137
I1L1Q2,9.B.134,9.B.134,0.99998164,4139
CDW76090,9.B.135,9.B.135,0.99997616,4152
Q9BWQ6,9.B.135,9.B.135,0.99991286,4153
P53108,9.B.135,9.B.135,0.9999783,4154
WP_013217642,9.B.136,9.B.136,0.99997866,4162
A8A9N6,9.B.136,9.B.136,0.99998033,4163
MQY02608,9.B.138,9.B.138,0.99999905,4167
H2GWS5,9.B.139,9.B.139,0.99999416,4175
E2S7A3,9.B.139,9.B.139,0.9999914,4176
C7TAQ3,9.B.141,9.B.141,0.9999981,4179
G0G9H5,9.B.145,9.B.145,0.99998915,4184
H0R417,9.B.145,9.B.145,0.99999344,4185
P0AC78,9.B.146,9.B.146,0.9999913,4192
ALM14264,9.B.146,9.B.146,0.99999857,4193
Q138B7,9.B.15,9.B.15,0.9999883,4203
D2S9V8,9.B.15,9.B.15,0.9999895,4204
Q6MHC6,9.B.15,9.B.15,0.99997354,4205
Q6MK65,9.B.150,9.B.150,0.9999976,4209
OHB97472,9.B.154,9.B.154,0.9999757,4219
AJM78027,9.B.154,9.B.154,0.9999745,4220
B1ZTG9,9.B.154,9.B.154,0.9999802,4221
Q58290,9.B.156,9.B.156,0.9999553,4228
I6ZUE8,9.B.156,9.B.156,0.99999976,4229
F2MU33,9.B.158,9.B.158,0.9999914,4232
D5EE66,9.B.160,9.B.160,0.9999924,4245
A4TZ39,9.B.160,9.B.160,0.99998975,4246
Q1MQG2,9.B.160,9.B.160,0.9999963,4247
P08550,9.B.160,9.B.160,0.9999846,4248
Q7UM60,9.B.163,9.B.163,0.99999166,4258
D5SYL6,9.B.163,9.B.163,0.9999908,4259
D5ST04,9.B.163,9.B.163,0.9999882,4260
E1THQ6,9.B.164,9.B.164,0.9999994,4263
Q94AL8,9.B.166,9.B.166,1.0,4264
A3UXB5,9.B.167,9.B.167,0.9999989,4267
D2QPR7,9.B.168,9.B.168,0.9999896,4270
B8FMP7,9.B.170,9.B.170,0.99997914,4276
Q1IUU0,9.B.170,9.B.170,0.9999981,4277
Q11WV5,9.B.172,9.B.172,0.99999833,4282
WP_156809393,9.B.174,9.B.174,0.99999714,4290
WP_088466477,9.B.174,1.W.9,0.06522268,4291
A6URJ2,9.B.176,9.B.176,0.9995703,4296
Q12VB2,9.B.176,9.B.176,0.99987805,4297
S9VAZ9,9.B.177,9.B.177,0.99998045,4299
WP_176323877,9.B.18,9.B.18,0.99998415,4307
P27830,9.B.18,9.B.18,0.9998677,4308
R8RPP1,9.B.182,9.B.182,0.9999542,4314
K0N7U5,9.B.182,9.B.182,0.9999789,4315
D1PQ73,9.B.183,9.B.183,0.9999913,4323
P71056,9.B.183,9.B.183,0.99999475,4324
C5CCA2,9.B.185,9.B.185,0.9999937,4330
D1CEH0,9.B.185,9.B.185,0.9999957,4331
Q9BVK6,9.B.188,9.B.188,0.9999907,4340
Q6NWI7,9.B.188,9.B.188,0.9999789,4341
A5KC26,9.B.19,9.B.19,0.9999968,4345
P48583,9.B.191,9.B.191,0.9999763,4355
A0Y0J1,9.B.191,9.B.191,0.9999789,4356
MBE0344742,9.B.191,9.B.191,0.99997425,4357
Q12016,9.B.199,9.B.199,0.9999809,4364
L1JGY1,9.B.199,9.B.199,0.999998,4365
SDF61091,9.B.20,9.B.20,0.99999046,4379
WP_002265438,9.B.20,9.B.20,0.9999894,4380
WP_020581537,9.B.20,9.B.20,0.9999877,4381
KKQ27895,9.B.20,9.B.20,0.9999919,4382
PIK57755,9.B.200,9.B.200,0.99999714,4386
C5GC38,9.B.203,9.B.203,0.99999964,4389
GET92160,9.B.204,9.B.204,0.9999982,4397
XP_002683027,9.B.204,9.B.204,0.99916744,4398
P32341,9.B.206,9.B.206,0.99998355,4405
W0T9B7,9.B.206,9.B.206,0.9999813,4406
W5L189,9.B.207,9.B.207,0.99999905,4408
Q07869,9.B.208,1.W.9,0.06432789,4414
Q13133,9.B.208,9.B.208,0.9944581,4415
Q7CJK3,9.B.209,9.B.209,0.9999945,4417
P27838,9.B.21,9.B.21,0.9997621,4420
WP_109489060,9.B.210,9.B.210,0.9999279,4432
OHE59509,9.B.210,9.B.210,0.99994946,4433
WP_044729301,9.B.210,9.B.210,0.99997604,4434
H0E5G9,9.B.211,9.B.211,0.9999937,4437
P04288,9.B.212,9.B.212,1.0,4438
A5H0X7,9.B.213,9.B.213,0.9999807,4442
WP_068761139,9.B.214,9.B.214,0.99499846,4453
WP_053485284,9.B.214,9.B.214,0.99999654,4454
WP_131276719,9.B.214,9.B.214,0.9999665,4455
M2XSV3,9.B.216,9.B.216,0.9999939,4460
Q9ASV5,9.B.216,9.B.216,0.9999708,4461
WP_014405681,9.B.218,9.B.218,0.9999926,4467
WP_062417086,9.B.218,9.B.218,0.99999964,4468
WP_081499969,9.B.221,9.B.221,0.9999957,4481
WP_028098897,9.B.221,9.B.221,0.99999356,4482
WP_119506911,9.B.221,9.B.221,0.9999863,4483
G9EP97,9.B.223,9.B.223,0.99999416,4493
AKM78687,9.B.223,9.B.223,0.99998856,4494
AKM78689,9.B.223,9.B.223,0.99998045,4495
WP_051394874,9.B.225,9.B.225,0.9999906,4503
A4SKX1,9.B.225,9.B.225,0.9999213,4504
C0VZJ6,9.B.226,9.B.226,0.99999046,4513
K9B2Q0,9.B.226,9.B.226,0.99998677,4514
WP_122820729,9.B.226,9.B.226,0.9999919,4515
Q4Q4P9,9.B.228,9.B.228,0.99999404,4520
KIO23915,9.B.228,9.B.228,0.99999595,4521
Q08693,9.B.229,9.B.229,0.8635331,4528
Q04609,9.B.229,9.B.229,0.9990858,4529
B9RCI8,9.B.23,9.B.23,0.99998844,4538
U5FWZ7,9.B.23,9.B.23,0.9999896,4539
K3XFH1,9.B.23,9.B.23,0.9999877,4540
D6RJM9,9.B.230,9.B.230,0.99999857,4544
Q8L638,9.B.231,9.B.231,0.9999927,4549
S8GD98,9.B.231,9.B.231,0.9999924,4550
Q22DH8,9.B.232,9.B.232,0.9999901,4559
Q4CPH8,9.B.232,9.B.232,0.99998736,4560
E9B152,9.B.232,9.B.232,0.9999914,4561
Q5YNM5,9.B.234,9.B.234,0.9999989,4564
AHB41346,9.B.237,9.B.237,0.9999943,4569
SEG41633,9.B.237,9.B.237,0.9999963,4570
KKR67229,9.B.239,9.B.239,0.9999974,4574
WP_073151285,9.B.241,9.B.241,0.99998987,4583
KKK45936,9.B.241,9.B.241,0.9999989,4584
PIR56717,9.B.243,9.B.243,0.98248625,4586
MBQ1273715,9.B.245,9.B.245,0.9999993,4589
WP_012020642,9.B.248,9.B.248,0.99995315,4594
WP_049954298,9.B.248,9.B.248,0.9999454,4595
WP_038794236,9.B.250,9.B.250,0.9999974,4600
WP_081449648,9.B.254,9.B.254,0.9999981,4604
A5JZU0,9.B.26,9.B.26,0.999979,4610
A2EH91,9.B.26,9.B.26,0.99995553,4611
WP_103344802,9.B.261,9.B.261,0.99999917,4613
PIE62953,9.B.263,9.B.263,0.9999869,4622
RZD16788,9.B.263,9.B.263,0.9999975,4623
WP_017304407,9.B.265,9.B.265,0.9999968,4629
PIQ25652,9.B.265,1.W.9,0.06522268,4630
WP_102961726,9.B.273,9.B.273,0.9995347,4632
P37659,9.B.275,9.B.275,1.0,4633
G0QX98,9.B.276,9.B.276,1.0,4635
Q14118,9.B.277,9.B.277,1.0,4636
OUC06354,9.B.286,9.B.286,0.99999774,4641
NP_081084,9.B.287,9.B.287,0.9999982,4646
NIQ06385,9.B.296,9.B.296,0.9999969,4650
WP_050765824,9.B.297,9.B.297,0.9999753,4663
TWJ13789,9.B.297,9.B.297,0.9999722,4664
PAW60084,9.B.297,9.B.297,0.99982953,4665
WP_332355618,9.B.297,9.B.297,0.99997723,4666
WP_044035693,9.B.299,9.B.299,0.9982774,4669
WP_006828861,9.B.300,9.B.300,0.99998593,4672
RJQ44302,9.B.301,9.B.301,0.99998856,4675
WP_069909221,9.B.302,9.B.302,0.9999964,4680
WP_069116643,9.B.302,9.B.302,0.9999982,4681
YP_294138,9.B.309,9.B.309,0.99999595,4686
Q45064,9.B.31,9.B.31,0.9999993,4688
WP_018247222,9.B.310,9.B.310,0.99998236,4692
XP_012651217,9.B.314,9.B.314,0.9999981,4699
GBE61450,9.B.314,9.B.314,0.99999464,4700
P47026,9.B.315,9.B.315,0.9999099,4705
OEH80241,9.B.315,9.B.315,0.99999356,4706
XP_007269378,9.B.316,9.B.316,0.99998987,4710
CDW55652,9.B.317,9.B.317,0.99999475,4717
RCN37802,9.B.317,9.B.317,0.999998,4718
Q0K0R7,9.B.32,9.B.32,0.99999666,4724
C7RSB7,9.B.32,9.B.32,0.99996734,4725
Q97YM6,9.B.323,9.B.323,0.9999974,4732
TXT58066,9.B.323,9.B.323,0.99999595,4733
XP_014717418,9.B.329,9.B.329,0.9999771,4738
XP_008709693,9.B.329,9.B.329,0.99997854,4739
OPY34595,9.B.33,9.B.33,0.99999666,4744
WP_141687139,9.B.33,9.B.33,0.99999404,4745
OPY17395,9.B.331,9.B.331,0.99999475,4750
WP_011249992,9.B.333,9.B.333,1.0,4754
WP_128121392,9.B.34,9.B.34,0.9999877,4761
EHB50236,9.B.34,9.B.34,0.9999777,4762
OLS16511,9.B.349,9.B.349,0.9999863,4770
PWI46967,9.B.349,9.B.349,0.9999757,4771
F7ZL37,9.B.35,9.B.35,0.99999857,4776
YP_009042119,9.B.350,9.B.350,0.99998987,4780
XP_016890459,9.B.360,9.B.360,0.99999785,4787
XP_015767335,9.B.360,9.B.360,0.99999595,4788
TTE66793,9.B.362,1.W.9,0.06586096,4794
TGZ58939,9.B.362,9.B.362,0.99998844,4795
XP_025610126,9.B.363,9.B.363,0.99999774,4800
PIN75864,9.B.363,9.B.363,0.99996376,4801
XP_028885247,9.B.366,9.B.366,0.9999857,4806
OLP91653,9.B.366,9.B.366,0.9999964,4807
XP_014528649,9.B.368,9.B.368,0.99999154,4815
CBN75028,9.B.368,9.B.368,0.9999981,4816
VEL21795,9.B.369,9.B.369,0.99999666,4821
VZI30569,9.B.369,9.B.369,0.9999939,4822
WP_148791740,9.B.370,9.B.370,0.9999908,4831
WP_066759509,9.B.370,9.B.370,0.99998677,4832
WP_163572643,9.B.370,9.B.370,0.99999607,4833
WP_132849460,9.B.371,9.B.371,0.97394603,4845
WP_143505982,9.B.371,1.W.9,0.06538852,4846
WP_119313807,9.B.371,1.W.9,0.06522268,4847
AIA62279,9.B.375,9.B.375,0.99999964,4849
AVP78050,9.B.376,9.B.376,0.99999905,4852
AWH65912,9.B.378,9.B.378,0.9999832,4855
YP_001039965,9.B.379,9.B.379,0.99999523,4858
A0E9B5,9.B.38,1.W.9,0.06522268,4863
VFS91205,9.B.381,9.B.381,0.9999734,4868
OAT24401,9.B.381,9.B.381,0.9999633,4869
WP_144901851,9.B.382,9.B.382,0.9999906,4872
WP_123670180,9.B.383,9.B.383,0.9999956,4875
KAF0742818,9.B.385,9.B.385,0.9999974,4880
OGO15652,9.B.386,9.B.386,0.9999993,4885
WP_075072024,9.B.386,9.B.386,0.99999845,4886
AOV16085,9.B.398,9.B.398,0.9999982,4891
NEV64173,9.B.398,9.B.398,0.9999993,4892
P0A8S5,9.B.4,9.B.4,1.0,4893
WP_061358437,9.B.40,9.B.40,0.9999974,4897
WP_147581693,9.B.401,9.B.401,0.99999654,4901
OLS18358,9.B.402,9.B.402,0.99999976,4904
WP_139066557,9.B.404,9.B.404,0.9999988,4908
PNY01650,9.B.405,9.B.405,0.9999945,4912
MEM0111568,9.B.408,9.B.408,0.9999864,4919
GAK50019,9.B.408,9.B.408,0.9999757,4920
XP_001611203,9.B.409,9.B.409,0.9999813,4927
XP_001609170,9.B.409,9.B.409,0.9999981,4928
Q8N4S9,9.B.41,9.B.41,0.99997807,4933
H9H2J6,9.B.41,9.B.41,0.9999938,4934
B6DUB3,9.B.410,9.B.410,0.9999341,4941
P16743,9.B.410,9.B.410,0.99999344,4942
KPM02837,9.B.411,9.B.411,0.9999976,4947
XP_031425709,9.B.413,9.B.413,0.99999833,4950
WP_107360976,9.B.415,9.B.415,0.99992096,4955
WP_085622568,9.B.415,9.B.415,0.9999994,4956
WP_157897187,9.B.418,9.B.418,0.99999356,4962
KAF4589549,9.B.418,9.B.418,0.99962294,4963
CAF1434434,9.B.422,9.B.422,0.9999341,4972
XP_021346624,9.B.422,9.B.422,0.99994314,4973
XP_009021174,9.B.422,9.B.422,0.99996185,4974
P40126,9.B.423,9.B.423,0.9999987,4977
WP_050659402,9.B.429,9.B.429,0.99997985,4981
Q0EZ69,9.B.43,9.B.43,1.0,4985
MBP2646560,9.B.430,9.B.430,0.99999523,4990
MPZ73731,9.B.430,9.B.430,0.99997306,4991
AHL30243,9.B.432,9.B.432,0.99999535,4998
KPJ06551,9.B.432,9.B.432,0.870932,4999
O00264,9.B.433,9.B.433,0.99998546,5004
XP_017077840,9.B.433,9.B.433,0.9999876,5005
XP_021391155,9.B.434,9.B.434,0.99999976,5008
CAD7941936,9.B.440,9.B.440,0.99999344,5015
XP_011131634,9.B.440,9.B.440,0.9999813,5016
MPZ51052,9.B.443,9.B.443,0.99991524,5024
WP_018894818,9.B.443,1.W.9,0.065496504,5025
AHG20698,9.B.444,9.B.444,0.9999484,5030
KAG7278781,9.B.445,9.B.445,0.9999982,5040
KAG7219423,9.B.445,9.B.445,0.9998933,5041
XP_012821900,9.B.445,9.B.445,0.99999607,5042
XP_020261152,9.B.446,9.B.446,0.9999981,5048
MCO5232536,9.B.446,9.B.446,0.99999917,5049
KAJ6224412,9.B.447,9.B.447,0.9999964,5054
MAD56197,9.B.450,9.B.450,0.9999974,5057
XP_020357351,9.B.452,9.B.452,1.0,5061
SVE85553,9.B.453,9.B.453,0.9690146,5070
XP_002738061,9.B.453,9.B.453,0.9999857,5071
XP_005764538,9.B.456,9.B.456,0.9999876,5076
XP_004341655,9.B.457,9.B.457,0.9999969,5081
XP_056038692,9.B.459,9.B.459,0.9999999,5085
Q8NVK5,9.B.46,9.B.46,1.0,5086
O00244,9.B.462,9.B.462,0.9999912,5091
Q72TA0,9.B.50,9.B.50,0.9999975,5100
F7NHB4,9.B.50,9.B.50,0.9999864,5101
A8IKM0,9.B.51,9.B.51,0.99999154,5109
A8J7Z7,9.B.51,9.B.51,0.9999914,5110
I4EGF2,9.B.54,9.B.54,0.9998671,5115
B3S9N4,9.B.55,9.B.55,0.99999833,5120
OAJ10018,9.B.57,9.B.57,0.9999994,5125
Q8WVF1,9.B.68,9.B.68,1.0,5126
P75028,9.B.73,9.B.73,0.99906915,5128
P23157,9.B.75,1.W.9,0.06579765,5132
Q3C2E8,9.B.76,9.B.76,1.0,5133
ORY52361,9.B.77,9.B.77,0.99999,5138
PWU93445,9.B.77,9.B.77,0.99999654,5139
A0CS82,9.B.82,9.B.82,0.9999982,5144
A4HCA2,9.B.82,9.B.82,0.99999833,5145
Q9RFR9,9.B.83,9.B.83,1.0,5146
M1EV50,9.B.88,9.B.88,0.9998945,5149
WP_011390608,9.B.90,9.B.90,0.9999907,5155
WP_092927329,9.B.90,9.B.90,0.99999654,5156
Q9BSG5,9.B.92,9.B.92,0.99999607,5161
K7E4M5,9.B.92,9.B.92,0.99999964,5162
WP_138772272,9.B.98,9.B.98,0.9999913,5171
P37873,9.B.98,9.B.98,0.99997497,5172
